code,name,country,city
AAA,Anaa,PF,
AAB,Arrabury Airport,AU,Tanbar
AAC,El Arish International Airport,EG,Arish
AAD,Adado Airport,SO,Adado
AAE,Les Salines Airport,DZ,El Hadjar
AAF,Apalachicola Regional,US,Apalachicola
AAG,Arapoti,BR,Jaguariaiva
AAH,Aachen/Merzbruck,DE,
AAI,Arraias,BR,Campos Belos
AAJ,Cayana Airstrip,SR,Kajana
AAK,Aranuka,KI,
AAL,Aalborg Airport,DK,Vadum
AAM,Mala Mala,ZA,
AAN,Al Ain Airport,AE,
AAO,Anaco,VE,Anaco
AAP,Aji Pangeran Tumenggung Pranoto International Airport,ID,
AAQ,Anapa Airport,RU,Anapa
AAR,Aarhus Airport,DK,Ebeltoft
AAS,Apalapsili,ID,
AAT,Altay Airport,CN,Awiytan
AAU,Asau,WS,Asau
AAV,Allah Valley,PH,Surallah
AAW,Abbottabad,PK,Abbottabad
AAX,Araxa Airport,BR,Araxa
AAY,Al Ghaydah,YE,Al Ghayzah
AAZ,Quetzaltenango,GT,Olintepeque
ABA,Abakan Airport,RU,Podsineye
ABB,Asaba International Airport,NG,Asaba
ABC,Los Llanos,ES,
ABD,Abadan Airport,IR,Abadan
ABE,Lehigh Valley International Airport,US,Catasauqua
ABF,Abaiang,KI,Buota Village
ABG,Abingdon,AU,
ABH,Alpha,AU,
ABI,Abilene Regional Airport,US,
ABJ,Felix Houphouet Boigny Airport,CI,Abidjan
ABK,Kabri Dar,ET,
ABL,Ambler Airport,US,
ABM,Northern Peninsula Airport,AU,
ABN,Albina,SR,
ABO,Aboisso,CI,Aboisso
ABP,Atkamba,PG,
ABQ,Albuquerque International Sunport,US,Albuquerque
ABR,Aberdeen Municipal Airport,US,Aberdeen
ABS,Abu Simbel,EG,
ABT,Al-Aqiq Airport,SA,Al Bahah
ABU,Haliwen Airport,ID,Atambua
ABV,Nnamdi Azikiwe International Airport,NG,Madala
ABW,Abau,PG,
ABX,Albury Airport,AU,East Albury
ABY,Southwest Georgia Regional Airport,US,
ABZ,Aberdeen International Airport,GB,Dyce
ACA,Acapulco International Airport,MX,10 de Abril
ACB,Antrim County,US,Bellaire
ACC,Kotoka International Airport,GH,Accra
ACD,Acandi,CO,
ACE,Lanzarote Airport,ES,Tias
ACF,Alaer Talimu Airport,CN,Aral
ACH,Altenrhein Airport,CH,Rheineck
ACI,Alderney Airport,GB,Beaumont-Hague
ACJ,Anuradhapura,LK,Anuradhapura
ACK,Nantucket Memorial Airport,US,Nantucket
ACL,Aguaclara,CO,Sabanalarga
ACM,Arica,CO,Pebas
ACN,International,MX,
ACO,Cobano Airport,CR,Cobano
ACP,Sahand,IR,Bonab
ACR,Araracuara,CO,
ACS,Achinsk,RU,Achinsk
ACT,Waco Municipal Airport,US,Gholson
ACU,Achutupo,PA,Portobelo
ACV,Arcata-Eureka Airport,US,McKinleyville
ACX,Xingyi Airport,CN,Xinzhou
ACY,Atlantic City International Airport,US,Pomona
ACZ,Zabol Airport,IR,Zabol
ADA,Adana Airport,TR,Seyhan
ADB,Izmir Adnan Menderes Airport,TR,
ADC,Andakombe,PG,
ADD,Addis Ababa Bole International Airport,ET,Addis Ababa
ADE,International,YE,Khawr Maksar
ADF,Adiyaman Airport,TR,Adiyaman
ADG,Lenawee County,US,Adrian
ADH,Aldan,RU,Aldan
ADI,Arandis,NA,Arandis
ADJ,Marka International Airport,JO,Amman
ADK,Adak Island Ns,US,
ADL,Adelaide Airport,AU,Plympton
ADM,Ardmore Municipal Airport,US,Dickson
ADN,Andes,CO,Los Andes
ADO,Andamooka,AU,
ADP,Ampara,LK,
ADQ,Kodiak Benny Benson State Airport,US,
ADR,Andrews,US,Andrews
ADS,Addison Airport,US,Haltom City
ADT,Ada Municipal,US,Ada
ADU,Ardabil Airport,IR,Namin
ADV,El Daein,SD,El Daein
ADW,Andrews AFB,US,Andrews AFB
ADX,Leuchars,GB,Leuchars
ADY,Alldays,ZA,
ADZ,Gustavo Rojas Pinilla Airport,CO,San Andres
AEA,Abemama Atoll,KI,
AEB,Youjiang,CN,Tianzhou
AED,Aleneva,US,
AEE,Adareil Airport,SS,
AEG,Aek Godang,ID,Padangsidempuan
AEH,Abéché,TD,Abeche
AEI,Algeciras,ES,Algeciras
AEK,Aseki,PG,
AEL,Albert Lea,US,Albert Lea
AEM,Amgu,RU,
AEO,Aioun El Atrouss,MR,
AEP,Jorge Newbery Airport,AR,Colegiales
AEQ,Ar Horqin Airport,CN,Tianshan
AER,Sochi International Airport,RU,Orel-Izumrud
AES,Vigra Alesund Airport,NO,Valderoy
AET,Allakaket,US,
AEU,Abu Musa,IR,
AEX,Alexandria International Airport,US,Alexandria
AEY,Akureyri Airport,IS,Akureyri
AFA,San Rafael Airport,AR,San Rafael
AFD,Port Alfred,ZA,
AFF,USAF Academy Airstrip,US,Cimarron Hills
AFI,Amalfi,CO,Amalfi
AFK,Ampara Kondavattavan Tank Airport,LK,Ampara
AFL,Alta Floresta Airport,BR,
AFN,Municipal,US,Jaffrey
AFO,Municipal,US,Afton
AFR,Afore,PG,
AFS,Zarafshan,UZ,Tomdibuloq
AFT,Afutara Aerodrome,SB,
AFW,Fort Worth Alliance Airport,US,Haslet
AFY,Afyon,TR,Afyonkarahisar
AFZ,Sabzevar,IR,Sabzevar
AGA,Agadir Al Massira Airport,MA,Inezgane
AGB,Augsburg Airport,DE,Rehling
AGC,Allegheny County Airport,US,Pleasant Hills
AGD,Anggi,ID,Warmare
AGE,Flugplatz,DE,Wangerooge
AGF,La Garenne Airport,FR,Le Passage
AGG,Angoram,PG,
AGH,Angelholm Helsingborg Airport,SE,
AGI,Wageningen,SR,Wageningen
AGJ,Aguni,JP,
AGK,Kagua,PG,
AGL,Wanigela,PG,
AGM,Tasiilaq,GL,
AGN,Angoon,US,
AGO,Municipal,US,Magnolia
AGP,Malaga Airport,ES,
AGQ,Agrinion,GR,Dhokimion
AGR,Kheria,IN,Agra
AGS,Augusta Regional Airport,US,
AGT,Alejo Garcia Airport,PY,Colonia Yguazu
AGU,Aguascalients International Airport,MX,Penuelas (El Cienegal)
AGV,Acarigua,VE,Araure
AGW,Agnew,AU,
AGX,Agatti Island Airport,IN,Kavaratti
AGZ,Aggeneys,ZA,Pofadder
AHA,Naha AFB,JP,
AHB,Abha Regional Airport,SA,
AHC,Amedee AAF,US,Janesville
AHD,Downtown,US,Ardmore
AHE,Ahe Airport,PF,
AHF,Municipal,US,Arapahoe
AHG,Agalega Island Airstrip,MU,
AHH,Municipal,US,Amery
AHI,Amahai,ID,Amahai
AHJ,Hongyuan Airport,CN,Qiongxi
AHL,Aishalton,GY,
AHM,Sumner Parker Field,US,Ashland
AHN,Athens-Ben Epps,US,Winterville
AHO,Alghero-Fertilia Airport,IT,Alghero
AHS,Ahuas,HN,Wawina
AHU,Charif Al Idrissi Airport,MA,Imzourene
AHW,Saih Rawl,OM,
AHY,Ambatolahy,MG,
AHZ,Alpe D Huez,FR,Huez
AIA,Alliance Airport,US,Alliance
AIC,Airok,MH,
AID,Municipal,US,Anderson
AIE,Aiome,PG,
AIF,Assis,BR,Assis
AIG,Yalinga,CF,
AIH,Aiambak,PG,
AII,Alisabieh,DJ,'Ali Sabieh
AIK,Municipal,US,Aiken
AIL,Ailigandi,PA,Ailigandi
AIM,Ailuk Island,MH,
AIN,Wainwright,US,
AIO,Municipal,US,Atlantic
AIP,Ailinglapalap Island,MH,
AIR,Aripuana,BR,
AIS,Arorae Island,KI,Kulia Village
AIT,Aitutaki Airport,CK,
AIU,Atiu Island,CK,
AIV,George Downer,US,Aliceville
AIW,Ai-ais,NA,
AIY,Bader Field,US,
AIZ,Lee C Fine Memorial,US,
AJA,Ajaccio Napoleon Bonaparte Airport,FR,Ajaccio
AJF,Jouf Airport,SA,Sakaka
AJI,Agri Airport,TR,Hamur
AJJ,Akjoujt,MR,Akjoujt
AJK,Araak,IR,Arak
AJL,Aizawl Airport,IN,Sairang
AJN,Ouani,KM,Ouani
AJR,Arvidsjaur Airport,SE,Arvidsjaur
AJS,Abreojos,MX,Bahia Asuncion
AJU,Aracaju Airport,BR,Aracaju
AJY,Agades,NE,Agadez
AKA,Ankang,CN,Ankang
AKB,Atka,US,
AKC,Fulton International,US,Sawyerwood
AKD,Akola,IN,Akola
AKE,Akieni,GA,
AKF,Kufrah,LY,Al Jawf
AKG,Anguganak,PG,
AKH,Prince Sultan Air Base,SA,Ad Dilam
AKI,Akiak,US,
AKJ,Asahikawa Airport,JP,Asahikawa
AKK,Akhiok SPB,US,
AKL,Auckland Airport,NZ,Mangere
AKM,Zakouma,TD,
AKN,King Salmon Airport,US,
AKO,Colorado Plains Regional Airport,US,Akron
AKP,Anaktuvuk,US,
AKQ,Gunung Batin,ID,Menggala
AKR,Akure,NG,Owena
AKS,Gwaunaru'u,SB,
AKT,Raf Akrotiri,CY,Kolossi
AKU,Aksu Airport,CN,
AKV,Akulivik,CA,
AKW,Aghajari,IR,Omidiyeh
AKX,Aktyubinsk Airport,KZ,Aqtobe
AKY,Civil Airport,MM,
ALA,Almaty Airport,KZ,Pervomayskiy
ALB,Albany International Airport,US,Colonie
ALC,Alicante-Elche Airport,ES,
ALD,Alerta,PE,
ALE,Alpine,US,Alpine
ALF,Alta Airport,NO,Alta
ALG,Houari Boumediene Airport,DZ,Dar el Beida
ALH,Albany Airport,AU,Albany
ALI,International,US,Alice
ALJ,Alexander Bay Airport,ZA,
ALK,Asela,ET,Huruta
ALL,Albenga,IT,Albenga
ALM,Municipal,US,Boles Acres
ALN,Alton,US,Bethalto
ALO,Waterloo Airport,US,Cedar Falls
ALP,Nejrab,SY,Aleppo
ALQ,Federal,BR,Alegrete
ALR,Alexandra,NZ,
ALS,Alamosa Municipal Airport,US,Alamosa
ALT,Alenquer,BR,Alenquer
ALU,Alula,SO,Bereeda
ALW,Walla Walla Airport,US,Walla Walla East
ALX,Thomas C Russell Field,US,Alexander City
ALY,El Nohza,EG,
ALZ,Alitak SPB,US,
AMA,Rick Husband Amarillo International Airport,US,
AMB,Ambilobe,MG,Ambilobe
AMC,Am Timan,TD,Am Timan
AMD,Ahmedabad Airport,IN,Naroda
AME,Alto Molocue,MZ,
AMF,Ama,PG,
AMG,Amboin,PG,
AMH,Arba Mintch Airport,ET,Arba Minch'
AMI,Selaparang,ID,Mataram
AMJ,Almenara,BR,Almenara
AMK,Animas Airpark,US,
AML,Puerto Armuellas,PA,Puerto Armuelles
AMM,Queen Alia International Airport,JO,Al Jizah
AMN,Gratiot Community,US,Alma
AMO,Mao,TD,Mao
AMP,Ampanihy,MG,Ampanihy
AMQ,Pattimura Airport,ID,Amahusu
AMR,Arno,MH,
AMS,Amsterdam Airport Schiphol,NL,Aalsmeer
AMT,Amata,AU,
AMU,Amanab,PG,
AMV,Amderma,RU,Vorgashor
AMW,Ames,US,Ames
AMX,Ammaroo,AU,
AMY,Ambatomainty,MG,
AMZ,Ardmore,NZ,Red Hill
ANA,John Wayne International,US,Anaheim
ANB,Anniston Metropolitan,US,Oxford
ANC,Ted Stevens Anchorage International Airport,US,
AND,Anderson,US,Centerville
ANE,Angers-Marce Airport,FR,
ANF,Cerro Moreno International Airport,CL,Antofagasta
ANG,Brie-Champniers,FR,Champniers
ANH,Anuha Island Resort,SB,
ANI,Aniak Airport,US,
ANJ,Zanaga,CG,
ANK,Etimesgut,TR,Batikent
ANL,Andulo,AO,Camacupa
ANM,Antsirabato,MG,Antalaha
ANN,Annette Island,US,
ANO,Angoche,MZ,
ANP,Lee,US,Annapolis
ANQ,Tri-State Steuben County,US,Angola
ANR,Antwerp International Airport,BE,Mortsel
ANS,Andahuaylas,PE,San Jeronimo
ANT,St Anton,AT,Sankt Anton am Arlberg
ANU,V.C. Bird International Airport,AG,Parham
ANV,Anvik Airport,US,
ANW,Ainsworth,US,Ainsworth
ANX,Andenes Airport,NO,Andenes
ANY,Anthony,US,Anthony
ANZ,Angus Downs,AU,
AOA,Aroa,PG,
AOB,Annanberg,PG,
AOC,Altenburg Nobitz,DE,Altenburg
AOD,Abou Deia,TD,
AOE,Anadolu University,TR,
AOG,Anshan Teng'ao Airport,CN,Anshan
AOH,Allen County,US,Lima
AOI,Ancona Falconara Airport,IT,Falconara Marittima
AOJ,Aomori Airport,JP,
AOK,Karpathos Airport,GR,Karpathos
AOL,Paso De Los Libres,AR,Paso de los Libres
AOM,Adam Airport,OM,
AON,Arona,PG,
AOO,Altoona Airport,US,Martinsburg
AOP,Alferez FAP Alfredo Vladimir Sara Bauer Airport,PE,Alianza Cristiana
AOR,Sultan Abdul Halim Airport,MY,Jitra
AOS,Amook,US,
AOT,Corrado Gex,IT,Chef-Lieu
AOU,Attopeu,LA,Attapu
APA,Centennial Airport,US,
APB,Apolo,BO,Mapiri
APC,Napa County,US,American Canyon
APD,Arung Palakka Airport,ID,
APE,San Juan Aposento,PE,
APF,Naples Municipal Airport,US,Naples
APG,Phillips AAF,US,Aberdeen
APH,Camp A P Hill,US,Bowling Green
API,Apiay,CO,Puerto Lopez
APJ,Ngari Burang Airport,CN,Burang
APK,Apataki,PF,
APL,Nampula Airport,MZ,Nampula
APN,Alpena County Regional Airport,US,Alpena
APO,Apartado Airport,CO,Carepa
APP,Asapa,PG,
APQ,Arapiraca,BR,Arapiraca
APR,April River,PG,
APS,Anapolis,BR,Anapolis
APT,Marion County,US,Powells Crossroads
APU,Apucarana,BR,
APV,Apple Valley,US,Apple Valley
APW,Faleolo Airport,WS,Satapuala
APX,Arapongas,BR,Apucarana
APY,Alto Parnaiba,BR,Morros
APZ,Zapala,AR,Zapala
AQA,Araraquara,BR,Araraquara
AQB,Quiche Airport,GT,Santa Cruz del Quiche
AQG,Anqing Tianzhushan Airport,CN,Anqing
AQI,Qaisumah Airport,SA,Al Qaysumah
AQJ,King Hussein International Airport,JO,Aqaba
AQM,Ariquemes,BR,Ariquemes
AQP,Rodriguez Ballon International Airport,PE,Arequipa
AQS,Saqani,FJ,
AQY,Alyeska,US,
ARA,Acadiana Regional,US,Cade
ARB,Municipal,US,Ann Arbor
ARC,Arctic Village,US,
ARD,Alor Island Airport,ID,Sifala
ARE,Arecibo,PR,Bajadero
ARF,Acaricuara,CO,
ARG,Walnut Ridge,US,Walnut Ridge
ARH,Talagi Airport,RU,Arkhangel'sk
ARI,Chacalluta Airport,CL,Arica
ARJ,Arso,ID,Arso
ARK,Arusha Airport,TZ,Arusha
ARL,Arly,BF,
ARM,Armidale Airport,AU,Armidale
ARN,Stockholm Arlanda Airport,SE,Marsta
ARO,Arboletas,CO,Arboletes
ARP,Aragip,PG,
ARQ,Arauquita,CO,Arauquita
ARR,Alto Rio Senguerr,AR,Alto Rio Senguer
ARS,Aragarcas,BR,Aragarcas
ART,Watertown Airport,US,Dexter
ARU,Aracatuba Airport,BR,Aracatuba
ARV,Noble F. Lee,US,Lac du Flambeau
ARW,Arad,RO,Arad
ARX,Asbury Park,US,Shark River Hills
ARY,Ararat,AU,Ararat
ARZ,N'zeto,AO,
ASA,Assab International,ER,
ASB,Ashgabat Airport,TM,Ashgabat
ASC,Ascension,BO,
ASD,Andros Town,BS,
ASE,Aspen Airport,US,Aspen
ASF,Astrakhan Airport,RU,Yaksatovo
ASG,Ashburton,NZ,Ashburton
ASH,Boire Field,US,Nashua
ASI,Saint Helena Airport,SH,
ASJ,Amami Airport,JP,
ASK,Yamoussoukro,CI,Yamoussoukro
ASL,Harrison County,US,Marshall
ASM,Asmara International Airport,ER,Asmara
ASN,Talladega,US,Talladega
ASO,Asosa Airport,ET,
ASP,Alice Springs Airport,AU,
ASQ,Austin,US,
ASR,Kayseri Airport,TR,Kayseri
ASS,Arathusa Safari Lodge,ZA,
AST,Astoria,US,Warrenton
ASU,Silvio Pettirossi International Airport,PY,Limpio
ASV,Amboseli,KE,Namanga
ASW,Aswan Airport,EG,Aswan
ASX,Ashland,US,Ashland
ASY,Ashley,US,Ashley
ASZ,Asirim,PG,
ATA,Anta,PE,Anta
ATB,Atbara,SD,Atbara
ATC,Arthur's Town,BS,
ATD,Atoifi,SB,
ATE,Antlers,US,Antlers
ATF,Chachoan,EC,San Miguel de Salcedo
ATG,Attock,PK,Akora
ATH,Eleftherios Venizelos International Airport,GR,Spata
ATI,Artigas,UY,Artigas
ATJ,Antsirabe,MG,Antsirabe
ATK,Atqasuk Edward Burnell Sr. Memorial Airport,US,
ATL,Hartsfield-Jackson Atlanta International Airport,US,Atlanta
ATM,Altamira Airport,BR,Altamira
ATN,Namatanai,PG,
ATO,Ohio University,US,Athens
ATP,Airstrip,PG,
ATQ,Sri Guru Ram Dass Jee International Airport,IN,Raja Sansi
ATR,Mouakchott,MR,Atar
ATS,Artesia,US,Artesia
ATT,Atmautluak Airport,US,
ATU,Casco Cove,US,
ATV,Ati,TD,Ati
ATW,Outagamie County Regional Airport,US,Menasha
ATX,Atbasar,KZ,Atbasar
ATY,Watertown Airport,US,Watertown
ATZ,Assiut Airport,EG,Asyut
AUA,Reina Beatrix International Airport,AW,Oranjestad
AUB,Itauba Airport,BR,Itauba
AUC,Arauca Airport,CO,Arauca
AUD,Augustus Downs,AU,
AUE,Abu Rudeis,EG,
AUF,Auxerre Branches,FR,Appoigny
AUG,Augusta Airport,US,Augusta
AUH,Abu Dhabi International Airport,AE,
AUI,Aua Island,PG,
AUJ,Ambunti,PG,
AUK,Alakanuk Airport,US,
AUL,Aur Island,MH,Aur
AUM,Austin,US,Austin
AUN,Auburn,US,Auburn
AUO,Auburn-Opelika,US,Auburn
AUP,Agaun,PG,
AUQ,Hiva Oa Airport,PF,
AUR,Aurillac Airport,FR,Aurillac
AUS,Austin-Bergstrom International Airport,US,Hornsby Bend
AUT,Atauro,ID,
AUU,Aurukun Mission,AU,
AUV,Aumo,PG,
AUW,Municipal,US,Schofield
AUX,Araguaina Airport,BR,Araguaina
AUY,Aneityum,VU,
AUZ,Municipal Airport,US,Aurora
AVA,An Shun/Huang Guo Shu Airport,CN,Anshun
AVB,Aviano,IT,Roveredo in Piano
AVG,Auvergne,AU,
AVI,Maximo Gomez,CU,Ciro Redondo
AVK,Arvaikheer,MN,Arvayheer
AVL,Asheville Regional Airport,US,Fletcher
AVN,Avignon-Caumont Airport,FR,Noves
AVO,Municipal,US,Avon Park
AVP,Wilkes-Barre/Scranton International Airport,US,Avoca
AVR,Alverca,PT,Sobralinho
AVU,Avu Avu,SB,
AVV,Avalon Airport,AU,Little River
AVW,Avra Valley,US,Marana
AVX,Avalon Bay,US,
AWA,Awassa,ET,Hawassa
AWB,Awaba Airport,PG,Awaba
AWD,Aniwa,VU,
AWE,Alowe,GA,
AWK,Wake Island,UM,
AWM,Municipal,US,West Memphis
AWN,Alton Downs,AU,
AWP,Austral Downs Airport,AU,
AWR,Awar,PG,
AWZ,Ahwaz Airport,IR,Ahvaz
AXA,Clayton J. Lloyd International Airport,AI,The Valley
AXB,Alexandria Bay,US,Alexandria Bay
AXC,Aramac,AU,
AXD,Demokritos Airport,GR,Alexandroupoli
AXE,Xanxere,BR,Xanxere
AXF,Alxa Left Banner,CN,Bayan Hot
AXG,Algona,US,Algona
AXJ,Amakusa,JP,Hondo
AXK,Ataq,YE,
AXL,Alexandria,AU,
AXM,El Eden Airport,CO,La Tebaida
AXN,Alexandria,US,Alexandria
AXO,Bandar Udara Pantar,ID,Pantar
AXP,Springpoint Airport,BS,Masons Bay
AXR,Arutua Airport,PF,Arutua
AXS,Altus/Quartz Mountain Regional Airport,US,
AXT,Akita Airport,JP,Akita
AXU,Axum Airport,ET,Aksum
AXV,Neil Armstrong,US,Wapakoneta
AXX,Angel Fire,US,Angel Fire
AYA,Ayapel,CO,Ayapel
AYC,Ayacucho,CO,Pelaya
AYD,Alroy Downs,AU,
AYE,AAF Heliport,US,Ayer
AYG,Yaguara,CO,
AYI,Yari,CO,
AYJ,Maharishi Valmiki International Airport,IN,Faizabad
AYK,Arkalyk,KZ,Arkalyk
AYL,Anthony Lagoon,AU,
AYM,Yas Island SPB,AE,
AYN,Anyang Airport,CN,Anyang
AYO,Ayolas,PY,Ayolas
AYP,Yanamilla Airport,PE,Carmen Alto
AYQ,Connellan Airport,AU,
AYR,Ayr,AU,Ayr
AYS,Ware County,US,Deenwood
AYT,Antalya Airport,TR,Aksu
AYU,Aiyura,PG,
AYW,Ayawasi,ID,Aifat
AYX,Gerardo Pérez Pinedo,PE,Puerto Ocopa
AYY,Arugam Bay SPB,LK,
AYZ,Zahns,US,Amityville
AZA,Phoenix-Mesa Gateway Airport,US,Queen Creek
AZB,Amazon Bay,PG,
AZD,Yazd Airport,IR,Yazd
AZG,Apatzingan,MX,Apatzingan
AZH,Azamgarh Airport,IN,Manduri
AZI,Bateen,AE,
AZJ,Zhenjiang Dalu,CN,Changzhou
AZL,Fazenda Tucunare Airport,BR,
AZN,Andizhan Airport,UZ,Andijon
AZO,Kalamazoo Battle Creek International Airport,US,Portage
AZP,Atizapan,MX,Iztacalco
AZR,Adrar Airport,DZ,Adrar
AZS,Samaná El Catey International,DO,Sanchez
AZT,Zapatoca,CO,Betulia
AZZ,Ambriz,AO,Nzeto
BAA,Bialla,PG,
BAB,Beale AFB,US,Marysville
BAC,Barranca De Upia,CO,Barranca de Upia
BAD,Barksdale AFB,US,Bossier City
BAE,Barcelonnette,FR,Barcelonnette
BAF,Barnes,US,Westfield
BAG,Loakan,PH,Tuding
BAH,Bahrain International Airport,BH,Al Muharraq
BAI,Buenos Aires,CR,Buenos Aires
BAJ,Bali,PG,
BAL,Batman Airport,TR,Yenikoy
BAM,Lander County,US,Battle Mountain
BAN,Basongo,CD,
BAO,Udorn,TH,
BAP,Baibara,PG,
BAQ,E Cortissoz Airport,CO,Malambo
BAR,Baker AAF,US,
BAS,Balalae,SB,
BAT,Airport Chafei Amsei,BR,Barretos
BAU,Bauru Airport,BR,Bauru
BAV,Baotou Airport,CN,Shulinzhao
BAW,Biawonque,GA,
BAX,Barnaul Gherman Titov International Airport,RU,Gon'ba
BAY,Baia Mare,RO,Tautii Magherus
BAZ,Barbelos,BR,Barcelos
BBA,Teniente Vidal Airport,CL,
BBB,Benson Municipal Airport,US,Benson
BBC,Bay City,US,Bay City
BBD,Curtis Field,US,Brady
BBF,Burlington,US,Burlington
BBG,Butaritari,KI,
BBH,Barth,DE,
BBI,Biju Patnaik International Airport,IN,Bhubaneshwar
BBJ,Bitburg Air Base,DE,Bitburg
BBK,Kasane Airport,BW,Kasane
BBL,Ballera Airport,AU,
BBM,Battambang,KH,Battambang
BBN,Bario Airport,MY,
BBO,Berbera,SO,Berbera
BBP,Bembridge,GB,
BBQ,Barbuda,AG,Codrington
BBR,Baillif,GP,Baillif
BBS,Blackbushe,GB,Yateley
BBT,Berberati,CF,Berberati
BBU,Baneasa,RO,
BBV,Hkg,CI,
BBW,Broken Bow,US,Broken Bow
BBX,Wings Field,US,Blue Bell
BBY,Bambari,CF,Bambari
BBZ,Zambezi,ZM,
BCA,Baracoa,CU,Baracoa
BCB,Virginia Tech,US,Blacksburg
BCC,Bear Creek,US,Red Lodge
BCD,Bacolod-Silay International Airport,PH,Bacolod City
BCE,Bryce,US,
BCF,Bouca,CF,Bouca
BCG,Bemichi,GY,
BCH,Cakung International,TL,Baucau
BCI,Barcaldine Airport,AU,
BCJ,Baca Grande,US,Buena Vista
BCK,Bolwarra,AU,Atherton
BCL,Barra Colorado,CR,Matina
BCM,Bacau Airport,RO,Margineni-Munteni
BCN,Barcelona-El Prat Airport,ES,El Prat de Llobregat
BCO,Jinka,ET,
BCP,Bambu,PG,
BCQ,Brack,LY,Brak
BCR,Boca Do Acre,BR,Boca do Acre
BCS,Southern Seaplane,US,
BCT,Boca Raton Airport,US,Boca Raton
BCU,Bauchi,NG,Bauchi
BCV,Belmopan,BZ,
BCW,Benguera Island,MZ,
BCX,Beloreck,RU,Lomovka
BCY,Bulchi,ET,Felege Neway
BCZ,Bickerton Island,AU,
BDA,L.F. Wade International Airport,BM,
BDB,Bundaberg Airport,AU,Thabeban
BDC,Barra Do Corda,BR,Barra do Corda
BDD,Badu Island,AU,
BDE,Baudette,US,
BDF,Rinkenberger,US,Wyoming
BDG,Blanding,US,Blanding
BDH,Bandar Lengeh,IR,Bandar-e Lengeh
BDI,Bird Island,SC,Bel Ombre
BDJ,Syamsudin Noor International Airport,ID,Banjarbaru
BDK,Bondoukou,CI,Bondoukou
BDL,Bradley International Airport,US,Windsor Locks
BDM,Bandirma,TR,Bandirma
BDN,Talhar,PK,Badin
BDO,Husein Sastranegara Airport,ID,Bandung
BDP,Bhadrapur Airport,NP,Bhadrapur
BDQ,Vadodara Airport,IN,Vadodara
BDR,Igor I. Sikorsky Memorial,US,
BDS,Brindisi - Salento Airport,IT,Materdomini
BDT,Gbadolite,CD,Ouango
BDU,Bardufoss Airport,NO,Moen
BDV,Moba,CD,Karema
BDW,Bedford Downs,AU,
BDX,Broadus,US,Broadus
BDY,State,US,Bandon
BDZ,Baindoung,PG,
BEA,Bereina,PG,
BEB,Benbecula Airport,GB,Benbecula
BEC,Beech,US,
BED,Hanscom Field,US,Bedford
BEE,Beagle Bay,AU,
BEF,Bluefields,NI,Bluefields
BEG,Belgrad Nikola Tesla Airport,RS,Surcin
BEH,Ross Field,US,Benton Heights
BEI,Beica,ET,Asosa
BEJ,Kalimarau Airport,ID,
BEK,Bareli,IN,Rae Bareli
BEL,Val De Cans International Airport,BR,Belem
BEM,Beni Mellal Airport,MA,Beni Mellal
BEN,Benina International,LY,Benghazi
BEO,Belmont,AU,Belmont
BEP,Bellary,IN,Bellary
BEQ,Honington,GB,Thetford
BER,Berlin Brandenburg Airport,DE,
BES,Brest Bretagne Airport,FR,Guipavas
BET,Bethel Airport,US,
BEU,Bedourie,AU,
BEV,Beer Sheba,IL,Beersheba
BEW,Beira Airport,MZ,
BEX,Benson RAF Station,GB,Benson
BEY,Beirut-Rafic Hariri International Airport,LB,Baabda
BEZ,Beru,KI,
BFA,Bahia Negra,PY,
BFB,Blue Fox Bay,US,
BFC,Bloomfield,AU,
BFD,Bradford Airport,US,Bradford
BFE,Bielefeld,DE,Bielefeld
BFF,Western Nebraska Regional Airport,US,Terrytown
BFG,Bullfrog Basin,US,
BFH,Bacacheri,BR,Curitiba
BFI,Boeing Field International Airport,US,Boulevard Park
BFJ,Bijie Airport,CN,Bijie
BFK,Buffalo Municipal Airport,US,Aurora
BFL,Meadows Field Airport,US,Oildale
BFM,Mobile Downtown Airport,US,
BFN,Bram Fischer International Airport,ZA,Bloemfontein
BFO,Buffalo Range,ZW,
BFP,Beaver Falls,US,West Mayfield
BFQ,Bahia Pinas,PA,
BFR,Virgil I Grissom Municipalcipal,US,Bedford
BFS,Belfast International Airport,GB,Antrim
BFT,County,US,Beaufort
BFU,Bengbu,CN,Bengbu
BFV,Buri Ram Airport,TH,Satuek
BFW,Sidi Belabbes,DZ,Sidi Bel Abbes
BFX,Bafoussam,CM,Bafoussam
BFY,Bengbu Tenghu Airport,CN,
BGA,Palonegro International Airport,CO,Lebrija
BGB,Booue,GA,
BGC,Braganca Airport,PT,Braganca
BGD,Borger,US,Borger
BGE,Decatur County,US,Bainbridge
BGF,Bangui Airport,CF,Bangui
BGG,Bingol Airport,TR,
BGH,Abbaye,MR,Golere
BGI,Grantley Adams International Airport,BB,
BGJ,Borgarfjordur Eystri,IS,
BGK,Big Creek,BZ,
BGL,Baglung,NP,Baglung
BGM,Greater Binghamton Airport,US,Johnson City
BGN,Belaya Gora Airport,RU,Belaya Gora
BGO,Bergen Airport,NO,Ytrebygda
BGP,Bongo,GA,
BGQ,Big Lake,US,
BGR,Bangor International Airport,US,Bangor
BGS,Webb AFB,US,
BGT,Bagdad,US,Bagdad
BGU,Bangassou,CF,
BGV,Bento Goncalves,BR,Bento Goncalves
BGW,Baghdad International Airport,IQ,Abu Ghurayb
BGX,Airport Cmdt. Gustavo Kraemer,BR,Bage
BGY,Orio al Serio International Airport,IT,Orio al Serio
BGZ,Braga,PT,Braga
BHA,Bahia De Caraquez,EC,Bahia de Caraquez
BHB,Bar Harbor Airport,US,Trenton
BHC,Bhurban Heliport,PK,Murree
BHD,George Best Belfast City Airport,GB,Castlereagh
BHE,Woodbourne Airport,NZ,Blenheim
BHF,Bahia Cupica,CO,
BHG,Brus Laguna,HN,Brus Laguna
BHH,Bisha Airport,SA,Qal`at Bishah
BHI,Comandante Airport,AR,Bahia Blanca
BHJ,Rudra Mata Airport,IN,Bhuj
BHK,Bukhara Airport,UZ,Bukhara
BHL,Bahia Angeles,MX,
BHM,Birmingham-Shuttlesworth International Airport,US,Tarrant
BHN,Beihan,YE,Bayhan
BHO,Raja Bhoj Airport,IN,Bhopal
BHP,Bhojpur,NP,
BHQ,Broken Hill Airport,AU,
BHR,Bharatpur Airport,NP,
BHS,Raglan Airport,AU,Kelso
BHT,Brighton Downs,AU,
BHU,Bhavnagar Airport,IN,Bhavnagar
BHV,Bahawalpur Airport,PK,Bahawalpur
BHW,Bhagatanwala Airport,PK,
BHX,Birmingham International Airport,GB,Bickenhill
BHY,Beihai Fucheng Airport,CN,Beihai
BIA,Bastia Poretta Airport,FR,Borgo
BIB,Baidoa,SO,Baidoa
BIC,Aérodrome de Belle Île,FR,Bangor
BID,Block Island,US,Charlestown
BIE,Beatrice,US,Beatrice
BIF,Biggs AAF,US,El Paso
BIG,Intermediate Field,US,
BIH,Bishop,US,Bishop
BII,Enyu Airfield,MH,
BIJ,Biliau,PG,
BIK,Mokmer Airport,ID,Biak
BIL,Billings Logan International Airport,US,Billings
BIM,Bimini International Airport,BS,
BIN,Bamiyan,AF,Bamyan
BIO,Bilbao Airport,ES,Sondika
BIP,Bulimba,AU,
BIQ,Biarritz - Anglet - Bayonne Airport,FR,Anglet
BIR,Biratnagar Airport,NP,Jogbani
BIS,Bismarck Airport,US,Bismarck
BIT,Baitadi,NP,Mahendranagar
BIU,Bildudalur,IS,
BIV,Bria,CF,Bria
BIW,Billiluna,AU,
BIX,Keesler AFB,US,Biloxi
BIY,Bisho,ZA,Port Alfred
BIZ,Bimin,PG,
BJA,Bejaia Airport,DZ,Bejaia
BJB,Bojnord,IR,Bojnurd
BJC,Jeffco,US,Broomfield
BJD,Bakkafjordur,IS,
BJE,Baleela,SD,Al Fulah
BJF,Batsfjord Airport,NO,Batsfjord
BJG,Bolaang,ID,
BJH,Bajhang,NP,
BJI,Bemidji Airport,US,Bemidji
BJJ,Wayne County,US,Wooster
BJK,Benjina,ID,
BJL,Yundum International Airport,GM,Abuko
BJM,Bujumbura Melchior Ndadaye International Airport,BI,Bujumbura
BJN,Bajone,MZ,
BJO,Bermejo,BO,San Ramon de la Nueva Oran
BJP,Braganca Paulista,BR,Braganca Paulista
BJQ,Bahja Airport,OM,
BJR,Bahar Dar Airport,ET,Bahir Dar
BJT,Bentota River,LK,Beruwala
BJU,Bajura Airport,NP,
BJV,Milas-Bodrum Airport,TR,Kiulukioi
BJW,Bajawa Soa Airport,ID,Naru
BJX,Guanajuato International Airport,MX,Colonia Nuevo Mexico
BJY,Batajnica,RS,Novi Banovci
BJZ,Badajoz Airport,ES,Talavera La Real
BKA,Bykovo,RU,
BKB,Bikaner,IN,Bikaner
BKC,Buckland Airport,US,
BKD,Stephens County,US,Breckenridge
BKE,Baker,US,Baker City
BKF,Lake Brooks SPB,US,
BKG,Branson,US,Hollister
BKH,Barking Sands PMRF,US,
BKI,Kota Kinabalu International Airport,MY,Putatan
BKJ,Boke,GN,Boke
BKK,Suvarnabhumi Airport,TH,Lat Krabang
BKL,Burke Lakefront Airport,US,Cleveland
BKM,Bakalalan,MY,
BKN,Balkanabat Airport,TM,Balkanabat
BKO,Bamako-Senou International Airport,ML,Bamako
BKP,Barkly Downs,AU,
BKQ,Blackall Airport,AU,
BKR,Bokoro,TD,Bokoro
BKS,Fatmawati Soekarno Airport,ID,Bengkulu
BKT,Blackstone AAF,US,Blackstone
BKU,Betioky,MG,Betioky
BKV,Bailing Airport,CN,Bailingmiao
BKW,Beckley Airport,US,Daniels
BKX,Brookings,US,Brookings
BKY,Kavumu,CD,Bukavu
BKZ,Bukoba Airport,TZ,Bukoba
BLA,General Jose Antonio Anzoategui International Airport,VE,Barcelona
BLB,Panama Pacifico Airport,PA,Ancon
BLC,Bamenda,CM,
BLD,Boulder City,US,Boulder City
BLE,Dala Airport,SE,Ornas
BLF,Princeton,US,Bluefield
BLG,Belaga,MY,Data Kakus
BLH,Blythe,US,Mesa Verde
BLI,Bellingham International Airport,US,Marietta-Alderwood
BLJ,Batna Airport,DZ,Batna
BLK,Blackpool Airport,GB,Great Marton
BLL,Billund Airport,DK,Billund
BLM,Monmouth Executive Airport,US,Belmar
BLN,Benalla,AU,Benalla
BLO,Blonduos,IS,
BLP,Bellavista,PE,Kelluyo
BLQ,Guglielmo Marconi Airport,IT,Trebbo
BLR,Kempegowda International Airport,IN,Devanhalli
BLS,Bollon,AU,
BLT,Blackwater,AU,Blackwater
BLU,Blue Canyon,US,Foresthill
BLV,Belleville,US,Lebanon
BLW,Bellows Field,US,Waimanalo Beach
BLX,Belluno,IT,Belluno
BLY,Belmullet,IE,Belmullet
BLZ,Chileka Airport,MW,
BMA,Bromma Airport,SE,Bromma
BMB,Bumba,CD,Bumba
BMC,Brigham City,US,Brigham City
BMD,Belo,MG,
BME,Broome Airport,AU,
BMF,Bakouma,CF,Bangassou
BMG,Bloomington,US,Bloomington
BMH,Bomai,PG,
BMI,Central Illinois Regional Airport,US,Bloomington
BMJ,Baramita,GY,
BMK,Borkum,DE,Borkum
BML,Berlin Municipal Airport,US,
BMM,Bitam,GA,
BMN,Bamerny,IQ,Al `Amadiyah
BMO,Bhamo,MM,Bhamo
BMP,Brampton Island,AU,
BMQ,Bamburi,KE,
BMR,Baltrum,DE,Baltrum
BMS,Brumado,BR,Brumado
BMT,Beaumont Municipalcipal,US,Beaumont
BMU,Sultan Muhammad Salahuddin Airport,ID,Melati
BMV,Phung-Duc Airport,VN,Buon Ma Thuot
BMW,Bordj Badji Mokhtar,DZ,Tessalit
BMX,Big Mountain,US,
BMY,Belep Island,NC,Wala
BMZ,Bamu,PG,
BNA,Nashville International Airport,US,Nashville
BNB,Boende,CD,Boende
BNC,Beni,CD,
BND,Bandar Abbas International Airport,IR,Bandar 'Abbas
BNE,Brisbane Airport,AU,Ascot
BNF,Warm Spring Bay SPB,US,
BNG,Banning,US,Banning
BNH,Barnes,US,
BNI,Benin City Airport,NG,Benin City
BNK,Ballina Byron Airport,AU,Ballina
BNL,Barnwell Regional,US,Barnwell
BNM,Bodinumu,PG,
BNN,Bronnoysund Airport Bronnoy,NO,Bronnoysund
BNO,Burns,US,Burns
BNP,Bannu,PK,Bannu
BNQ,Baganga,PH,Aurora
BNR,Banfora,BF,Banfora
BNS,Barinas,VE,Barinas
BNT,Bundi,PG,
BNU,Blumenau,BR,Gaspar
BNV,Boana,PG,
BNW,Boone,US,Boone
BNX,Banja Luka Airport,BA,Laktasi
BNY,Bellona,SB,
BNZ,Banz,PG,
BOA,Boma,CD,
BOB,Motu Mute Airport,PF,
BOC,Bocas Del Toro,PA,Bocas del Toro
BOD,Bordeaux Airport,FR,Le Haillan
BOE,Boundji,CG,
BOF,Bolling AFB,US,
BOG,El Dorado International Airport,CO,Funza
BOH,Bournemouth Airport,GB,St Leonards
BOI,Boise Air Terminal (Gowen Field),US,Boise
BOJ,Bourgas Airport,BG,Sredets
BOK,Brookings State,US,Brookings
BOL,Ballykelly,GB,Ballykelly
BOM,Chhatrapati Shivaji International Airport,IN,Mumbai
BON,Flamingo International Airport,BQ,Dorp Tera Kora
BOO,Bodo Airport,NO,Bodo
BOP,Bouar,CF,Bouar
BOQ,Boku,PG,
BOR,Bokeo International Airport,LA,
BOS,Logan International Airport,US,Chelsea
BOT,Boset,PG,
BOU,Bourges,FR,Fussy
BOV,Boang,PG,
BOW,Bartow,US,Bartow
BOX,Borroloola,AU,
BOY,Borgo,BF,Bobo-Dioulasso
BOZ,Bozoum,CF,Bozoum
BPA,Grumman,US,Bethpage
BPB,Boridi,PG,
BPC,Bamenda,CM,Bamenda
BPD,Bapi,PG,
BPE,Qinhuangdao Beidaihe Airport,CN,
BPF,Batuna Aerodrome,SB,
BPG,Barra Do Garcas,BR,Barra do Garcas
BPH,Bislig,PH,Bislig
BPI,Big Piney-marbleton,US,Marbleton
BPK,Biangabip,PG,
BPL,Bole Airport,CN,Dostyq
BPM,Begumpet,IN,Quthbullapur
BPN,Sultan Aji Muhamad Sulaiman Airport,ID,City of Balikpapan
BPS,Porto Seguro Airport,BR,Porto Seguro
BPT,Jefferson County Airport,US,Nederland
BPU,Beppu,JP,Beppu
BPX,Bangda Airport,CN,Yanduo
BPY,Besalampy,MG,
BQA,Baler,PH,Dona Remedios Trinidad
BQB,Bussellton Regional Airport,AU,Vasse
BQE,Bubaque,GW,Bubaque
BQG,Bogorodskoye,RU,Bogorodskoye
BQH,Biggin Hill,GB,Biggin Hill
BQI,Bagani,NA,Bagani
BQJ,Batagay,RU,Batagay
BQK,Glynco Jetport,US,
BQL,Boulia,AU,
BQN,Rafael Hernandez Airport,PR,San Antonio
BQO,Bouna,CI,Bouna
BQQ,Barra,BR,Barra
BQS,Blagoveschensk Airport,RU,Shangmachang
BQT,Brest Airport,BY,Zhabinka
BQU,J. F. Mitchell,VC,
BQV,Bartlett SPB,US,
BQW,Balgo Hills,AU,
BRA,Barreiras Airport,BR,Barreiras
BRB,Barreirinhas,BR,Barreirinha
BRC,San Carlos de Bariloche International Airport,AR,San Carlos de Bariloche
BRD,Crow Wing County Airport,US,Brainerd
BRE,Bremen Airport,DE,Bremen
BRF,Bradford,GB,Bradford
BRG,Municipal,US,Whitesburg
BRH,Brahman,PG,
BRI,Palese Airport,IT,San Paolo
BRJ,Bright,AU,
BRK,Bourke,AU,
BRL,Burlington Airport,US,Burlington
BRM,Barquisimeto Airport,VE,Barquisimeto
BRN,Bern Airport,CH,Belp
BRO,South Padre Island International Airport,US,South Point
BRP,Biaru,PG,
BRQ,Turany Airport,CZ,Slapanice
BRR,North Bay Airport,GB,
BRS,Bristol Airport,GB,Butcombe
BRT,Bathurst Island,AU,
BRU,Brussels Airport,BE,Zaventem
BRV,Bremerhaven,DE,Ihlienworth
BRW,Wiley Post-Will Rogers Memorial Airport,US,
BRX,Barahona,DO,Santa Cruz de Barahona
BRY,Samuels Field,US,Bardstown
BRZ,Borotou,CI,
BSA,Bossaso,SO,Bosaso
BSB,Brasilia International Airport,BR,Brasilia
BSC,Bahia Solano,CO,Mutis
BSD,Baoshan Airport,CN,Dianyang
BSE,Sematan,MY,
BSF,Bradshaw AAF,US,Kailua
BSG,Bata Airport,GQ,Bata
BSH,Brighton,GB,Brighton
BSI,Blairsville,US,Blairsville
BSJ,Bairnsdale,AU,Bairnsdale
BSK,Biskra Airport,DZ,Biskra
BSL,EuroAirport Swiss,CH,
BSM,Bishe-kola,IR,Mahmudabad
BSN,Bossangoa,CF,Bossangoa
BSO,Basco Airport,PH,Basco
BSP,Bensbach,PG,
BSQ,Bisbee Municipal Airport,US,Naco
BSR,Basra International Airport,IQ,Al Basrah
BSS,Balsas,BR,Balsas
BST,Bost,AF,Lashkar Gah
BSU,Basankusu,CD,Bongandanga
BSV,Besakoa,MG,Marovoay
BSW,Boswell Bay,US,
BSX,Bassein,MM,Pathein
BSY,Bardera,SO,Baardheere
BSZ,Manas International Airport,KG,Bishkek
BTA,Yaoundé,CM,Bertoua
BTB,Betou,CG,Mongoumba
BTC,Batticaloa,LK,
BTD,Brunette Downs,AU,
BTE,Bonthe,SL,Pujehun
BTF,Salt Lake Skypark,US,Bountiful
BTG,Batangafo,CF,Batangafo
BTH,Hang Nadim International Airport,ID,
BTI,Barter Island Airport,US,
BTJ,Sultan Iskandar Muda International Airport,ID,Montasik
BTK,Bratsk Airport,RU,Bratsk
BTL,WK Kellogg Regional,US,Level Park-Oak Park
BTM,Butte Airport,US,Butte
BTN,Bennettsville,US,Bennettsville
BTO,Botopasie,SR,
BTP,Butler County - Kenny Scholter Field,US,Homeacre-Lyndora
BTQ,Butare,RW,Butare
BTR,Baton Rouge Metropolitan Airport,US,Brownsfield
BTS,Bratislava Airport,SK,
BTT,Bettles,US,
BTU,Bintulu Airport,MY,Bintulu
BTV,Burlington International Airport,US,South Burlington
BTW,Batu Licin,ID,Sungaikupang
BTX,Betoota,AU,
BTY,Beatty,US,
BTZ,Yala Betong International Airport,TH,Betong
BUA,Buka,PG,
BUB,Municipal,US,Burwell
BUC,Burketown,AU,
BUD,Budapest Ferenc Liszt International Airport,HU,Vecses
BUF,Buffalo Niagara International Airport,US,Williamsville
BUG,Gen V Deslandes,AO,Benguela
BUI,Bokondini,ID,
BUJ,Ain Eddis,DZ,'Ain el Melh
BUK,Albuq,YE,An Nasirah
BUL,Bulolo,PG,
BUM,Butler,US,Butler
BUN,Buenaventura,CO,Buenaventura
BUO,Burao,SO,Burao
BUP,Bhatinda Airport,IN,Bhatinda
BUQ,Bulawayo Airport,ZW,Bulawayo
BUR,Bob Hope Airport,US,North Hollywood
BUS,Batumi Airport,GE,Batumi
BUT,Bathpalathang Airport,BT,Jakar
BUU,Muara Bungo Airport,ID,Muarabungo
BUV,Bella Union,UY,Tomas Gomensoro
BUW,Baubau Airport,ID,
BUX,Bunia,CD,Bunia
BUY,Bunbury,AU,Bunbury
BUZ,Bushehr Airport,IR,Bushehr
BVA,Beauvais-Tille Airport,FR,Tille
BVB,Boa Vista Airport,BR,Boa Vista
BVC,Rabil Airport,CV,Vila de Sal Rei
BVD,Sea Port,US,
BVE,Laroche Airport,FR,Brive-la-Gaillarde
BVF,Dama,FJ,
BVG,Berlevag Airport,NO,Berlevag
BVH,Vilhena Airport,BR,
BVI,Birdsville,AU,
BVJ,Bovanenkovo Airport,RU,Aksarka
BVK,Huacaraje,BO,
BVL,Baures,BO,
BVM,Belmonte,BR,Belmonte
BVO,Bartlesville,US,Bartlesville
BVP,Bolovip,PG,
BVR,Esperadinha,CV,Vila Nova Sintra
BVS,Breves,BR,Breves
BVU,Beluga,US,
BVV,Burevestnik AFB,RU,
BVW,Batavia Downs,AU,
BVX,Municipal,US,Batesville
BVY,Beverly Municipal Airport,US,Beverly
BVZ,Beverley Springs,AU,
BWA,Bhairawa Airport,NP,Bhairahawa
BWB,Barrow Island,AU,
BWC,Brawley,US,Brawley
BWD,Brownwood,US,Early
BWE,Braunschweig,DE,
BWF,Walney Island,GB,Barrow in Furness
BWG,Warren County,US,Bowling Green
BWH,Butterworth,MY,Permatang Kuching
BWI,Baltimore/Wash International Thurgood Marshall Airport,US,Ferndale
BWJ,Bawan,PG,
BWK,Brac,HR,Bol
BWL,Blackwell,US,Blackwell
BWM,Bowman,US,Bowman
BWN,Brunei International Airport,BN,Bandar Seri Begawan
BWO,Balakovo,RU,Balakovo
BWP,Bewani,PG,
BWQ,Brewarrina,AU,Brewarrina
BWS,Blaine,US,White Rock
BWT,Burnie Wynyard Airport,AU,Wynyard
BWU,Sydney Bankstown,AU,Bankstown
BWW,Las Brujas Airport,CU,Yaguajay
BWX,Bandar Udara Internasional Banyuwangi,ID,Kepuh Wetan
BXA,George R Carr,US,Varnado
BXB,Babo,ID,
BXD,Bade,ID,Bade
BXE,Bakel,SN,Diawara
BXF,Belburn,AU,
BXG,Bendigo,AU,White Hills
BXH,Balhash,KZ,Balqash
BXI,Boundiali,CI,Mankono
BXJ,Burundai,KZ,Energeticheskiy
BXK,Buckeye Municipal,US,Buckeye
BXL,Blue Lagoon,FJ,
BXM,Batom,ID,
BXN,Imsik,TR,Karaova
BXO,Buochs,CH,Stans
BXP,Biala Podlaska,PL,Biala Podlaska
BXR,Bam,IR,Bam
BXS,Borrego Springs,US,Borrego Springs
BXT,Bontang,ID,Bontang
BXU,Butuan Airport,PH,Libertad
BXV,Breiddalsvik,IS,
BXW,Harun Thohir Airport,ID,Paloh
BXX,Borama International,SO,Baki
BXY,Baikonur Krayniy Airport,KZ,Toretam
BXZ,Bunsil,PG,
BYA,Boundary,US,
BYB,Dibaa,OM,Dibba Al-Fujairah
BYC,Yacuiba,BO,Yacuiba
BYD,Beidah,YE,Marbat
BYF,Albert-Bray Airport,FR,Bray-sur-Somme
BYG,Municipal,US,Buffalo
BYH,Arkansas International Airport,US,Blytheville
BYI,Rupert,US,Burley
BYJ,Beja International,PT,Beja
BYK,Bouake,CI,Bouake
BYL,Bella Yella,LR,
BYM,C.M. de Cespedes,CU,Bayamo
BYN,Bayankhongor,MN,Bayanhongor
BYO,Bonito Airport,BR,Bonito
BYP,Barimunya Airport,AU,
BYQ,Bunyu,ID,
BYR,Laeso Airport,DK,Byrum
BYS,Bicycle Lake AAF,US,Fort Irwin
BYT,Bantry,IE,Bantry
BYU,Bindlacher-Berg,DE,Bindlach
BYV,Beira Lake SPB,LK,Colombo
BYW,Blakely Island,US,
BYX,Baniyala,AU,
BZA,San Pedro,NI,
BZB,Bazaruto Island,MZ,
BZC,Buzios,BR,Armacao de Buzios
BZD,Balranald,AU,
BZE,Philip S.W. Goldson International Airport,BZ,
BZF,Benton Field,US,Redding
BZG,Bydgoszcz Airport,PL,Bydgoszcz
BZH,Bumi Hills,ZW,Siavonga
BZI,Balikesir,TR,Balikesir
BZJ,Bozhou Airport,CN,Bozhou
BZK,Bryansk International Airport,RU,Bryansk
BZL,Barisal Airport,BD,Barisal
BZM,Bemolanga Airport,MG,
BZN,Bozeman Yellowstone International Airport,US,Belgrade
BZO,Bolzano,IT,San Giacomo
BZP,Bizant,AU,
BZR,Beziers Vias Airport,FR,Portiragnes
BZS,Buzzards Pt S,US,
BZT,Eagle Air Park,US,Brazoria
BZU,Buta,CD,Buta
BZV,Maya Maya Airport,CG,Brazzaville
BZX,Bazhong Enyang Airport,CN,Bazhou
BZY,Beltsy Airport,MD,Balti
BZZ,Raf Brize Norton,GB,Carterton
CAA,Catacamas,HN,Santa Maria del Real
CAB,Cabinda Airport,AO,Cabinda
CAC,Cascavel Airport,BR,Cascavel
CAD,Cadillac,US,Cadillac
CAE,Columbia Metropolitan Airport,US,
CAF,Carauari,BR,Carauari
CAG,Cagliari Elmas Airport,IT,Elmas
CAH,Kamau ,VN,Ca Mau
CAI,Cairo International Airport,EG,
CAJ,Canaima,VE,
CAK,Akron-Canton Airport,US,Greensburg
CAL,Machrihanish Airport,GB,Campbeltown
CAM,Camiri,BO,Camiri
CAN,Guangzhou Baiyun International Airport,CN,
CAO,Clayton,US,Clayton
CAP,Cap Haitien Airport,HT,Okap
CAQ,Caucasia,CO,Caceres
CAR,Municipal,US,Caribou
CAS,Anfa,MA,Casablanca
CAT,Cascais Municipal Aerodrome,PT,Lisbon
CAU,Caruaru,BR,Caruaru
CAV,Cazombo,AO,
CAW,Bartolomeu Lisandro Airport,BR,Campos
CAX,Carlisle,GB,Brampton
CAY,Felix Eboue Airport,GF,Matoury
CAZ,Cobar,AU,Cobar
CBA,Corner Bay,US,
CBB,J Wilsterman Airport,BO,Cochabamba
CBC,Cherrabun,AU,
CBD,Car Nicobar,IN,
CBE,Greater Cumberland Regional,US,Wiley Ford
CBF,Municipal,US,Council Bluffs
CBG,Cambridge Airport,GB,Fulbourn
CBH,Leger,DZ,Bechar
CBI,Cape Barren Island,AU,
CBJ,Cabo Rojo,DO,Pedernales
CBK,Municipal,US,Colby
CBL,Ciudad Bolivar,VE,Ciudad Bolivar
CBM,Columbus AFB,US,
CBN,Penggung,ID,Weru
CBO,Awang Airport,PH,Awang
CBP,Coimbra,PT,Coimbra
CBQ,Calabar Airport,NG,Calabar
CBR,Canberra Airport,AU,Forrest
CBS,Oro Negro,VE,Cabimas
CBT,Catumbela Airport,AO,Catumbela
CBU,Cottbus,DE,
CBV,Coban,GT,Coban
CBW,Campo Mourao,BR,Campo Mourao
CBX,Condobolin,AU,
CBY,Canobie,AU,
CBZ,Cabin Creek,US,
CCA,Chaffee AFB,US,
CCB,Cable Airport,US,Claremont
CCC,Jardines del Rey Airport,CU,Moron
CCD,Century City,US,
CCE,Grand Case,MF,
CCF,Carcassonne Airport,FR,Pennautier
CCG,Crane County Airport,US,Crane
CCH,Chile Chico,CL,Chile Chico
CCI,Concordia,BR,Concordia
CCJ,Calicut International Airport,IN,Ferokh
CCK,Cocos Islands Airport,CC,West Island
CCL,Chinchilla,AU,
CCM,Criciuma,BR,Criciuma
CCN,Chakcharan,AF,Fayroz Koh
CCO,Carimagua,CO,
CCP,Carriel Sur Airport,CL,Concepcion
CCQ,Cachoeira,BR,Cachoeira
CCR,Buchanan Field,US,Pacheco
CCS,Simon Bolivar International Airport,VE,Catia La Mar
CCT,Colonia Catriel,AR,Picun Leufu
CCU,Netaji Subhas Chandra Bose Airport,IN,Dam Dam
CCV,Craig Cove,VU,
CCW,Cowell,AU,
CCX,Caceres,BR,
CCY,Municipal,US,Charles City
CCZ,Chub Cay,BS,
CDA,Cooinda,AU,
CDB,Cold Bay Airport,US,
CDC,Cedar City Airport,US,Cedar City
CDD,Cauquira,HN,
CDE,Caledonia,PA,Corozal
CDG,Charles de Gaulle Airport,FR,Paris
CDH,Harrell Field,US,Camden
CDI,Cachoeiro Itapemirim,BR,Cachoeiro de Itapemirim
CDJ,Conceicao Do Araguaia,BR,
CDK,Lewis,US,Inglis
CDL,Candle,US,
CDN,Woodward Field,US,Camden
CDO,Cradock,ZA,Cradock
CDP,Cuddapah,IN,Cuddapah
CDQ,Croydon,AU,
CDR,Chadron Airport,US,Chadron
CDS,Childress,US,Meade
CDT,Castellon,ES,Benlloch
CDU,Camden,AU,
CDV,Mudhole Smith Airport,US,
CDW,Caldwell Wright,US,Caldwell
CDY,Cagayan De Sulu,PH,Cagayan
CDZ,Cadiz,ES,Cadiz
CEA,Cessna Aircraft Field,US,
CEB,Mactan-Cebu International Airport,PH,Buagsong
CEC,Del Norte County Regional Airport,US,Crescent City
CED,Ceduna Airport,AU,
CEE,Cherepovets Airport,RU,Tonshalovo
CEF,Westover ARB/Metropolitan,US,North Chicopee
CEG,Hawarden Airport,GB,Chester
CEH,Chelinda,MW,Livingstonia
CEI,Chiang Rai International Airport,TH,Chiang Rai
CEK,Chelyabinsk International Airport,RU,Potanino
CEL,Cape Eleuthera,BS,
CEM,Central,US,
CEN,Ciudad Obregon Airport,MX,Antonio Rosales
CEO,Waco Kungo,AO,Mambajao
CEP,Concepcion,BO,
CEQ,Mandelieu,FR,Mandelieu-la-Napoule
CER,Maupertus,FR,Fermanville
CES,Cessnock,AU,Cessnock
CET,Le Pontreau,FR,Cholet
CEU,Oconee County,US,Clemson
CEV,Mettle Field,US,Connersville
CEW,Bob Sikes,US,Crestview
CEX,Chena Hot Springs,US,
CEY,Calloway County,US,Murray
CEZ,Montezuma County Airport,US,Cortez
CFA,Coffee Point,US,
CFB,Cabo Frio International Airport,BR,Cabo Frio
CFC,Cacador,BR,Cacador
CFD,Coulter Field,US,Bryan
CFE,Clermont-Ferrand Auvergne Airport,FR,Aulnat
CFF,Cafunfo,AO,
CFG,Jaime Gonzalez Airport,CU,Cienfuegos
CFH,Clifton Hills,AU,
CFI,Camfield,AU,
CFK,Chlef International Airport,DZ,Chlef
CFM,Conklin (Leismer) Airport,CA,
CFN,Donegal Airport,IE,Derrybeg
CFO,Confreza,BR,
CFP,Carpentaria Downs,AU,
CFQ,Creston Valley Airport,CA,Creston
CFR,Carpiquet Airport,FR,Carpiquet
CFS,Coffs Harbour Airport,AU,Coffs Harbour
CFT,Morenci,US,Clifton
CFU,Ioannis Kapodistrias Airport,GR,Kerkyra
CFV,Municipal,US,Coffeyville
CGA,Craig SPB,US,
CGB,Marechal Rondon International Airport,BR,Varzea Grande
CGC,Cape Gloucester,PG,
CGD,Changde Airport,CN,Doumuhu
CGE,Cambridge,US,Cambridge
CGF,Cuyahoga County,US,Highland Heights
CGG,Casiguran,PH,Dinalongan
CGH,Sao Paulo/Congonhas Airport,BR,Sao Paulo
CGI,Cape Girardeau Airport,US,Scott City
CGJ,Chingola,ZM,Chingola
CGK,Soekarno-Hatta International Airport,ID,Teluknaga
CGL,Chagual Airport,PE,
CGM,Mambajao,PH,San Vicente
CGN,Cologne Bonn Airport,DE,Wahn-Heide
CGO,Zhengzhou Xinzheng Airport,CN,
CGP,Shah Amanat International Airport,BD,Chittagong
CGQ,Changchun Longjia International Airport,CN,Changchun
CGR,Campo Grande International Airport,BR,Campo Grande
CGS,College Park,US,
CGT,Chinguitti,MR,Chinguetti
CGV,Caiguna,AU,Esperance
CGX,Merrill C Meigs,US,
CGY,Laguindingan International Airport,PH,Lumbia
CGZ,Municipal,US,Casa Grande
CHA,Chattanooga Airport,US,East Ridge
CHB,Chilas,PK,Chilas
CHC,Christchurch International Airport,NZ,Prebbleton
CHD,Mucuge Airport,BR,
CHF,Jinhae,KR,Changwon
CHG,Chaoyang Airport,CN,Chaoyang
CHH,Chachapoyas,PE,Chachapoyas
CHI,Chicago FSS,US,
CHJ,Chipinge,ZW,Chipinge
CHK,Municipal,US,Chickasha
CHL,Challis,US,Challis
CHM,Chimbote,PE,Buenos Aires
CHN,Jeonju,KR,
CHO,Charlottesville Albemarle Airport,US,Hollymead
CHP,Circle Hot Springs,US,
CHQ,Chania International Airport,GR,Mouzouras
CHR,Chateauroux,FR,Chateauroux
CHS,Charleston International Airport,US,Hanahan
CHT,Karewa,NZ,Waitangi
CHU,Chuathbaluk Airport,US,
CHV,Chaves,PT,Chaves
CHW,Jiuhuang,CN,
CHX,Changuinola,PA,Changuinola
CHY,Choiseul Bay Airport,SB,
CHZ,State,US,Klamath Falls
CIA,Ciampino-G. B. Pastine International Airport,IT,Ciampino
CIB,Ap In The Sky,US,
CIC,Chico Municipal Airport,US,Chico
CID,The Eastern Iowa Airport,US,Fairfax
CIE,Collie,AU,Collie
CIF,Chifeng Airport,CN,
CIG,Craig-Moffat,US,Craig
CIH,Changzhi Airport,CN,Daxinzhuang
CII,Cildir,TR,Choteau
CIJ,E. Beltram Airport,BO,Brasileia
CIK,Chalkyitsik,US,
CIL,Melsing Creek,US,
CIM,Cimitarra,CO,Puerto Parra
CIN,Carroll,US,Carroll
CIO,MCAL Lopez,PY,Concepcion
CIP,Chipata,ZM,
CIQ,Chiquimula,GT,Chiquimula
CIR,Cairo,US,Cairo
CIS,Canton Island,KI,Atafu Village
CIT,Shymkent Airport,KZ,Shymkent
CIU,Chippewa County Airport,US,
CIV,Chomley,US,
CIW,Canouan Island,VC,
CIX,Cornel Ruiz Airport,PE,Chiclayo
CIY,Comiso Airport,IT,Comiso
CIZ,Coari,BR,Coari
CJA,Cajamarca Airport,PE,Cajamarca
CJB,Coimbatore International Airport,IN,Irugur
CJC,El Loa Airport,CL,Calama
CJD,Candilejas,CO,Cartagena del Chaira
CJF,Coondewanna Airport,AU,
CJH,Chilko Lake,CA,Hanceville
CJJ,Cheongju Airport,KR,Cheongju-si
CJL,Chitral,PK,Chitral
CJM,Chumphon Airport,TH,Pathio
CJN,Gillespie Field,US,El Cajon
CJS,Abraham Gonzalez International Airport,MX,Ciudad Juarez
CJT,Copalar,MX,La Trinitaria
CJU,Jeju International Airport,KR,
CJZ,Cajazeiras Airport,BR,Cajazeiras
CKA,Kegelman Af,US,Cherokee
CKB,Benedum Airport,US,Bridgeport
CKC,Cherkassy,UA,Cherkasy
CKD,Crooked Creek,US,
CKE,Clear Lake,US,Clearlake
CKG,Chongqing Jiangbei International Airport,CN,Shuangfengqiao
CKH,Chokurdah Airport,RU,Chokurdakh
CKI,Croker Island,AU,
CKK,Cherokee,US,Salem
CKL,Chkalovsky,RU,Bakhchivandzhi
CKM,Fletcher Field,US,Clarksdale
CKN,Municipal,US,Crookston
CKO,Cornelio Procopio,BR,Bandeirantes
CKR,Crane Island,US,
CKS,Carajas Airport,BR,
CKT,Sarakhs,IR,Sarakhs
CKU,City,US,
CKV,Outlaw Field,US,Oak Grove
CKW,Christmas Creek Mine,AU,Wilkie
CKX,Chicken,US,
CKY,Conakry Airport,GN,Conakry
CKZ,Canakkale Airport,TR,Canakkale
CLA,Comilla,BD,Comilla
CLC,Metroport,US,
CLD,McClellan-Palomar Airport,US,Lake San Marcos
CLE,Cleveland Hopkins International Airport,US,Brook Park
CLG,Coalinga,US,Coalinga
CLH,Coolah,AU,Dunedoo
CLI,Clintonville,US,Clinton
CLJ,Avram Iancu Cluj International Airport,RO,Sannicoara
CLK,Municipal,US,Clinton
CLL,Easterwood Airport,US,College Station
CLM,Fairchild International,US,Port Angeles
CLN,Carolina,BR,Carolina
CLO,Alfonso B. Aragon Airport,CO,Palmira
CLP,Clarks Point,US,
CLQ,Colima Airport,MX,Cuauhtemoc
CLR,Calipatria,US,Calipatria
CLS,Centralia,US,Chehalis
CLT,Charlotte Douglas International Airport,US,
CLU,Columbus Municipal,US,Columbus
CLV,Caldas Novas,BR,Caldas Novas
CLW,Executive,US,Clearwater
CLX,Clorinda,AR,Asuncion
CLY,Sainte Catherine Airport,FR,Calvi
CLZ,Calabozo,VE,Calabozo
CMA,Cunnamulla,AU,
CMB,Bandaranaike International Airport,LK,Katunayake
CMC,Camocim,BR,Camocim
CMD,Cootamundra,AU,Cootamundra
CME,Ciudad Del Carmen Airport,MX,Ciudad del Carmen
CMF,Chambery,FR,Voglans
CMG,Corumba Internacional Airport,BR,
CMH,John Glenn Columbus International Airport,US,Gahanna
CMI,Willard University Airport,US,Savoy
CMJ,Chi Mei,TW,
CMK,Club Makokola,MW,Monkey Bay
CML,Camooweal,AU,
CMM,Carmelita,GT,
CMN,Mohamed V International Airport,MA,Casablanca
CMO,Obbia,SO,Hobyo
CMP,Campo Alegre,BR,Campo Alegre
CMQ,Clermont,AU,
CMR,Colmar-houssen,FR,Colmar
CMS,Scusciuban,SO,Iskushuban
CMT,Cameta,BR,Cameta
CMU,Chimbu,PG,
CMV,Coromandel,NZ,
CMW,Ign Agramonte International Airport,CU,Camaguey
CMX,Houghton County Airport,US,Dollar Bay
CMY,Fort Mccoy,US,Sparta
CMZ,Caia,MZ,Nsanje
CNA,Cananea,MX,Cananea
CNB,Coonamble,AU,Coonamble
CNC,Coconut Island,AU,
CND,Kogalniceanu Airport,RO,Mihail Kogalniceanu
CNE,Canon City,US,Canon City
CNF,Tancredo Neves International Airport,BR,Lagoa Santa
CNG,Parvaud,FR,Chateaubernard
CNH,Municipal,US,Claremont
CNI,Changhai,CN,Changning
CNJ,Cloncurry Airport,AU,
CNK,Blosser Municipal,US,Concordia
CNL,Sindal,DK,Sindal
CNM,Cavern City Air Terminal,US,Carlsbad
CNN,Kannur International Airport,IN,Mattanur
CNO,Chino,US,Chino
CNP,Neerlerit Inaat Airport,GL,
CNQ,Camba Punta Airport,AR,Corrientes
CNR,Chanaral,CL,
CNS,Cairns Airport,AU,Cairns
CNT,Charata,AR,Charata
CNU,Martin Johnson,US,Chanute
CNV,Canavieiras,BR,Canavieiras
CNW,TSTC Waco Airport,US,Hillsboro
CNX,Chiang Mai International Airport,TH,Chiang Mai
CNY,Canyonlands Field,US,Moab
CNZ,Cangamba,AO,Luena
COA,Columbia,US,Columbia
COB,Coolibah,AU,
COC,Concordia,AR,Salto
COD,Yellowstone Regional Airport,US,Cody
COE,Coeur D'Alene,US,Coeur d'Alene
COF,Patrick AFB,US,Rockledge
COG,Mandinga,CO,Condoto
COH,Cooch Behar,IN,Koch Bihar
COI,Merritt Island,US,Cocoa Beach
COJ,Coonabarabran,AU,Coonabarabran
COK,Cochin International Airport,IN,Angamali
COL,Isle Of Coll,GB,
COM,Coleman,US,Coleman
CON,Concord,US,Concord
COO,Cotonou Airport,BJ,Cotonou
COP,Cooperstown - Westville Airport,US,Cooperstown
COQ,Choibalsan,MN,
COR,Ingeniero Aeronautico Ambrosio L.V. Taravella International Airport,AR,Villa Allende
COS,Colorado Springs Airport,US,Security-Widefield
COT,Cotulla,US,Cotulla
COU,Columbia Regional Airport,US,Ashland
COV,Cukurova International Airport,TR,Tarsus
COW,Coquimbo,CL,Los Andes
COY,Coolawanyah,AU,
COZ,Constanza,DO,Constanza
CPA,A. Tubman,LR,Harper City
CPB,Capurgana,CO,
CPC,Chapelco Airport,AR,Junin de los Andes
CPD,Coober Pedy Airport,AU,
CPE,Campeche International Airport,MX,Campeche
CPF,Cepu,ID,Cepu
CPG,Carmen De Patagones,AR,
CPH,Copenhagen Airport,DK,Dragor
CPI,Cape Orford,PG,
CPL,Chaparral,CO,Chaparral
CPM,Compton,US,West Rancho Dominguez
CPN,Cape Rodney,PG,
CPO,Chamonate Airport,CL,Copiapo
CPP,Coposa Airport,CL,
CPQ,International,BR,Campinas
CPR,Casper/Natrona County International Airport,US,Mills
CPS,St. Louis Downtown Airport,US,Cahokia
CPT,Cape Town International Airport,ZA,Lansdowne
CPU,Cururupu,BR,Cururupu
CPV,Joao Suassuna Airport,BR,Campina Grande
CPX,Benjamin Rivera Noriega Airport,PR,Culebra
CQA,Canarana Airport,BR,
CQD,Shahre-kord,IR,Shahrekord
CQF,Calais,FR,Marck
CQM,Ciudad Real Central,ES,
CQP,Cape Flattery,AU,Magnetic Island
CQS,Costa Marques,BR,
CQT,Caquetania,CO,
CQW,CHERAW MUNI/LYNCH BELLINGER FLD AIRPORT,US,
CRA,Craiova Airport,RO,Carcea
CRB,Collarenebri,AU,
CRC,Cartago,CO,Cartago
CRD,General E. Mosconi International Airport,AR,Comodoro Rivadavia
CRE,Grand Strand Airport,US,North Myrtle Beach
CRF,Carnot,CF,Carnot
CRG,Craig Municipal,US,
CRH,Cherribah,AU,
CRI,Crooked Island Airport,BS,
CRJ,Coorabie,AU,
CRK,Diosdado Macapagal International (Clark International),PH,Santol
CRL,Charleroi Brussels South Airport,BE,Charleroi
CRM,National Airport,PH,Bobon
CRO,Corcoran,US,Corcoran
CRP,Corpus Christi International Airport,US,
CRQ,Caravelas,BR,Nova Vicosa
CRR,Ceres,AR,Hersilia
CRS,Corsicana,US,Corsicana
CRT,Municipal,US,Crossett
CRU,Carriacou Island,GD,
CRV,Crotone,IT,Isola di Capo Rizzuto
CRW,Yeager Airport,US,Charleston
CRX,Roscoe Turner,US,Corinth
CRY,Carlton Hill,AU,
CRZ,Turkmenabad,TM,Turkmenabat
CSA,Isle Of Colonsay,GB,
CSB,Caransebes,RO,Caransebes
CSC,Canas,CR,
CSD,Cresswell Downs,AU,
CSE,Crested Butte,US,Crested Butte
CSF,Creil,FR,Creil
CSG,Columbus Airport,US,
CSH,Solovky,RU,Rabocheostrovsk
CSI,Casino,AU,Casino
CSJ,Cape St Jacques,VN,Phu Quy
CSK,Cap Skirring,SN,Oussouye
CSL,O Sullivan Army Air Field,US,
CSM,Sherman,US,Meeker
CSN,Carson City,US,Carson City
CSO,Cochstedt,DE,Cochstedt
CSP,Cape Spencer C G Heliport,US,
CSQ,Municipal,US,Creston
CSR,Casuarito,CO,
CSS,Cassilandia,BR,Cassilandia
CST,Castaway,FJ,Lautoka
CSU,Santa Cruz Do Sul,BR,Santa Cruz do Sul
CSV,Memorial,US,Crossville
CSW,Colorado do Oeste,BR,
CSX,Changsha Huanghua Airport,CN,
CSY,Cheboksary Airport,RU,Cheboksary
CSZ,Brigadier Hector Ruiz,AR,Coronel Suarez
CTA,Catania-Fontanarossa Airport,IT,Catania
CTB,Cut Bank,US,Cut Bank
CTC,Catamarca Airport,AR,San Fernando del Valle de Catamarca
CTD,Chitre,PA,Chitre
CTE,Carti,PA,
CTF,Coatepeque Airport,GT,Nuevo Progreso
CTG,Rafael Nunez International Airport,CO,Cartagena
CTH,Chestercounty Carlson,US,Coatesville
CTI,Cuito Cuanavale,AO,
CTK,Canton,US,Canton
CTL,Charleville Airport,AU,
CTM,Chetumal Airport,MX,Chetumal
CTN,Cooktown Airport,AU,
CTO,Peconic River,US,Bealeton
CTP,Carutapera,BR,Carutapera
CTQ,Do Palmar,BR,Santa Vitoria
CTR,Cattle Creek,AU,
CTS,New Chitose Airport,JP,Chitose
CTT,Le Castellet,FR,Le Castellet
CTU,Chengdu Shuangliu International Airport,CN,Dongsheng
CTV,Catoca Airport,AO,Saurimo
CTW,Cottonwood,US,Cottonwood
CTX,Cortland,US,Cortland
CTY,Cross City,US,Cross City
CTZ,Sampson County,US,Clinton
CUA,Ciudad Constitución Airport,MX,
CUB,Owens Field,US,
CUC,Camilo Daza International Airport,CO,Cucuta
CUD,Caloundra,AU,Dicky Beach
CUE,Mariscal Lamar International Airport,EC,Cuenca
CUF,Levaldigi Airport,IT,Centallo
CUG,Cudal,AU,
CUH,Municipal,US,Cushing
CUI,Currillo,CO,Mani
CUJ,Culion,PH,Bulalacao
CUK,Caye Caulker,BZ,
CUL,Culiacan International Airport,MX,El Diez
CUM,Cumana,VE,Cumana
CUN,Cancun International Airport,MX,Alfredo V. Bonfil
CUO,Caruru,CO,
CUP,Carupano,VE,Carupano
CUQ,Coen,AU,
CUR,Curacao International Airport,CW,Sint Michiel Liber
CUS,Municipal,US,Columbus
CUT,Cutral,AR,Plaza Huincul
CUU,Gen Fierro Villalobos Airport,MX,Ninguno [CERESO]
CUV,Casigua,VE,Dabajuro
CUW,Cube Cove,US,
CUX,Cuddihy Field,US,
CUY,Cue,AU,
CUZ,Alejandro Velasco Astete International Airport,PE,Cusco
CVA,Civic Ar Heli,US,
CVB,Chungribu,PG,
CVC,Cleve,AU,Cleve
CVE,Covenas,CO,San Antero
CVF,Courchevel,FR,Courchevel
CVG,Cincinnati/Northern Kentucky Airport,US,Hebron
CVH,Caviahue,AR,
CVI,Caleta Olivia,AR,Caleta Olivia
CVJ,General Mariano Matamoros Airport,MX,Cuernavaca
CVL,Cape Vogel,PG,
CVM,Ciudad Victoria Airport,MX,Ciudad Victoria
CVN,Clovis Municipal Airport,US,Texico
CVO,Albany,US,Albany
CVQ,Carnarvon Airport,AU,
CVR,Hughes,US,Marina del Rey
CVS,Cannon AFB,US,Cannon Air Force Base
CVT,Coventry Airport,GB,Ryton on Dunsmore
CVU,Corvo Island (Azores) Airport,PT,
CWA,Central Wisconsin Airport,US,Mosinee
CWB,Afonso Pena International Airport,BR,Sao Jose dos Pinhais
CWC,Chernivtsi International Airport,UA,Chernivtsi
CWF,Chennault International.,US,Moss Bluff
CWG,Callaway Gardens,US,
CWI,Clinton,US,Camanche
CWJ,Cangyuan Washan Airport,CN,Mengdong
CWK,Chitrakoot Airport,IN,
CWL,Cardiff Airport,GB,Rhoose
CWO,Ft Wolter AAF,US,
CWP,Campbellpore,PK,Sanjwal
CWR,Cowarie,AU,
CWS,Center Island,US,
CWT,Cowra,AU,Cowra
CWW,Corowa,AU,Corowa
CWX,Cochise County Airport,US,Willcox
CXA,Caicara Del Orinoco,VE,Maripa
CXB,Coxs Bazar Airport,BD,Cox's Bazar
CXC,Chitina Airport,US,
CXF,Coldfoot,US,
CXH,Coal Harbour Sea Plane Base,CA,
CXI,Christmas Island Airport,KI,London Village
CXJ,Hugo Cantergiani Regional Airport,BR,Caxias do Sul
CXL,International,US,Calexico
CXN,Candala,SO,Qandala
CXO,Montgomery Co,US,Conroe
CXP,Tunggul Wulung,ID,Karangbadar Kidul
CXQ,Christmas Creek,AU,
CXR,Cam Ranh International Airport,VN,Cam Lam
CXT,Charters Towers,AU,
CXY,Cat Cays,BS,
CYA,Les Cayes,HT,Les Cayes
CYB,Charles Kirkconnel International Airport,KY,
CYC,Caye Chapel,BZ,Shipyard
CYD,San Ignacio Town Airstrip,BZ,Benque Viejo del Carmen
CYE,Crystal Lake,US,Georgetown
CYF,Chefornak Sea Plane Base,US,
CYG,Corryong,AU,
CYI,Chiayi Airport,TW,Taibao
CYL,Coyoles,HN,Manto
CYM,Chatham SPB,US,
CYO,Cayo Largo Del Sur Airport,CU,Jaguey Grande
CYP,Calbayog Airport,PH,Sabang
CYR,Laguna De Los Patos,UY,Tarariras
CYS,Cheyenne,US,
CYT,Intermediate,US,
CYU,Cuyo,PH,Cuyo
CYW,Celaya,MX,Colonia Fraccionamiento el Puente
CYX,Cherskiy Airport,RU,Cherskiy
CYZ,Cauayan Airport,PH,Cauayan
CZA,Chichen Itza,MX,Chichen-Itza
CZB,Carlos Ruhl,BR,Cruz Alta
CZC,Copper Centre,US,
CZE,Coro,VE,Coro
CZF,Cape Romanzof,US,
CZH,Corozal,BZ,
CZJ,Corazon De Jesus,PA,Palenque
CZK,Cascade Locks/Stevens,US,Cascade Locks
CZL,Ain El Bey Airport,DZ,Constantine
CZM,Cozumel Airport,MX,San Miguel de Cozumel
CZN,Chisana Field,US,
CZO,Chistochina,US,
CZP,Cape Pole,US,
CZR,Chara Kyust-Kemda Airport,RU,
CZS,Campo Internacional Airport,BR,Cruzeiro do Sul
CZT,Carrizo Springs,US,Carrizo Springs
CZU,Corozal Airport,CO,Morroa
CZW,Czestochowa,PL,Czestochowa
CZX,Changzhou Airport,CN,Luoxi
CZY,Cluny,AU,
CZZ,Campo,US,Springfield
DAA,Davison AAF,US,Appomattox
DAB,Daytona Beach International Airport,US,Daytona Beach
DAC,Hazrat Shahjalal International Airport,BD,Tungi
DAD,Da Nang International Airport,VN,Thanh Khe
DAF,Daup,PG,
DAG,Barstow-Daggett,US,Crestline
DAH,Dathina,YE,Mudiyah
DAJ,Dauan Island,AU,
DAK,Dakhla,EG,
DAL,Dallas Love Field,US,University Park
DAM,Damascus International Airport,SY,Harran al `Awamid
DAN,Municipal,US,Danville
DAO,Dabo,PG,
DAP,Darchula,NP,Darchula
DAR,Julius Nyerere International Airport,TZ,Dar es Salaam
DAS,Great Bear Lake,CA,
DAT,Datong Airport,CN,Beijiazao
DAU,Daru Airport,PG,
DAV,Enrique Malek Airport,PA,Pedregal
DAX,Dazhou Heshi Airport,CN,Xiwai
DAY,James M. Cox Dayton International Airport,US,Vandalia
DAZ,Darwaz,AF,Nusay
DBA,Dalbandin,PK,Dalbandin
DBB,Alalamain International,EG,Al `Alamayn
DBC,Baicheng Chang'an,CN,Deshun
DBD,Dhanbad,IN,Dhanbad
DBK,Dutch Bay SPB Seaplane Base,LK,Puttalam
DBM,Debra Marcos,ET,Debre Mark'os
DBN,Municipal,US,Dublin
DBO,Dubbo City Regional Airport,AU,Dubbo
DBP,Debepare,PG,
DBQ,Dubuque Municipal Airport,US,Dubuque
DBR,Darbhanga Airport,IN,Darbhanga
DBS,Dubois,US,Dubois
DBT,Debra Tabor,ET,
DBU,Dambulu Oya Tank,LK,Dambulla
DBV,Dubrovnik Airport,HR,Jasenice
DBY,Dalby,AU,Dalby
DCA,Ronald Reagan National Airport,US,
DCF,Canefield Airport,DM,
DCG,Dubai Creek SPB,AE,
DCI,Rafsu Decimomannu,IT,Villasor
DCK,Dahl Creek Airport,US,
DCM,Mazamet Airport,FR,Lagarrigue
DCN,RAAF Curtin,AU,
DCP,Cabin Plant Heliport,CA,Fort Nelson
DCR,Decatur Hi-Way,US,Decatur
DCT,Duncan Town,BS,Duncan Town
DCU,Pyor,US,Decatur
DCY,Daocheng Yading Airport,CN,Sangpi
DDC,Dodge City Municipal Airport,US,Dodge City
DDD,Dhaalu Airport,MV,Kudahuvadhoo
DDG,Langtou Airport,CN,
DDI,Daydream Island,AU,
DDM,Dodoima,PG,
DDN,Delta Downs,AU,
DDP,Dorado Beach,PR,Levittown
DDR,Shigatse Tingri Airport,CN,Xigaze
DDU,Dadu,PK,Dadu
DEA,Dera Ghazi Khan Airport,PK,
DEB,Debrecen Airport,HU,Debrecen
DEC,Decatur Airport,US,Long Creek
DED,Dehra Dun Airport,IN,Dehradun
DEE,Mendeleyevo Airport,RU,Yuzhno-Kurilsk
DEF,Dezful Airport,IR,Andimeshk
DEH,Municipal,US,Decorah
DEI,Denis Island,SC,
DEL,Indira Gandhi International Airport,IN,Gurgaon
DEM,Dembidollo,ET,Dembi Dolo
DEN,Denver International Airport,US,Lochbuie
DEO,Hyatt Regency Heliport,US,Melvindale
DEP,Deparizo,IN,
DEQ,Deqing Moganshan Airport,CN,Leidian
DER,Derim,PG,
DES,Desroches,SC,Port Glaud
DET,Detroit City,US,Hamtramck
DEX,Nop Goliat Airport,ID,
DEZ,Al Jafrah,SY,Deir ez-Zor
DFA,Danfeng Airport,CN,Yaoshi
DFI,Memorial,US,Defiance
DFP,Drumduff,AU,
DFW,Dallas/Fort Worth International Airport,US,Grapevine
DGA,Dangriga,BZ,
DGB,Danger Bay,US,
DGC,Degahbur,ET,Baligubadle
DGD,Dalgaranga,AU,
DGE,Mudgee,AU,Mudgee
DGF,Douglas Lake,CA,
DGG,Daugo,PG,
DGH,Deoghar International Airport,IN,Deoghar
DGK,Dugong,MZ,
DGL,Douglas Municipal,US,
DGM,Dongguan,LK,Nancheng
DGN,NAF,US,Wayne City
DGO,Guadalupe Victoria Airport,MX,Jose Refugio Salcido
DGP,Daugavpils,LV,Daugavpils
DGR,Dargaville,NZ,
DGT,Dumaguete Airport,PH,Dumaguete
DGU,Dedougou,BF,Dedougou
DGW,Converse County,US,Douglas
DHA,King Abdulaziz AB,SA,Dammam
DHB,Deer Harbor,US,
DHD,Durham Downs,AU,
DHF,Al Dhafra Military Airport,AE,
DHG,Dalnegorks,RU,Dal'negorsk
DHH,Balikun Dahe Airport,CN,
DHI,Dhangarhi,NP,Dhangarhi
DHL,Dhala,YE,Dhalie
DHM,Gaggal Airport,IN,Dharmsala
DHN,Dothan Regional Airport,US,Midland City
DHO,Horn River,CA,
DHR,De Kooy/Den Helder Airport,NL,Den Helder
DHT,Dalhart,US,Dalhart
DHX,Dhoho International Airport,ID,
DIA,Doha International Airport,QA,Doha
DIB,Dibrugarh Airport,IN,Dibrugarh
DIE,Antsiranana/Arrachart,MG,Antsiranana
DIG,Diqing Shangri-La Airport,CN,Shangri-La
DIJ,Dijon,FR,Ouges
DIK,Dickinson Regional Airport,US,Dickinson
DIL,Comoro Airport,TL,Dili
DIM,Dimbokro,CI,Dimbokro
DIN,Dien Bien Airport,VN,Dien Bien Phu
DIO,Diomede Island,US,
DIP,Diapaga,BF,
DIQ,Divinopolis,BR,Divinopolis
DIR,Aba Tenna D Yilma Airport,ET,Dire Dawa
DIS,Loubomo,CG,Dolisie
DIU,Diu Airport,IN,Diu
DIV,Divo,CI,Divo
DIW,Mawella Lagoon Airport,LK,
DIY,Diyarbakir Airport,TR,Baglar
DJA,Djougou,BJ,Djougou
DJB,Sultan Thaha Airport,ID,Jambi City
DJE,Melita Airport,TN,Houmt Souk
DJG,Inedbirenne Airport,DZ,
DJH,Jebel Ali Seaplane Base,AE,Jebel Ali
DJJ,Sentani Airport,ID,Sentani
DJM,Djambala,CG,
DJN,Delta Junction,US,
DJO,Daloa,CI,Daloa
DJU,Djupivogur,IS,Reydarfjoerdur
DKA,Katsina,NG,Katsina
DKI,Dunk Island,AU,
DKK,Dunkirk,US,Dunkirk
DKL,Kiwigana Lodge Heliport,CA,
DKR,Leopold Sedar Senghor International Airport,SN,Mermoz Boabab
DKS,Dikson,RU,Dikson
DKV,Docker River,AU,
DLA,Douala Airport,CM,Douala
DLB,Dalbertis,PG,Olaine
DLC,Dalian Zhoushuizi International Airport,CN,Dalian
DLE,Dole-Jura Airport,FR,Choisey
DLF,Laughlin AFB,US,Del Rio
DLG,Dillingham Airport,US,
DLH,Duluth International Airport,US,Hermantown
DLI,Lien Khuong Airport,VN,Duc Trong
DLK,Dulkaninna,AU,
DLL,Dillon,US,Dillon
DLM,Dalaman Airport,TR,Dalaman
DLN,Dillon,US,Dillon
DLO,Dolomi,US,
DLR,Dalnerechensk Airport,RU,Dal'nerechensk
DLS,Columbia Gorge Regional/The Dalles Municipal Airport,US,The Dalles
DLU,Dali Airport,CN,Dali
DLV,Delissaville,AU,Larrakeyah
DLY,Dillons Bay,VU,
DLZ,Dalanzadgad,MN,Ogoomor
DMA,Davis Monthan AFB,US,Tucson
DMB,Jambyl Airport,KZ,Taraz
DMD,Doomadgee Airport,AU,
DME,Moscow Domodedovo Airport,RU,Yakovlevskoye
DMK,Don Mueang International Airport,TH,Don Mueang
DMM,King Fahd International Airport,SA,Al Awjam
DMN,Deming,US,Deming
DMO,Sedalia,US,Sedalia
DMR,Dhamar,YE,Dhamar
DMT,Diamantino,BR,
DMU,Dimapur Airport,IN,Dimapur
DNA,Kadena AB,JP,Okinawa
DNB,Dunbar,AU,
DND,Dundee Airport,GB,
DNE,Dallas North Airport,US,Westworth
DNF,Martuba,LY,Darnah
DNG,Doongan,AU,
DNH,Dunhuang Airport,CN,
DNI,Wad Medani,SD,Wad Medani
DNK,Dnepropetrovsk International Airport,UA,Aviatorskoe
DNL,Daniel Field,US,Augusta
DNM,Denham,AU,
DNN,Municipal,US,
DNO,Dianopolis,BR,Taguatinga
DNP,Dang,NP,
DNQ,Deniliquin,AU,Deniliquin
DNR,Pleurtuit Airport,FR,Pleurtuit
DNS,Municipal,US,Denison
DNT,Downtown Heliport,US,Santa Ana
DNU,Dinangat,PG,
DNV,Vermilion County,US,Danville
DNX,Galegu,SD,Kinana
DNZ,Cardak Airport,TR,Cardak
DOA,Doany,MG,
DOB,Dobo Airport,ID,
DOC,Dornoch,GB,Dornoch
DOD,Dodoma Airport,TZ,Dodoma
DOE,Djoemoe,SR,
DOF,Dora Bay,US,
DOG,Dongola,SD,Dongola
DOH,Hamad International Airport,QA,Doha
DOI,Doini,PG,
DOK,Donetsk International Airport,UA,Avdiyivka
DOL,Saint Gatien Airport,FR,Saint-Gatien-des-Bois
DOM,Melville Hall Airport,DM,
DON,Dos Lagunas,GT,
DOO,Dorobisoro,PG,
DOP,Dolpa,NP,
DOR,Dori,BF,Dori
DOS,Dios,PG,
DOU,Dourados Airport,BR,Dourados
DOV,Dover AFB,US,Dover Base Housing
DOX,Dongara,AU,
DOY,Dongying Airport,CN,Shengli
DPA,DuPage Airport,US,Wayne
DPB,Pampa Guanaco Airport,CL,
DPE,Dieppe,FR,Saint-Martin-en-Campagne
DPG,Michael AAF,US,Grantsville
DPK,Deer Park,US,Old Greenwich
DPL,Dipolog Airport,PH,Dipolog
DPO,Devonport Airport,AU,
DPP,Datia Airport,IN,
DPS,Ngurah Rai International Airport,ID,Kelanabian
DPT,Deputatsky,RU,Deputatsky
DPU,Dumpu,PG,
DQA,Daqing Shi Airport,CN,Wolitun
DQM,Duqm International Airport,OM,
DRA,Desert Rock,US,
DRB,Derby,AU,
DRC,Dirico,AO,
DRD,Dorunda Station,AU,
DRE,Drummond Island,US,
DRF,Drift River,US,
DRG,Deering Airport,US,
DRH,Dabra,ID,Dabra
DRI,Beauregard Parish,US,DeRidder
DRJ,Drietabbetje,SR,
DRK,Drake Bay,CR,
DRN,Dirranbandi,AU,
DRO,Durango-La Plata County Airport,US,Bayfield
DRP,Bicol International Airport,PH,
DRR,Durrie,AU,
DRS,Dresden International Airport,DE,
DRT,Del Rio International Airport,US,Ciudad Acuna
DRU,Drummond,US,Philipsburg
DRV,Dharavandhoo AIrport,MV,Open Stage
DRW,Darwin International Airport,AU,Ludmilla
DRY,Drysdale River,AU,
DSA,Doncaster Sheffield Airport,GB,Finningley
DSC,Dschang,CM,Bali
DSD,La Desirade,GP,Grande Anse
DSE,Combolcha,ET,Kombolcha
DSG,Dilasag,PH,Cabra
DSI,Destin-Fort Walton Beach Airport,US,Destin
DSK,Dera Ismail Khan,PK,Shorko
DSM,Des Moines International Airport,US,Norwalk
DSN,Ordos Ejin Horo Airport,CN,Tianjiao
DSO,Sondok,KP,Sinsang-ni
DSS,Blaise Diagne International Airport,SN,Pout
DST,Dubai Seaplane Terminal,AE,
DSV,Dansville,US,Dansville
DSX,Dongsha Island,TW,Hudong
DSY,Dara Sakor International Airport,KH,Koh Kong
DTA,Delta,US,Delta
DTB,Sisingamangaraja XII International Airport,ID,Siborong-borong
DTD,Datadawai,ID,
DTE,Naga,PH,Daet
DTH,Death Valley,US,
DTI,Diamantina,BR,Diamantina
DTL,Municipal,US,Detroit Lakes
DTM,Dortmund Airport,DE,Holzwickede
DTN,Shreveport Downtown,US,
DTR,Decatur Island,US,
DTU,Wudalianchi Dedu Airport,CN,Baoquan
DTW,Detroit Metropolitan Wayne County Airport,US,Detroit
DUA,Eaker,US,Durant
DUB,Dublin Airport,IE,Beaumont
DUC,Halliburton Field,US,Duncan
DUD,Dunedin International Airport,NZ,Milton
DUE,Dundo,AO,
DUF,Pine Island Airport,US,Southern Shores
DUG,Bisbee-Douglas International,US,Pirtleville
DUJ,Du Bois-Jefferson County,US,Reynoldsville
DUK,Dukuduk,ZA,Mtubatuba
DUM,Pinang Kampai,ID,Bagan Besar
DUN,Dundas,GL,
DUQ,Duncan/Quam,CA,Duncan
DUR,King Shaka International Airport,ZA,Ballitoville
DUS,Dusseldorf International Airport,DE,
DUT,Unalaska Airport,US,
DVD,Andavadoaka,MG,
DVK,Diavik,CA,
DVL,Devils Lake Airport,US,Devils Lake
DVN,Davenport,US,Eldridge
DVO,Francisco Bangoy Intl Airport,PH,Babak
DVP,Davenport Downs,AU,
DVR,Daly River,AU,
DVT,Phoenix Deer Valley Airport,US,Glendale
DWA,Dwangwa,MW,Nkhotakota
DWB,Soalala,MG,Sitampiky
DWC,Dubai World Central - Al Maktoum International Airport,AE,
DWD,Dawadmi Airport,SA,Ad Dawadimi
DWF,Wright AFB,US,Kettering
DWH,David Wayne Hooks,US,
DWN,Downtown Airpark,US,
DWO,Diyawanna Oya Seaplane Base,LK,Battaramulla South
DWR,Dwyer Air Base,AF,Markaz-e Hukumat-e Darweshan
DWS,Walt Disney World,US,Celebration
DXB,Dubai Airport,AE,
DXD,Dixie,AU,
DXE,Bruce Campbell Field,US,Madison
DXJ,Xiangxi Biancheng Airport,CN,
DXR,Danbury Municipal Airport,US,Danbury
DYA,Dysart,AU,
DYG,Zhangjiajie Hehua Airport,CN,
DYL,Doylestown,US,Doylestown
DYM,Diamantina Lakes,AU,
DYR,Anadyr Airport,RU,Anadyr
DYS,Dyess AFB,US,Abilene
DYU,Dushanbe Airport,TJ,Dushanbe
DYW,Daly Waters,AU,
DZA,Dzaoudzi Airport,YT,Pamandzi
DZH,Dazhou Jinya Airport,CN,Dazhou
DZI,Codazzi,CO,Agustin Codazzi
DZN,Zhezhazgan Airport,KZ,Zhezqazghan
DZO,Santa Bernardina,UY,Durazno
DZU,Dazu,CN,Longgang
EAA,Eagle,US,
EAB,Abbse,YE,Al Hadiyah
EAE,Emae,VU,
EAL,Elenak,MH,
EAM,Nejran,SA,Najran
EAN,Phifer Field,US,Wheatland
EAP,EuroAirport Basel-Mulhouse-Freiburg Airport,CH,Basel
EAR,Kearney Regional Airport,US,Kearney
EAS,San Sebastian Airport,ES,Fuenterrabia
EAT,Pangborn Field,US,East Wenatchee Bench
EAU,Eau Claire Airport,US,Lake Hallie
EBA,Marina Di Campo Airport,IT,Campo nell'Elba
EBB,Entebbe International Airport,UG,Entebbe
EBD,El Obeid,SD,El Obeid
EBG,El Bagre,CO,El Bagre
EBH,El Bayadh,DZ,El Bayadh
EBJ,Esbjerg Airport,DK,Tjaereborg
EBL,Erbil International Airport,IQ,Erbil
EBM,El Borma,TN,Remada
EBN,Ebadon,MH,
EBO,Ebon Airport,MH,Ebon
EBR,Downtown,US,Port Allen
EBS,Municipal,US,Webster City
EBU,Boutheon Airport,FR,Veauche
EBW,Ebolowa,CM,Ebolowa
ECA,Emmet County Airport,US,East Tawas
ECG,Elizabeth City,US,Camden
ECH,Echuca,AU,Echuca
ECI,Costa Esmeralda Airport,NI,Tola
ECN,Ercan Airport,CY,Geri
ECO,El Encanto,CO,
ECP,NW Florida Beaches Int,US,Laguna Beach
ECR,El Charco,CO,
ECS,Mondell,US,Newcastle
EDA,Edna Bay,US,
EDB,Eldebba,SD,Ad Dabbah
EDC,Austin Executive Airport,US,
EDD,Erldunda,AU,
EDE,Municipal,US,Edenton
EDF,Elmendorf AFB,US,
EDG,Weide AAF,US,Joppatowne
EDI,Edinburgh Airport,GB,Ratho
EDK,El Dorado,US,El Dorado
EDL,Eldoret Airport,KE,Eldoret
EDM,Les Ajoncs,FR,Dompierre-sur-Yon
EDN,Enterprise Muni Airport,US,
EDO,Balikesir Koca Seyit Airport,TR,Edremit
EDQ,Erandique,HN,Erandique
EDR,Edward River,AU,
EDW,Edwards AFB,US,North Edwards
EEA,Aeroporto Regional do Planalto Serrano,BR,Correia Pinto
EED,Needles,US,Needles
EEK,Eek Airport,US,
EEN,Dillant-Hopkins,US,Swanzey
EES,Berenice International Airport,EG,Berenice City
EFB,Eight Fathom Bight,US,
EFD,Ellington Field,US,Webster
EFG,Efogi,PG,
EFK,Newport,US,
EFL,Kefallinia Airport,GR,Argostolion
EFO,East Fork Airport,US,
EFW,Municipal,US,Jefferson
EGA,Engati,PG,
EGC,Roumanieres Airport,FR,Bergerac
EGE,Eagle County Airport,US,Gypsum
EGI,Duke Field,US,Valparaiso
EGL,Neghelli,ET,Shakiso
EGM,Sege Airport,SB,
EGN,Geneina Airport,SD,Geneina
EGO,Belgorod Airport,RU,Belgorod
EGP,Maverick Co,US,Las Quintas Fronterizas Colonia
EGS,Egilsstadir Airport,IS,
EGV,Eagle River,US,Eagle River
EGX,Egegik Airport,US,
EHL,El Bolson,AR,Lago Puelo
EHM,Cape Newenham,US,
EHT,Rentschler,US,
EHU,Ezhou Huahu Airport,CN,Ezhou
EIA,Popondetta,PG,
EIB,Eisenach,DE,Haina
EIE,Eniseysk,RU,Yeniseysk
EIH,Einasleigh,AU,
EIK,Yeysk,RU,Yeysk
EIL,Eielson AFB,US,
EIN,Eindhoven Airport,NL,Meerhoven
EIS,Terrance B. Lettsome International Airport,VG,
EIY,Ein Yahav,IL,
EJA,Variguies Airport,CO,Barrancabermeja
EJH,Wedjh Airport,SA,Al Wajh
EJN,Ejin Banner Taolai Airport,CN,Dalain Hob
EJT,Enijet,MH,
EKA,Murray Field,US,Myrtletown
EKB,Ekibastuz,KZ,Ekibastuz
EKD,Elkedra,AU,
EKE,Ekereku,GY,
EKI,Municipal,US,Simonton Lake
EKN,Elkins,US,Elkins
EKO,Elko Airport,US,Elko
EKS,Shakhtyorsk Airport,RU,Shakhtersk
EKT,Eskilstuna,SE,
EKX,Elizabethtown,US,Elizabethtown
ELA,Eagle Lake,US,Eagle Lake
ELB,San Bernado,CO,El Banco
ELC,Elcho Island Airport,AU,
ELD,South Arkansas Regional Airport,US,El Dorado
ELE,El Real,PA,
ELF,El Fasher Airport,SD,El Fasher
ELG,El Golea Airport,DZ,Metlili Chaamba
ELH,North Eleuthera International Airport,BS,
ELI,Elim Airport,US,
ELJ,El Recreo,CO,La Macarena
ELK,Municipal,US,Elk City
ELL,Ellisras,ZA,Lephalale
ELM,Elmira Corning Regional Airport,US,Big Flats
ELN,Bowers Field,US,Ellensburg
ELO,Eldorado,AR,Puerto Piray
ELP,El Paso International Airport,US,Fort Bliss
ELQ,Prince Nayef bin Abdulaziz Regional Airport,SA,Al Bukayriyah
ELR,Elelim,ID,
ELS,East London Airport,ZA,East London
ELT,Tour Sinai City,EG,Tor
ELU,Guemar Airport,DZ,Reguiba
ELV,Elfin Cove SPB,US,
ELW,Ellamar,US,
ELX,El Tigre,VE,El Tigre
ELY,Yelland,US,Ely
ELZ,Municipal,US,Wellsville
EMA,East Midlands Airport,GB,Castle Donington
EMB,Embarkadero,US,
EMD,Emerald Airport,AU,Emerald
EME,Emden,DE,Emden
EMG,Empangeni,ZA,Empangeni
EMI,Emirau,PG,
EMK,Emmonak Airport,US,
EML,Emmen,CH,Emmen
EMM,Kemerer,US,Kemmerer
EMN,Nema,MR,
EMO,Emo,PG,
EMP,Emporia,US,Emporia
EMS,Embessa,PG,
EMT,El Monte,US,El Monte
EMX,El Maiten,AR,El Maiten
EMY,El Minya,EG,Al Minya
ENA,Kenai Municipal Airport,US,Kenai
ENB,Eneabba West,AU,
ENC,Essey,FR,Essey-les-Nancy
END,Vance AFB,US,
ENE,H. Hasan Aroeboesman Airport,ID,Onekore
ENF,Enontekio,FI,Enontekioe
ENG,Enggano Airport,ID,
ENH,Enshi Airport,CN,Enshi
ENI,El Nido,PH,El Nido
ENJ,El Naranjo,GT,
ENK,Enniskillen St. Angelo,GB,Enniskillen
ENL,Municipal,US,Centralia
ENN,Municipal,US,
ENO,Teniente Prim Alarcon,PY,Capitan Miranda
ENQ,Coronel E Soto Cano AB,HN,Yarumela
ENS,Twente,NL,
ENT,Enewetak Island,MH,
ENU,Enugu Airport,NG,Enugu
ENV,Wendover,US,Wendover
ENW,Kenosha Regional Airport,US,Kenosha
ENY,Ershilipu Airport,CN,Bao'an
EOH,Enrique Olaya Herrera Airport,CO,Itagui
EOI,Eday Airport,GB,
EOK,Keokuk,US,Keokuk
EOR,El Dorado,VE,
EOS,Neosho,US,Neosho
EOZ,Elorza,VE,Elorza
EPA,El Palomar,AR,Hurlingham
EPG,Browns,US,Weeping Water
EPH,Ephrata,US,Ephrata
EPI,Epi,VU,
EPL,Mirecourt,FR,Mirecourt
EPN,Epena,CG,
EPR,Esperance Airport,AU,Nulsen
EPS,Arroyo Barril International,DO,Las Terrenas
EPT,Eliptamin,PG,
EPU,Parnu,EE,Sauga
EQS,Esquel Airport,AR,Esquel
ERA,Erigavo,SO,Ceerigaabo
ERB,Ernabella,AU,
ERC,Erzincan Airport,TR,Erzincan
ERD,Berdyansk,UA,Berdyans'k
ERE,Erave,PG,
ERF,Erfurt Airport,DE,Ingersleben
ERG,Erbogachen Airport,RU,Yerbogachen
ERH,Moulay Ali Cherif Airport,MA,Errachidia
ERI,Erie International Airport,US,Fairview
ERL,Eren Hot Airport,CN,Erenhot
ERM,Comandante Kraemer,BR,Erechim
ERN,Eirunepe,BR,Eirunepe
ERQ,Elrose Mine,AU,
ERR,Errol,US,Milan
ERS,Eros Airport,NA,
ERT,Erdenet,MN,Erdenet
ERU,Erume,PG,
ERV,Kerrville,US,Kerrville
ERZ,Erzurum Airport,TR,Ilica
ESA,Esa'Ala,PG,
ESB,Esenboga International Airport,TR,Akyurt
ESC,Delta County Airport,US,Escanaba
ESD,Orcas Island Airport,US,
ESE,Ensenada,MX,Ensenada
ESF,Esler Field,US,Ball
ESG,Mariscal Estigarribia,PY,
ESH,Shoreham,GB,Lancing
ESI,Espinosa,BR,Itacarambi
ESK,Eskisehir,TR,Eskisehir
ESL,Elista Airport,RU,Troitskoye
ESM,Esmeraldas Airport,EC,Esmeraldas
ESN,Easton,US,Easton
ESO,Espanola,US,Ohkay Owingeh
ESP,Birchwood-Pocono,US,Stroudsburg
ESR,El Salvador,CL,Diego de Almagro
ESS,Essen,DE,Muelheim (Ruhr)
EST,Municipal,US,Estherville
ESU,Essaouira Airport,MA,Essaouira
ESW,State,US,Cle Elum
ETB,West Bend,US,West Bend
ETD,Etadunna,AU,
ETE,Genda Wuha,ET,Doka
ETH,Eilat Airport,IL,
ETL,Svetlaya Airport,RU,Svetlaya
ETM,Ramon Airport,IL,
ETN,Municipal,US,Eastland
ETR,Coronel Artilleria Victor Larrea Airport,EC,Santa Rosa
ETS,Municipal,US,Enterprise
ETZ,Metz-Nancy-Lorraine Airport,FR,Verny
EUA,Kaufana,TO,`Ohonua
EUC,Eucla,AU,
EUE,Eureka,US,Eureka
EUF,Weedon Field,US,Eufaula
EUG,Eugene Airport,US,Junction City
EUM,Neumuenster,DE,Neumunster
EUN,Hassan I Airport,MA,Laayoune / El Aaiun
EUO,Paratebueno,CO,Paratebueno
EUQ,Evelio Javier,PH,San Pedro
EUX,F D Roosevelt Airport,NL,Oranjestad
EVA,Landing Strip,US,Evadale
EVD,Eva Downs,AU,
EVE,Harstad/Narvik Airport Evenes,NO,Evenskjer
EVG,Sveg Airport,SE,Sveg
EVH,Evans Head,AU,Evans Head
EVM,Eveleth,US,Eveleth
EVN,Zvartnots International Airport,AM,Arbat'
EVV,Evansville Regional Airport,US,Melody Hill
EVW,Evanston,US,Evanston
EVX,Evreux,FR,Evreux
EWB,New Bedford Airport,US,New Bedford
EWD,Wildman Lake,US,
EWE,Ewer,ID,
EWI,Enarotali,ID,Enarotali
EWK,City-County,US,Newton
EWN,Coastal Carolina Regional Airport,US,James City
EWO,Ewo,CG,
EWR,Newark Liberty International Airport,US,New York
EXI,SPB,US,
EXM,Exmouth Gulf,AU,
EXT,Exeter International Airport,GB,Topsham
EYA,Zeya Airport,RU,
EYK,Beloyarsky Airport,RU,Beloyarskiy
EYL,Yelimane,ML,Yelimane
EYP,El Yopal Airport,CO,Yopal
EYR,Yerington,US,Yerington
EYS,Eliye Springs,KE,
EYW,Key West International Airport,US,Stock Island
EZE,Ministro Pistarini Airport,AR,Ezeiza
EZS,Elazig Airport,TR,Mollakendi
EZV,Berezovo,RU,Berezovo
FAA,Faranah,GN,Faranah
FAB,Farnborough,GB,Farnborough
FAC,Faaite,PF,
FAE,Vagar Airport,FO,Midvagur
FAF,Felker AAF,US,
FAG,Fagurholsmyri,IS,
FAH,Farah,AF,Farah
FAI,Fairbanks International Airport,US,
FAJ,Diego Jimenez Torres,PR,Luis M. Cintron
FAK,False Island,US,
FAL,Falcon State,US,Nueva Ciudad Guerrero
FAM,Regional,US,Farmington
FAO,Faro Airport,PT,
FAQ,Freida River,PG,
FAR,Hector International Airport,US,Oakport
FAS,Faskrudsfjordur,IS,Eskifjoerdur
FAT,Fresno Yosemite International Airport,US,Sunnyside
FAU,Fahud,OM,
FAV,Fakarava Airport,PF,
FAY,Fayetteville Regional Airport,US,Hope Mills
FAZ,Fasa,IR,Fasa
FBA,Fonte Boa,BR,
FBD,Faizabad Airport,AF,Fayzabad
FBE,Francisco Beltrao,BR,Francisco Beltrao
FBG,Simmons AAF,US,Fort Bragg
FBK,Ft Wainwright,US,
FBL,Municipal,US,Faribault
FBM,Lubumbashi International Airport,CD,Lubumbashi
FBR,Fort Bridger,US,Mountain View
FBS,Friday Harbor SPB,US,
FBY,Municipal,US,Fairbury
FCA,Glacier Park International Airport,US,Evergreen
FCB,Ficksburg Sentra Oes,ZA,Ficksburg
FCH,Fresno-Chandler,US,Fresno
FCM,Flying Cloud Airport,US,
FCN,Cuxhaven/Nordholz,DE,Midlum
FCO,Leonardo da Vinci-Fiumicino Airport,IT,Fiumicino-Isola Sacra
FCS,Butts AAF,US,Colorado Springs
FCT,Firing Center AAF,US,
FCY,Municipal,US,Forrest City
FDE,Bringeland Airport,NO,Sande
FDF,Martinique Aime Cesaire International Airport,MQ,Le Lamentin
FDH,Friedrichshafen Airport,DE,Friedrichshafen
FDK,Frederick Municipal,US,Frederick
FDR,Municipal,US,Frederick
FDU,Bandundu,CD,Bandundu
FDY,Findlay,US,Paulding
FEA,Fetlar,GB,
FEB,Sanfebagar,NP,Achham
FEC,Feira De Santana,BR,Feira de Santana
FEG,Fergana Airport,UZ,Fergana
FEJ,Feijo,BR,Feijo
FEK,Ferkessedougou,CI,Ferkessedougou
FEL,Fuerstenfeldbruck,DE,Maisach
FEN,Fernando De Noronha Airport,BR,Fernando de Noronha (Distrito Estadual)
FEP,Albertus,US,Freeport
FES,San Fernando,ES,San Fernando
FET,Municipal,US,Fremont
FEW,Warren AFB,US,Cheyenne
FEZ,Fes-Saiss Airport,MA,Oulad Tayeb
FFA,First Flight,US,Kill Devil Hills
FFD,Fairford RAF Station,GB,Fairford
FFL,Municipal,US,Fairfield
FFM,Fergus Falls,US,Fergus Falls
FFO,Patterson AFB,US,Dayton
FFT,Capital City,US,Frankfort
FFU,Futaleufu,CL,Futaleufu
FGD,Fderik,MR,
FGI,Fagali I Airport,WS,Apia
FGL,Fox Glacier,NZ,
FGR,Fuengirola,ES,Fuengirola
FGU,Fangatau,PF,
FHU,Municipal,US,Huachuca City
FHZ,Fakahina,PF,
FIC,Fire Cove,US,
FID,Elizabeth Field,US,
FIE,Fair Isle,GB,
FIG,Fria,GN,Fria
FIH,N'djili Airport,CD,Masina
FIK,Finke,AU,
FIL,Municipal,US,Fillmore
FIN,Finschhafen,PG,
FIV,Five Finger,US,
FIZ,Fitzroy Crossing,AU,
FJR,Al-Fujairah International,AE,Al Fujayrah
FKB,Baden-Airpark,DE,Hugelsheim
FKI,Bangoka International Airport,CD,Kisangani
FKJ,Fukui,JP,Maruoka
FKL,Venango Regional Airport,US,Franklin
FKN,Municipal,US,Franklin
FKQ,Fak Fak Airport,ID,Fakfak
FKS,Fukushima Airport,JP,Sukagawa
FLA,Capitolio Airport,CO,Florencia
FLB,Cangapara,BR,Floriano
FLC,Falls Creek,AU,Maryborough
FLD,Fond Du Lac,US,North Fond du Lac
FLF,Schaferhaus,DE,Harrislee
FLG,Flagstaff Pulliam Airport,US,Kachina Village
FLH,Flotta,GB,
FLI,Flateyri,IS,
FLJ,Falls Bay,US,
FLL,Fort Lauderdale-Hollywood International Airport,US,
FLM,Filadelfia,PY,Filadelfia
FLN,Hercilio Luz International Airport,BR,Carianos
FLO,Florence Airport,US,Florence
FLP,Flippin,US,Flippin
FLR,Firenze-Peretola Airport,IT,Sesto Fiorentino
FLS,Flinders Island Airport,AU,Bridport
FLT,Flat,US,
FLU,Flushing,US,
FLV,Sherman AAF,US,Weston
FLW,Santa Cruz Airport,PT,
FLX,Fallon Municipal Airport,US,
FLY,Finley,AU,
FLZ,Ferdinand Lumban Tobing Airport,ID,Batangtoru
FMA,El Pucu Airport,AR,Formosa
FMC,Five Mile,US,
FME,Tipton AAF,US,Laurel
FMG,Flamingo,CR,Sardinal
FMH,Otis AFB,US,Forestdale
FMI,Kalemie Airport,CD,Kalemie
FMM,Memmingen Allgau Airport,DE,Memmingerberg
FMN,Four Corners Regional Airport,US,Farmington
FMO,Munster Osnabruck International Airport,DE,Ladbergen
FMS,Municipal,US,Fort Madison
FMT,Faresmathoda Airport,MV,
FMU,Florence Municipal,US,Florence
FMY,Page Field,US,Pine Manor
FNA,Lungi International Airport,SL,Masoyila
FNB,Neubrandenburg,DE,Trollenhagen
FNC,Madeira Airport,PT,Machico
FND,Funadhoo Airport,MV,Funadhoo
FNE,Fane,PG,
FNG,Fada Ngourma,BF,Fada N'gourma
FNH,Fincha,ET,Shambu
FNI,Garons Airport,FR,Garons
FNJ,Pyongyang Sunan International Airport,KP,Sunan
FNK,Fin Creek,US,
FNL,Municipalcipal Airport,US,
FNR,SPB,US,
FNT,Bishop International Airport,US,Flint
FNU,Fenosu,IT,Palmas Arborea
FOA,Foula,GB,
FOB,Fort Bragg,US,Fort Bragg
FOC,Changle International Airport,CN,
FOD,Fort Dodge Airport,US,Fort Dodge
FOE,Forbes Field,US,
FOG,Gino Lisa,IT,
FOK,Suffolk County,US,Westhampton
FOM,Foumban,CM,Foumban
FON,Fortuna Airport,CR,Quesada
FOO,Numfoor,ID,Kameri
FOP,Morris AAF,US,Forest Park
FOR,Pinto Martins Airport,BR,Fortaleza
FOS,Forrest,AU,
FOT,Forster,AU,Dungog
FOU,Fougamou,GA,
FOX,Fox,US,Salcha
FOY,Foya,LR,Buedu
FPO,Grand Bahama International Airport,BS,Freeport
FPR,St Lucie County,US,Fort Pierce
FPY,Perry-Foley,US,Perry
FRA,Frankfurt Airport,DE,Kelsterbach
FRB,Forbes,AU,Forbes
FRC,Franca,BR,Franca
FRD,Friday Harbor Airport,US,
FRE,Fera Island Airport,SB,
FRG,Republic Field,US,East Farmingdale
FRH,Municipal,US,French Lick
FRI,Marshall AAF,US,Fort Riley North
FRK,Fregate Island,SC,
FRL,Luigi Ridolfi,IT,Forli
FRM,Fairmont,US,Fairmont
FRN,Bryant AAF,US,Elmendorf Air Force Base
FRO,Flora Airport,NO,Floro
FRP,Fresh Water Bay,US,
FRQ,Feramin,PG,
FRR,Front Royal-Warren County,US,Front Royal
FRS,Santa Elena Airport,GT,Flores
FRT,Frutillar,CL,Frutillar
FRU,Manas International Airport,KG,Bishkek
FRW,Francistown Airport,BW,Francistown
FRY,Fryeburg,US,Fryeburg
FRZ,Fritzlar Airbase,DE,Fritzlar
FSC,Sud Corse Airport,FR,Bonifacio
FSD,Sioux Falls Regional Airport (Joe Foss Field),US,Sioux Falls
FSI,Henry Post AAF,US,
FSK,Municipal,US,Fort Scott
FSL,Fossil Downs,AU,
FSM,Fort Smith Regional Airport,US,Barling
FSN,Haley AAF,US,Buffalo Grove
FSP,Saint Pierre Airport,PM,Saint-Pierre
FSS,Kinloss,GB,Kinloss
FST,Pecos County,US,Fort Stockton
FSU,Fort Sumner,US,Fort Sumner
FSZ,Shizuoka Airport,JP,Shimada
FTA,Futuna Airport,VU,
FTE,El Calafate Airport,AR,
FTI,Fitiuta,AS,
FTK,Godman AAF,US,Fort Knox
FTL,Fortuna Ledge,US,
FTU,Marillac Airport,MG,Fort Dauphin
FTW,Meacham Field,US,
FTX,Owando,CG,Owando
FTY,Fulton County,US,Mableton
FUB,Fulleborn,PG,
FUE,Fuerteventura Airport,ES,Puerto del Rosario
FUG,Fuyang Airport,CN,Fuyang
FUJ,Fukue Airport,JP,Fukuecho
FUK,Fukuoka Airport,JP,Fukuoka-shi
FUL,Municipal,US,Buena Park
FUM,Fuma,PG,
FUN,Funafuti Atol International Airport,TV,Fakaifou Village
FUO,Fuoshan Airport,CN,Guangzhou
FUT,Futuna Island,WF,Sigave
FVL,Flora Valey,AU,
FVM,Fumawula,MV,Fuvahmulah
FVR,Forrest River Airport,AU,
FWA,Fort Wayne International Airport,US,Ossian
FWH,Fort Worth NAS Jrb/Carswell Field,US,
FWL,Farewell,US,
FWM,Heliport,GB,Fort William
FXE,Fort Lauderdale Executive Airport,US,Dania Beach
FXM,Flaxman Island,US,
FXO,Cuamba,MZ,Cuamba
FXY,Municipal,US,Forest City
FYJ,Fuyuan Dongji Airport,CN,Fuyuan
FYM,Municipal,US,Fayetteville
FYN,Fuyun Koktokay Airport,CN,Kalatongke
FYT,Faya,TD,Faya-Largeau
FYU,Fort Yukon Airport,US,
FYV,Municipal (Drake Field),US,Greenland
FZL,Fuzuli International Airport,AZ,Fuzuli
FZO,Filton,GB,Almondsbury
GAA,Guamal,CO,Guamal
GAB,Gabbs,US,
GAC,Gracias,HN,Gracias
GAD,Municipal,US,Attalla
GAE,Gabès Matmata International Airport,TN,Gabes
GAF,Gafsa,TN,Gafsa
GAG,Gage,US,Shattuck
GAH,Gayndah,AU,Gayndah
GAI,Montgomery County,US,Gaithersburg
GAJ,Junmachi Airport,JP,Higashine
GAK,Gakona,US,
GAL,Edward G. Pitka Sr. Airport,US,
GAM,Gambell Airport,US,
GAN,Gan/Seenu Airport,MV,Hithadhoo
GAO,Los Canos Airport,CU,
GAP,Gusap,PG,
GAQ,Gao,ML,Gao
GAR,Garaina,PG,
GAS,Garissa,KE,
GAT,Tallard,FR,Gap
GAU,Lokpriya Gopinath Bordoloi International Airport,IN,Palasbari
GAV,Gag Island,ID,
GAW,Gangaw,MM,Hakha
GAX,Gamba,GA,
GAY,Gaya Airport,IN,Bodh Gaya
GAZ,Guasopa,PG,
GBA,Big Bay,VU,
GBB,Gabala International Airport,AZ,Agdas
GBC,Gasuke,PG,
GBD,Great Bend,US,Great Bend
GBE,Sir Seretse Khama International Airport,BW,Mmopone
GBF,Negarbo,PG,
GBG,Galesburg,US,Galesburg
GBH,Galbraith Lake,US,
GBI,Auxiliary Airfield,BS,Lucaya
GBJ,Les Bases,GP,Grand-Bourg
GBK,Gbangbatok,SL,Mogbwemo
GBL,Goulburn Island,AU,
GBM,Garbaharey,SO,Garbahaarrey
GBO,Baltimore Greenbelt T,US,Catonsville
GBP,Gamboola,AU,
GBR,Walter J. Koladza Airport,US,Great Barrington
GBS,Port Fitzroy,NZ,
GBT,Gorgon Airport,IR,Gorgan
GBU,Khashm El Girba,SD,
GBV,Gibb River,AU,
GBW,Ginbata Airport,AU,
GBZ,Great Barrier Island,NZ,Coromandel
GCA,Guacamaya,CO,Gigante
GCC,Campbell County Airport,US,Gillette
GCD,Grand Coulee Dam,US,Coulee Dam
GCH,Gachsaran,IR,Dogonbadan
GCI,Guernsey Airport,GG,
GCJ,Grand Central,ZA,Germiston
GCK,Garden City Municipal Airport,US,Garden City
GCM,Owen Roberts International Airport,KY,George Town
GCN,National Park,US,
GCT,Grand Canyon Bar 10 Airport,US,
GCV,Gravatai,BR,Gravatai
GCW,Grand Canyon West,US,Meadview
GCY,Municipal,US,Greeneville
GDA,Gounda,CF,
GDB,Gondia Airport,IN,Gondia
GDC,Donaldson Center,US,Mauldin
GDD,Gordon Downs,AU,
GDE,Gode/Iddidole Airport,ET,Yeed
GDG,Magdagachi,RU,Magdagachi
GDH,Golden Horn Lodge SPB,US,
GDI,Gordil,CF,
GDJ,Gandajika,CD,
GDL,Don Miguel Hidal Y Costilla International Airport,MX,El Quince
GDM,Municipal,US,Gardner
GDN,Gdansk Lech Walesa Airport,PL,Banino
GDO,Vare Maria,VE,Guasdualito
GDP,Guadalupe,BR,Sao Joao dos Patos
GDQ,Gondar Airport,ET,Gondar
GDR,Angra dos Reis Airport,BR,Angra dos Reis
GDT,Grand Turk Island,TC,
GDV,Dawson Community Airport,US,West Glendive
GDW,Gladwin,US,Gladwin
GDX,Magadan Airport,RU,Sokol
GDZ,Gelendzik Airport,RU,Gelendzhik
GEA,Noumea Magenta Airport,NC,Noumea
GEB,Gebe,ID,Petani
GEC,Gecitkale,CY,Lefkonoiko
GED,Sussex County,US,Georgetown
GEE,George Town,AU,
GEF,Geva Airstrip,SB,
GEG,Spokane International Airport,US,Airway Heights
GEI,Green Islands,PG,
GEK,Ganes Creek,US,
GEL,Sepe Tiaraju,BR,Santo Angelo
GEM,President Obiang Nguema International Airport,GQ,Mongomo
GEO,Cheddi Jagan International Airport,GY,Vreed-en-Hoop
GER,Rafael Cabrera Airport,CU,
GES,General Santos International Airport,PH,Buayan
GET,Geraldton Airport,AU,Geraldton
GEV,Gallivare Airport,SE,Gaellivare
GEW,Gewoia,PG,
GEX,Geelong,AU,Geelong West
GEY,South Big Horn County,US,Greybull
GFA,Malmstrom AFB,US,
GFB,Togiak Fish,US,
GFD,Pope Field,US,Greenfield
GFE,Grenfell,AU,Grenfell
GFF,Griffith Airport,AU,Griffith
GFK,Grand Forks International Airport,US,Grand Forks
GFL,Warren County,US,Queensbury
GFN,Grafton Airport,AU,South Grafton
GFO,Bartica,GY,
GFR,Granville,FR,Donville-les-Bains
GFY,Grootfontein,NA,Grootfontein
GGB,Água Boa,BR,Mozarlandia
GGC,Lumbala,AO,Zambezi
GGD,Gregory Downs,AU,
GGE,Georgetown,US,Georgetown
GGF,Almeirim,BR,
GGG,Gregg County Airport,US,Longview
GGH,Gastão Mesquita Airport,BR,Cianorte
GGJ,Guaíra Airport,BR,Salto del Guaira
GGL,Gilgal,CO,Acandi
GGM,Kakamega Airport,KE,Kakamega
GGN,Gagnoa,CI,Gagnoa
GGO,Guiglo,CI,Guiglo
GGR,Garoe,SO,
GGS,Gobernador Gregores,AR,Gobernador Gregores
GGT,Exuma International Airport,BS,George Town
GGW,Glasgow International Airport,US,Glasgow
GHA,Noumerate Airport,DZ,Ghardaia
GHB,Governor's Harbour Airport,BS,
GHC,Great Harbour,BS,
GHE,Garachine,PA,
GHF,Giebelstadt,DE,Giebelstadt
GHK,Gahcho Kue Aerodrome,CA,
GHM,Municipal,US,Centerville
GHN,Guanghan,CN,Guang'an
GHS,Melak Airport,ID,
GHT,Ghat,LY,Ghat
GHU,Gualeguaychu,AR,Gualeguaychu
GHV,Brașov-Ghimbav International Airport,RO,
GIB,North Front Airport,GI,Gibraltar
GIC,Boigu Island,AU,
GID,Gitega,BI,Gitega
GIF,Gilbert Field,US,Inwood
GIG,Galeao Antonio Carlos Jobim International Airport,BR,Duque de Caxias
GII,Siguiri,GN,Siguiri
GIL,Gilgit Airport,PK,Gilgit
GIM,Miele Mimbale,GA,
GIR,Girardot,CO,Girardot City
GIS,Gisborne Airport,NZ,Gisborne
GIT,Geita,TZ,Geita
GIU,Sigiriya Slaf Base,LK,Sigiriya
GIY,Giyani,ZA,Giyani
GIZ,Jazan Regional Airport,SA,Jizan
GJA,Guanaja,HN,Guanaja
GJL,Jijel Ferhat Abbas Airport,DZ,Jijel
GJM,Guajara-Mirim,BR,Guajara Mirim
GJR,Gjogur,IS,
GJT,Grand Junction Regional Airport,US,Fruitvale
GKA,Goroka Airport,PG,
GKD,Gokceada,TR,Gokceada
GKE,Geilenkirchen,DE,Geilenkirchen
GKH,Gorkha,NP,Lamjung
GKK,Kooddoo Airport,MV,
GKL,Great Keppel Island,AU,Yeppoon
GKN,Gulkana,US,
GKO,Kongoboumba,GA,Booue
GKT,Gatlinburg,US,Sevierville
GLA,Glasgow International Airport,GB,Inchinnan
GLB,San Calos Apache,US,
GLC,Geladi,ET,
GLD,Renner Field,US,Goodland
GLE,Municipal,US,Gainesville
GLF,Golfito Airport,CR,
GLG,Glengyle,AU,
GLH,Greenville Airport,US,Metcalfe
GLI,Glen Innes,AU,Glen Innes
GLK,Galcaio,SO,Gaalkacyo
GLL,Klanten Airport,NO,Gol
GLM,Glenormiston,AU,
GLN,Goulimime Airport,MA,Guelmim
GLO,Gloucestershire,GB,Gloucester
GLP,Gulgubip,PG,
GLQ,Glennallen,US,
GLR,Otsego County,US,Gaylord
GLS,Scholes Field,US,Galveston
GLT,Gladstone Airport,AU,
GLU,Gelephu Airport,BT,Sarpang
GLV,Golovin Airport,US,
GLW,Municipal,US,Glasgow
GLX,Galela,ID,
GLY,Goldsworthy,AU,
GLZ,Gilze-Rijen,NL,Breda
GMA,Gemena,CD,Gemena
GMB,Gambela Airport,ET,Gambela
GMC,Guerima,CO,Saint Peter Port
GMD,Ben Slimane,MA,Bouznika
GME,Gomel Airport,BY,Gomel
GMI,Gasmata Island,PG,
GMM,Gamboma,CG,Gamboma
GMN,Greymouth,NZ,Greymouth
GMO,Gombe Lawanti International Airport,NG,Akko
GMP,Gimpo International Airport,KR,Bucheon-si
GMQ,Golog Maqin Airport,CN,Dawu
GMR,Gambier Island,PF,
GMS,Guimaraes,BR,Bequimao
GMT,Granite Mountain,US,
GMU,Greenville Downtown,US,Greenville
GMV,Monument Valley,US,
GMZ,La Gomera Airport,ES,Alajero
GNA,Grodno Airport,BY,Hrodna
GNB,Grenoble-Isere Airport,FR,Saint-Etienne-de-Saint-Geoirs
GND,Maurice Bishop International Airport,GD,Saint George's
GNF,Gansner Field,US,Charleston
GNG,Gooding,US,Gooding
GNI,Green Island,TW,Taitung
GNJ,Ganja International Airport,AZ,Ganja
GNM,Guanambi,BR,Guanambi
GNN,Ghinnir,ET,Ginir
GNR,General Roca,AR,Sierra Colorada
GNS,Gunungsitoli Airport,ID,
GNT,Milan,US,Grants
GNU,Goodnews Bay,US,
GNV,Gainesville Regional Airport,US,Gainesville
GNY,Sanliurfa GAP Airport,TR,
GNZ,Ghanzi,BW,Ghanzi
GOA,Genoa Cristoforo Colombo Airport,IT,San Teodoro
GOB,Goba,ET,
GOC,Gora,PG,
GOE,Gonalia,PG,
GOF,Goodfellow AFB,US,
GOG,Gobabis,NA,
GOH,Nuuk Airport,GL,Nuuk
GOI,Dabolim Airport,IN,Chicalim
GOJ,Nizhny Novgorod International Airport,RU,Gorbatovka
GOK,Guthrie,US,Guthrie
GOL,State,US,Gold Beach
GOM,Goma Airport,CD,Goma
GON,New London,US,Long Hill
GOO,Goondiwindi,AU,Goondiwindi
GOP,Gorakhpur Airport,IN,Gorakhpur
GOQ,Golmud Airport,CN,Guolemude
GOR,Gore,ET,Gore
GOS,Gosford,AU,East Gosford
GOT,Goteborg Landvetter Airport,SE,Landvetter
GOU,Garoua Airport,CM,Garoua
GOV,Nhulunbuy Airport,AU,
GOX,Mopa Airport,IN,Mopa
GOY,Tura Airport,RU,
GOZ,Gorna Oriahovitsa,BG,Gorna Oryakhovitsa
GPA,Araxos Airport,GR,Patra
GPB,Tancredo Thomaz Faria,BR,Guarapuava
GPD,Mount Gordon Mine,AU,
GPI,Guapi Airport,CO,
GPL,Guapiles,CR,Guapiles
GPN,Garden Point,AU,Nightcliff
GPO,General Pico,AR,General Pico
GPS,Baltra Airport,EC,Puerto Ayora
GPT,Gulfport-Biloxi International Airport,US,West Gulfport
GPZ,Grand Rapids,US,Grand Rapids
GQQ,Galion,US,Galion
GRA,Gamarra,CO,Gamarra
GRB,Austin Straubel International Airport,US,Ashwaubenon
GRC,Grand Cess,LR,
GRD,Greenwood,US,Greenwood
GRE,Municipal,US,Greenville
GRF,Gray AAF,US,Fort Lewis
GRG,Gardez,AF,Gardez
GRH,Garuahi,PG,
GRI,Grand Island Airport,US,Grand Island
GRJ,George Airport,ZA,George
GRK,Robert Gray Army Airfield,US,Fort Hood
GRL,Garasa,PG,
GRM,Devils Track,US,Newberry
GRN,Gordon,US,Gordon
GRO,Girona-Costa Brava Airport,ES,Vilobi d'Onyar
GRP,Gurupi,BR,
GRQ,Eelde Airport,NL,Vries
GRR,Gerald R. Ford International Airport,US,Forest Hills
GRS,Baccarini,IT,Grosseto
GRT,Gujrat,PK,Lala Musa
GRU,Sao Paulo-Guarulhos International Airport,BR,Guarulhos
GRV,Groznyy Airport,RU,Staraya Sunzha
GRW,Graciosa Island Airport,PT,Lagoa
GRX,Granada Airport,ES,Chauchina
GRY,Grimsey,IS,Dalvik
GRZ,Graz Airport,AT,Feldkirchen bei Graz
GSA,Long Pasia,MY,Kayan Hulu
GSB,Seymour Johnson AFB,US,Goldsboro
GSC,Gascoyne Junction,AU,
GSE,Gothenburg City Airport,SE,Majorna
GSH,Goshen,US,Goshen
GSI,Guadalcanal,SB,
GSJ,Puerto San Jose,GT,Puerto San Jose
GSL,Taltheilei Narrows,CA,
GSM,Dayrestan Airport,IR,Bandar-e Khamir
GSN,Mount Gunson,AU,
GSO,Piedmont Triad International Airport,US,Oak Ridge
GSP,Greenville-Spartanburg International Airport,US,Greer
GSQ,Shark Elowainat,EG,
GSR,Gardo,SO,
GSS,Sabi Sabi,ZA,Graksop
GST,Gustavus Airport,US,
GSU,Gedaref,SD,Al Qadarif
GSV,Saratov Gagarin Airport,RU,Shumeyka
GSY,Binbrook,GB,Grimsby
GTA,Gatokae Aerodrom,SB,
GTB,Genting,MY,
GTC,Green Turtle,BS,Hard Bargain
GTE,Alyangula Airport,AU,
GTF,Great Falls International Airport,US,Great Falls
GTG,Municipal,US,Grantsburg
GTI,Guettin,DE,Ostseebad Dierhagen
GTK,Sungei Tekai,MY,Segamat
GTN,Glentanner,NZ,
GTO,Tolotio Airport,ID,Isimu
GTP,Grants Pass,US,Merlin
GTR,Golden Triangle Regional Airport,US,West Point
GTS,Granites,AU,
GTT,Georgetown Airport,AU,Georgetown
GTW,Holesov,CZ,Otrokovice
GTY,Gettysburg,US,Gettysburg
GTZ,Kirawira B,TZ,Issenye
GUA,La Aurora International Airport,GT,Santa Catarina Pinula
GUB,Guerrero Negro,MX,San Luis
GUC,Gunnison Airport,US,Gunnison
GUD,Goundam,ML,Goundam
GUE,Guriaso,PG,
GUF,Edwards,US,Orange Beach
GUG,Guari,PG,
GUH,Gunnedah,AU,Gunnedah
GUI,Guiria,VE,Gueiria
GUJ,Guaratingueta,BR,Guaratingueta
GUL,Goulburn,AU,Goulburn
GUM,A.B. Won Pat International Airport,GU,Tamuning-Tumon-Harmon Village
GUN,Gunter AFB,US,
GUO,Gualaco,HN,Gualaco
GUP,Senator Clark,US,Gallup
GUQ,Guanare,VE,Guanare
GUR,Gurney Airport,PG,
GUS,Grissom AFB,US,Peru
GUT,Guetersloh,DE,
GUU,Grundarfjordur,IS,
GUV,Mougulu,PG,
GUW,Atyrau Airport,KZ,Atyrau
GUX,Guna,IN,Guna
GUY,Guymon,US,Guymon
GUZ,Guarapari,BR,Guarapari
GVA,Geneve Airport,CH,Les Avanchets
GVE,Municipal,US,Gordonsville
GVI,Green River,PG,
GVL,Lee Gilmer Memorial,US,Gainesville
GVN,May-Gatka,RU,Mayskiy
GVP,Greenvale,AU,
GVR,Governador Valadares Airport,BR,Governador Valadares
GVT,Majors Field,US,Greenville
GVW,Richards-Gebaur,US,Grandview
GVX,Sandviken,SE,Valbo
GWA,Gwa,MM,
GWD,Gwadar Airport,PK,Gwadar
GWE,Gweru,ZW,Gweru
GWL,Gwalior Airport,IN,Morar
GWN,Gnarowein,PG,
GWO,Leflore,US,Greenwood
GWS,Glenwood Springs,US,
GWT,Westerland - Sylt Airport,DE,Tinnum
GWV,Glendale,US,Glendale
GWY,Carnmore,IE,Gaillimh
GXA,Beringin Airport,ID,
GXF,Seiyun,YE,Al Hamdi
GXG,Negage,AO,Camabatela
GXH,Gannan Xiahe Airport,CN,Nawu
GXM,Kuala Kurun,ID,
GXQ,Ten. Vidal,CL,Coihaique
GXX,Yagoua,CM,Yagoua
GXY,Weld County,US,Greeley
GYA,Guayaramerin Airport,BO,Guayaramerin
GYB,Wodgina Airport,AU,Wodgina
GYD,Heydar Aliyev International Airport,AZ,Yeni Suraxani
GYE,Jose Joaquin de Olmedo Airport,EC,Eloy Alfaro
GYG,Magan Airport,RU,Magan
GYI,Gisenyi,RW,Gisenyi
GYL,Argyle,AU,
GYM,Gen Jose M Yanez,MX,Heroica Guaymas
GYN,Santa Genoveva Airport,BR,Goiania
GYO,Bandar Udara Senubung,ID,Blangkejeren
GYP,Gympie,AU,Gympie
GYR,Litchfield,US,Avondale
GYS,Guang Yuan Airport,CN,Guangyuan
GYU,Guyuan Liupanshan Airport,CN,Shirak
GYY,Gary/Chicago International,US,East Chicago
GYZ,Gruyere Mine Airport,AU,
GZA,Gaza - Yaser Arafat International Airport,PS,Shukat as Sufi
GZG,Garze Gesar Airport,CN,Ganzi
GZI,Ghazni,AF,Khayr Kot
GZM,Gozo Heliport,MT,Saint Lucia
GZO,Gizo Airport,SB,
GZP,Gazipasa Airport,TR,Gazipasa
GZT,Gaziantep Airport,TR,Oguzeli
GZW,Ghazvin,IR,Qazvin
HAA,Hasvik Airport,NO,Breivikbotn
HAB,Marion County,US,Hamilton
HAC,Hachijo Jima Airport,JP,
HAD,Halmstad Airport,SE,Halmstad
HAE,Havasupai,US,
HAF,Half Moon,US,Half Moon Bay
HAH,Prince Said Ibrahim Internatonal Airport,KM,
HAI,Dr Haines,US,Three Rivers
HAJ,Hannover Airport,DE,Langenhagen
HAK,Haikou Airport,CN,
HAL,Halali,NA,
HAM,Hamburg Airport,DE,Fuhlsbuettel
HAN,Noi Bai International Airport,VN,Soc Son
HAO,Hamilton,US,Hamilton
HAP,Long Island,AU,
HAQ,Hanimaadhoo Airport,MV,Dhidhdhoo
HAR,Capital City,US,Steelton
HAS,Hail Airport,SA,Hayil
HAT,Heathlands,AU,
HAU,Haugesund Airport,NO,Vedavagen
HAV,Jose Marti International Airport,CU,Boyeros
HAW,Haverfordwest,GB,Haverfordwest
HAX,Hatbox Field,US,
HAY,Haycock,US,
HAZ,Hatzfeldthaven,PG,
HBA,Hobart International Airport,AU,Seven Mile Beach
HBB,Industrial Airpark,US,
HBC,Hanus Bay,US,
HBD,Habi,PG,
HBE,Borg El Arab Airport,EG,Alexandria
HBG,The Hattiesburg-Bobby L. Chain Mun.,US,Hattiesburg
HBH,Hobart Bay,US,
HBI,Harbour Island,BS,Dunmore Town
HBK,Holbrook Municipal,US,Holbrook
HBN,Flamingo,VN,Tan Bien
HBO,Municipal,US,Pawnee City
HBQ,Qilian Airport,CN,Hongtu
HBR,Hobart,US,Hobart
HBT,Hafr Albatin,LK,
HBU,Bulgan Hovd,MN,Burenhayrhan
HBX,Hubli Airport,IN,Hubli
HCA,Howard County,US,Big Spring
HCB,Shoal Cove,US,
HCC,Columbia County,US,Stottville
HCJ,Hechi Jinchengjiang Airport,CN,Nandan Chengguanzhen
HCM,Eil,SO,Eyl
HCN,Hengchun,TW,
HCQ,Halls Creek,AU,
HCR,Holy Cross Airport,US,
HCW,Cheraw,US,Cheraw
HCZ,Chenzhou Beihu Airport,CN,Chenzhou
HDA,Hidden Falls,US,
HDB,Airfield Heidelberg,DE,Heidelberg
HDD,Hyderabad,PK,Kotri
HDE,Brewster Field,US,Holdrege
HDF,Heringsdorf Airport,DE,Seebad Heringsdorf
HDG,Handan Airport,CN,Handan
HDH,Dillingham Airfield,US,Mililani Town
HDK,Kulhudhuffushi Airport,MV,Kulhudhuffushi
HDM,Hamadan Airport,IR,Hamadan
HDN,Yampa Valley Airport,US,Hayden
HDO,Hindon Airport,IN,Ghaziabad
HDR,Havadarya,IR,Qeshm
HDS,Hoedspruit Airport,ZA,Hoedspruit
HDY,Hat Yai International Airport,TH,Khlong Hoi Khong
HEA,Herat International Airport,AF,Guzarah
HEB,Henzada,MM,Hinthada
HED,Herendeen,US,
HEE,Thompson-Robbins,US,Helena
HEH,Heho Airport,MM,
HEI,Heide-Buesum,DE,Oesterdeichstrich
HEK,Heihe Airport,CN,Xinfu
HEL,Helsinki-Vantaa Airport,FI,
HEM,Helsinki-malmi,FI,
HEN,Hendon,FI,Hendon
HEO,Haelogo,PG,
HER,Heraklion Airport,GR,Nea Alikarnassos
HES,State,US,Hermiston
HET,Hohhot Baita International Airport,CN,Haoxinying
HEV,Huelva,ES,Huelva
HEW,Hengdian Airport,CN,Nanshi
HEX,Santo Domingo Herrera,DO,
HEY,Hanchey Army Heliport,US,Morgan
HEZ,Hardy-Anders,US,Morgantown
HFA,Haifa Airport,IL,Qiryat Mozqin
HFD,Brainard,US,Wethersfield
HFE,Hefei Xinqiao Airport,CN,
HFF,Mackall AAF,US,Pinebluff
HFN,Hornafjordur,IS,Hoefn
HFS,Hagfors Airport,SE,Hagfors
HFT,Hammerfest Airport,NO,Hammerfest
HGA,Hargeisa Airport,SO,Hargeysa
HGD,Hughenden,AU,
HGE,Higuerote Airport,VE,Higuerote
HGH,Hangzhou Xiaoshan International Airport,CN,
HGI,Higlieg,SD,Abu Jibeha
HGL,Helgoland,DE,Helgoland
HGN,Mae Hong Son Airport,TH,Mae Hong Son
HGO,Korhogo Airport,CI,Korhogo
HGR,Wash. County Regional Airport,US,State Line
HGS,Hastings,SL,Hastings
HGT,Hunter AAF,US,
HGU,Mount Hagen Airport,PG,Mount Hagen
HGZ,Hogatza,US,
HHE,Hachinohe,JP,Uchimaru
HHH,Hilton Head Airport,US,Hilton Head Island
HHI,Wheeler AFB,US,Wahiawa
HHN,Frankfurt - Hahn Airport,DE,Lautzenhausen
HHP,H K Heliport,HK,
HHQ,Hua Hin Airport,TH,Hua Hin
HHR,Hawthorne,US,Hawthorne
HHZ,Hikueru,PF,
HIA,Huai'an Lianshui Airport,CN,Huai'an
HIB,Chisholm Airport,US,Hibbing
HID,Horn Island Airport,AU,
HIE,Regional,US,Whitefield
HIF,Hill AFB,US,Ogden
HIG,Highbury,AU,
HIH,Hook Island,AU,
HII,Municipal,US,Desert Hills
HIJ,Hiroshima Airport,JP,Takehara
HIK,Hickam AFB,US,Honolulu
HIL,Shillavo,ET,
HIM,Hingurakgoda,LK,Polonnaruwa
HIN,Sacheon Airport,KR,Chinju
HIO,Portland,US,Hillsboro
HIP,Headingly,AU,
HIR,Honiara International Airport,SB,
HIS,Hayman Island,AU,
HIT,Haivaro,PG,
HIW,Hiroshima West,JP,Hiroshima-shi
HJB,Hejing Bayinbuluke Airport,CN,
HJJ,Zhijiang Airport,CN,Zhijiang
HJR,Khajuraho Airport,IN,Khajuraho
HJT,Khujirt,MN,
HKA,Blytheville Municipal Airport,US,Blytheville
HKB,Healy Lake,US,
HKD,Hakodate Airport,JP,Hakodate
HKG,Hong Kong International Airport,HK,Tuen Mun
HKK,Hokitika Airport,NZ,
HKN,Hoskins Airport,PG,
HKR,Mara North Airstrip,KE,Keroka
HKS,Hawkins Field,US,Jackson
HKT,Phuket International Airport,TH,
HKV,Haskovo,BG,Haskovo
HKY,Hickory,US,Longview
HLA,Lanseria International Airport,ZA,Diepsloot
HLB,Hillenbrand,US,Batesville
HLC,Hill City,US,Hill City
HLD,Hulunbuir Hailar Airport,CN,Fendou
HLE,Saint Helena Airport,SH,Jamestown
HLF,Hultsfred - Vimmerby,SE,Hultsfred
HLG,Ohio County,US,Tiltonsville
HLH,Ulanhot Airport,CN,Heping
HLI,Hollister,US,Hollister
HLJ,Beidahuang General Airport,CN,Zhaodong
HLL,Hillside,AU,
HLM,Park Township,US,Holland
HLN,Helena Regional Airport,US,Helena
HLP,Halim Perdanakusuma Airport,ID,Jakarta
HLR,Fort Hood AAF,US,Killeen
HLS,St Helens,AU,St Helens
HLT,Hamilton,AU,Hamilton
HLU,Houailou,NC,Canala
HLV,Helenvale,AU,
HLW,Hluhluwe,ZA,
HLY,Anglesey Airport,GB,Holyhead
HLZ,Hamilton International Airport,NZ,Hamilton
HMA,Khanty-Mansiysk Airport,RU,Khanty-Mansiysk
HMB,Mubarak International Airport,EG,Al Manshah
HME,Oued Irara Airport,DZ,Hassi Messaoud
HMG,Hermannsburg,AU,
HMI,Hami Airport,CN,Hami
HMJ,Khmelnitskiy,UA,Khmel'nyts'kyy
HMN,Holloman AFB,US,Alamogordo
HMO,Gen Pesqueira Garcia Airport,MX,Hermosillo
HMR,Hamar Airport,NO,Hamar
HMS,Homeshore,US,
HMT,Ryan Field,US,Green Acres
HMV,Hemavan Airport,SE,
HMY,Seosan Airport,KR,Suisan
HNA,Hanamaki Airport,JP,Hanamaki
HNB,Municipal,US,Huntingburg
HNC,Hatteras,US,Buxton
HND,Haneda Airport,JP,Kawasaki
HNE,Tahneta Pass,US,
HNG,Hienghene,NC,Hienghene
HNH,Hoonah Airport,US,
HNI,Heiweni,PG,Enewetak
HNL,Honolulu International Airport,US,Hickam Field
HNM,Hana Airport,US,Hana
HNN,Honinabi,PG,
HNS,Haines Municipal Airport,US,
HNX,Hanna,US,
HNY,Hengyang Nanyue Airport,CN,Hengyang
HOA,Hola,KE,Hola
HOB,Lea County Airport,US,Hobbs
HOC,Komako,PG,
HOD,Hodeidah Airport,YE,Al Hudaydah
HOE,Houeisay,LA,
HOF,Al-Ahsa Airport,SA,Al Hufuf
HOG,Frank Pais Airport,CU,Cacocum
HOH,Hohenems-Dornbirn,AT,
HOI,Hao Island,PF,
HOK,Hooker Creek,AU,
HOL,Holikachu,US,
HOM,Homer Airport,US,
HON,Howes,US,Huron
HOO,Nhon Co,VN,Gia Nghia
HOP,Campbell AAF,US,Hopkinsville
HOQ,Hof,DE,Konradsreuth
HOR,Horta Airport,PT,Ribeira Grande
HOS,Oscar Reguera,AR,Chos Malal
HOT,Memorial Field,US,Piney
HOU,William P. Hobby Airport,US,
HOV,Hovden Airport,NO,Volda
HOW,Howard AFB,PA,
HOX,Homalin Airport,MM,Yairipok
HOY,Hoy Island,GB,Stromness
HPA,Salote Pilolevu,TO,Pangai
HPB,Hooper Bay Airport,US,
HPE,Hope Vale,AU,
HPG,Shennongjia Hongping Airport,CN,Hongping
HPH,Cat Bi International Airport,VN,Haiphong
HPN,Westchester County Airport,US,Purchase
HPT,Municipal,US,Hampton
HPV,Princeville,US,Princeville
HPY,Baytown Airport,US,Baytown
HQL,Tashkurgan Airport,CN,Taxkorgan Tajik
HQM,Bowerman,US,Hoquiam
HQQ,Anyang Hongqiqu Airport,CN,
HRA,Mansehra,PK,Mansehra
HRB,Harbin Taiping International Airport,CN,
HRC,Zhairem,KZ,Qarazhal
HRE,Harare International Airport,ZW,Epworth
HRF,Hoarafushi Airport,MV,Hoarafushi
HRG,Hurghada International Airport,EG,Hurghada
HRH,Aligarh Airport,IN,
HRI,Mattala Rajapaksa International Airport,LK,
HRJ,Chaurjhari,NP,Tulsipur
HRK,Kharkov Airport,UA,Bezlyudivka
HRL,Valley International Airport,US,Harlingen
HRM,Tilrempt,DZ,Berriane
HRN,Heliport,AU,Gladstone
HRO,Boone County Airport,US,Harrison
HRR,Herrera,CO,
HRS,Harrismith Airport,ZA,Kriel
HRT,Linton-On-Ouse,GB,Harrogate
HRY,Henbury,AU,
HRZ,Horizontina,BR,Horizontina
HSA,Hazret Sultan International Airport,KZ,Kentau
HSB,Raleigh,US,Harrisburg
HSC,Shaoguan,CN,Xinshao
HSF,Suifenhe Dongning Airport,CN,Suifenhe
HSG,Saga Airport,JP,Okawa
HSH,Henderson Executive,US,Whitney
HSI,Hastings,US,Hastings
HSJ,Shangjie Airport,CN,Gongyi
HSK,Huesca-Pirineos,ES,Alcala del Obispo
HSL,Huslia Airport,US,
HSM,Horsham,AU,
HSN,Putuoshan Airport,CN,Dadong'ao
HSP,Ingalls Field,US,Warm Springs
HSR,Rajkot International Airport,IN,
HSS,Hissar,IN,Hisar
HST,AFB,US,Homestead
HSV,Huntsville International Airport,US,Madison
HSZ,Hsinchu,TW,Hsinchu
HTA,Chita Airport,RU,Domna
HTB,Terre-de-Bas,GP,
HTG,Hatanga Airport,RU,Khatanga
HTH,Hawthorne,US,Hawthorne
HTI,Hamilton Island Airport,AU,
HTL,Roscommon County,US,Roscommon
HTM,Khatgal,MN,Manhan
HTN,Hotan Airport,CN,Nu'erbage
HTO,East Hampton,US,Bridgehampton
HTR,Hateruma,JP,
HTS,Tri-State/Milton Airport,US,Ceredo
HTT,Huatugou Airport,CN,Gasi
HTU,Hopetoun,AU,
HTV,Huntsville,US,Huntsville
HTW,Lawrence County Airpark,US,
HTY,Hatay Airport,TR,Serinyol
HTZ,Hato Corozal,CO,Socota
HUA,Redstone AAF,US,Huntsville
HUB,Humbert River,AU,
HUC,Humacao Airport,PR,Bajandas
HUD,Humboldt,US,Humboldt
HUE,Humera Airport,ET,
HUF,Hulman Field,US,Seelyville
HUG,Huehuetenango,GT,Huehuetenango
HUH,Huahine Airport,PF,Fare
HUI,Phu Bai International Airport,VN,Phu Vang
HUJ,Hugo,US,Hugo
HUK,Hukuntsi,BW,Hukuntsi
HUL,International,US,Houlton
HUM,Terrebonne,US,Presquille
HUN,Hualien Airport,TW,Hualien City
HUO,Holingol Huolinhe Airport,CN,Mositai
HUQ,Houn,LY,Hun
HUS,Hughes Municipal Airport,US,
HUT,Hutchinson,US,Hutchinson
HUU,Huanuco Airport,PE,Huanuco
HUV,Hudiksvall,SE,Hudiksvall
HUW,Humaita,BR,
HUX,Huatulco Airport,MX,Sector H Tres
HUY,Humberside Airport,GB,Croxton
HUZ,Huizhou Airport,CN,Longfeng
HVA,Analalava,MG,
HVB,Hervey Bay Airport,AU,
HVD,Khovd Airport,MN,Khovd
HVE,Intermediate,US,Ferron
HVG,Valan Airport,NO,Honningsvag
HVK,Holmavik,IS,
HVN,New Haven Airport,US,East Haven
HVR,Havre City County Airport,US,Havre
HVS,Municipal,US,North Hartsville
HWA,Hawabango,PG,
HWD,Hayward Executive Airport,US,Hayward
HWI,SPB,US,
HWK,Wilpena Pound,AU,
HWN,Hwange Nat Park,ZW,Sua
HWO,North Perry,US,Hollywood
HXD,Delingha Airport,CN,Keluke
HXX,Hay,AU,Hay
HYA,Barnstable Municipal Airport,US,Hyannis
HYC,High Wycombe,GB,High Wycombe
HYD,Rajiv Gandhi International Airport,IN,Balapur
HYF,Hayfields,PG,
HYG,Hydaburg Sea Plane Base,US,
HYL,SPB,US,
HYN,Luqiao Airport,CN,Hengjie
HYR,Municipal,US,Hayward
HYS,Hays Municipal Airport,US,Hays
HYV,Hyvinkaa,FI,Hyvinge
HZA,Establecimiento El Araza Airport,AR,General Guido
HZB,Merville/Calonne,FR,Merville
HZG,Hanzhong Airport,CN,Xiangshui
HZH,Liping Airport,CN,Longlisuo
HZK,Husavik,IS,
HZL,Hazleton,US,Harleigh
HZP,Horizon,CA,
HZU,Chengdu Huaizhou Airport,CN,Majialin Village
HZV,Hazyview,ZA,
IAA,Igarka Airport,RU,Igarka
IAB,Mcconnell AFB,US,
IAD,Washington Dulles International Airport,US,Floris
IAG,Niagara Falls International Airport,US,Sanborn
IAH,George Bush Intercontinental Airport,US,Houston
IAL,Aeroporto Municipal de Salinas,BR,
IAM,In Amenas Airport,DZ,
IAN,Bob Baker Memorial Airport,US,
IAO,Sayak (Siargao),PH,Libas
IAQ,Bahregan,IR,Bandar-e Bushehr
IAR,Tunoshna Airport,RU,Yaroslavl
IAS,Iasi Airport,RO,Iasi
IAU,Iaura,PG,
IAX,Miangas Airport,ID,
IBA,Ibadan Airport,NG,Ibadan
IBB,General Villamil,EC,Puerto Villamil
IBE,Ibague Airport,CO,Ibague
IBI,Iboki,PG,
IBL,Indigo Bay Lodge,MZ,Beira
IBM,Iron Bridge Mine Airport,AU,Marble Bar
IBO,Ibo,MZ,
IBP,Iberia,PE,Iberia
IBR,Ibaraki Airport,JP,Okunoya
IBZ,Ibiza Airport,ES,Ibiza
ICA,Icabaru,VE,
ICC,Andrés Miguel Salazar Marcano Airport,VE,Punta de Piedras
ICI,Cicia,FJ,
ICK,Nieuw Nickerie,SR,Nieuw Nickerie
ICL,Municipal,US,Clarinda
ICN,Incheon International Airport,KR,
ICO,Sicogon Island,PH,San Fernando
ICR,Nicaro,CU,Gibara
ICS,Cascade,US,Cascade
ICT,Wichita Dwight D. Eisenhower National Airport,US,Wichita
ICY,Icy Bay,US,
IDA,Idaho Falls Regional Airport,US,Idaho Falls
IDB,Idre,SE,
IDC,Ila Da Chilonzuene,MZ,Villasila de Valdavia
IDF,Idiofa,CD,
IDG,Municipal,US,Ida Grove
IDH,Idaho County,US,Grangeville
IDI,ndiana County Airport (Jimmy Stewart Field),US,Indiana
IDK,Indulkana,AU,
IDN,Indagen,PG,
IDO,Rio,BR,
IDP,Independence,US,Independence
IDR,Devi Ahilya Bai Holkar Airport,IN,Indore
IDY,Ile d'Yeu,FR,Notre-Dame-de-Monts
IEG,Zielona Gora-Babimost Airport,PL,Zielona Gora
IEJ,Iejima,JP,
IES,Riesa,DE,
IEV,Kyiv International Airport,UA,Chabany
IFA,Iowa Falls,US,Iowa Falls
IFF,Iffley,AU,
IFH,Hesa,IR,Shahin Shahr
IFJ,Isafjordur Airport,IS,
IFL,Innisfail,AU,Innisfail
IFN,Isfahan International Airport,IR,Dowlatabad
IFO,Ivano-Frankovsk Airport,UA,Cherniyiv
IFP,Laughlin Bullhead International Airport,US,Laughlin
IFU,Ifuru Airport,MV,Ugoofaaru
IGA,Inagua Airport,BS,Matthew Town
IGB,Ingeniero Jacobacci,AR,Ingeniero Jacobacci
IGD,Igdir,TR,Getashen
IGE,Iguela,GA,
IGG,Igiugig Airport,US,
IGH,Ingham,AU,
IGL,Cigli AB,TR,Gaziemir
IGM,Kingman,US,New Kingman-Butler
IGN,Maria Cristina,PH,Mamungan
IGO,Chigorodo,CO,Chigorodo
IGR,Cataratas del Iguazu International Airport,AR,
IGS,Ingolstadt-manching,DE,Manching
IGT,Magas Airport,RU,Troitskaya
IGU,Cataratas International Airport,BR,Puerto Iguazu
IHA,Niihama,JP,Niihama
IHC,Inhaca,MZ,
IHN,Qishn,YE,Ad Dis ash Sharqiyah
IHO,Ihosy,MG,Ihosy
IHR,Iran Shahr,IR,Iranshahr
IHU,Ihu,PG,
IIA,Inishmaan,IE,
IIL,Ilaam Airport,IR,Ilam
IIN,Nishinoomote,JP,
IIS,Nissan Island,PG,
IJK,Izhevsk Airport,RU,Khokhryaki
IJU,J. Batista Bos Filho Airport,BR,Ijui
IJX,Municipal,US,Jacksonville
IKA,Imam Khomeini International Airport,IR,Robat Karim
IKB,Wilkes County,US,North Wilkesboro
IKE,Tiksi Airport,RU,
IKI,Iki Airport,JP,Karatsu
IKK,Greater Kankakee,US,Channahon
IKL,Ikela,CD,
IKO,Nikolski AFS,US,
IKP,Inkerman,AU,
IKS,Tiksi Airport,RU,Tiksi
IKT,Irkutsk International Airport,RU,Dzerzhinsk
IKU,Issyk-Kul International Airport,KG,Cholpon-Ata
ILA,Illaga,ID,
ILB,Ilha Solteira,BR,Ilha Solteira
ILD,Lleida-Alguaire Airport,ES,Alguaire
ILE,Municipal,US,Harker Heights
ILF,Ilford,CA,
ILG,Greater Wilmington,US,Wilmington Manor
ILH,Illis Airbase,DE,Illesheim
ILI,Iliamna Airport,US,
ILK,Ilaka,MG,Ambositra
ILL,Willmar,US,Willmar
ILM,Wilmington International Airport,US,Wrightsboro
ILN,Clinton Field,US,Wilmington
ILO,Mandurriao Airport,PH,Pakiad
ILP,Ile Des Pins Airport,NC,Vao
ILQ,Ilo,PE,Ilo
ILR,Ilorin International Airport,NG,Ilorin
ILS,Ilopango International Airport,SV,Ilopango
ILU,Kilaguni,KE,Mtito Andei
ILX,Ileg,PG,
ILY,Glenegedale Airport,GB,Isle of Islay
ILZ,Zilina,SK,Zilina
IMA,Iamalele Airport,PG,
IMB,Imbaimadai,GY,
IMD,Imonda,PG,
IMF,Imphal Municipal Airport,IN,Imphal
IMG,Inhaminga,MZ,Dondo
IMI,Ine Island,MH,
IMK,Simikot,NP,Burang
IML,Imperial,US,Imperial
IMM,Immokalee,US,Immokalee
IMN,Imane,PG,
IMO,Zemio,CF,Zemio
IMP,Imperatriz Airport,BR,Imperatriz
IMQ,Maku International Airport,IR,Showt
IMT,Ford Airport,US,Kingsford
INA,Inta Airport,RU,Inta
INB,Independence,BZ,
INC,Yinchuan Hedong International Airport,CN,Yanghe
IND,Indianapolis International Airport,US,Speedway
INE,Chinde,MZ,
INF,Newark Liberty International,DZ,
ING,Lago Argentino,AR,El Calafate
INH,Inhambane Airport,MZ,Inhambane
INI,Nis Constantine the Great Airport,RS,Nis
INJ,Injune,AU,
INK,Wink,US,Kermit
INL,Falls International Airport,US,Fort Frances
INM,Innamincka,AU,
INN,Innsbruck Airport,AT,Vols
INO,Inongo,CD,
INQ,Inisheer,IE,Bearna
INS,Af Aux,US,
INT,Smith-Reynolds Airport,US,Winston-Salem
INU,Nauru International,NR,Arijejen
INV,Inverness Airport,GB,Fortrose
INW,Winslow-Lindbergh,US,Winslow
INX,Inanwatan,ID,Inanwatan
INY,Inyati,ZA,
INZ,In Salah Airport,DZ,I-n-Salah
IOA,Ioannina Airport,GR,Eksochi
IOK,Iokea,PG,
IOM,Isle of Man Airport,IM,Castletown
ION,Impfondo,CG,Impfondo
IOP,Ioma,PG,
IOR,Kilronan,IE,Clifden
IOS,Ilheus/Bahia-Jorge Amado Airport,BR,Ilheus
IOU,Ile Ouen,NC,Mont-Dore
IOW,Iowa City,US,Iowa City
IPA,Ipota,VU,
IPC,Mataveri International Airport,CL,Ostrov Paskhi
IPE,Ipil,PH,Ipil
IPG,Ipiranga,BR,Fonte Boa
IPH,Ipoh Airport,MY,Ipoh
IPI,San Luis Airport,CO,Carlosama
IPL,Imperial County Airport,US,
IPN,Usiminas Airport,BR,Ipatinga
IPT,Lycoming County Airport,US,Montoursville
IPU,Ipiau,BR,Ipiau
IPW,Ipswich,GB,Ipswich
IPZ,San Isidro de El General Airport,CR,San Isidro
IQA,Al Asad Air Base,IQ,
IQM,Qiemo Airport,CN,
IQN,Qingyang Airport,CN,Nanjie
IQQ,Diego Aracena International Airport,CL,Iquique
IQT,C.F. Secada Vignetta International Airport,PE,Iquitos
IRA,Kirakira Airport,SB,
IRB,Municipal,US,Iraan
IRC,Circle City,US,Deltana
IRD,Ishurdi,BD,Ishurdi
IRE,Irece,BR,Irece
IRG,Lockhart River,AU,
IRI,Nduli Airport,TZ,Iringa
IRJ,La Rioja Airport,AR,La Rioja
IRK,Kirksville Municipal Airport,US,La Plata
IRM,Igrim,RU,Igrim
IRN,Iriona,HN,Punta Piedra
IRO,Birao,CF,Birao
IRP,Matari,CD,Isiro
IRS,Kirsch Municipal,US,Sturgis
IRU,Iranamadu SPB,LK,Kawagoe
IRZ,Tapuruquara,BR,Santa Isabel do Rio Negro
ISA,Mount Isa Airport,AU,
ISB,Islamabad International Airport,PK,Rawalpindi
ISC,St Marys,GB,St Mary's
ISD,Iscuande,CO,Iscuande
ISE,Isparta Suleyman Demirel Airport,TR,Keciborlu
ISG,Painushima Ishigaki Airport,JP,Ishigaki
ISH,Ischia Airport,IT,Ischia
ISI,Isisford,AU,
ISJ,Isla Mujeres,MX,Isla Mujeres
ISK,Gandhinagar Airport,IN,Deolali
ISL,Istanbul Ataturk Airport,TR,
ISM,Kissimmee Gateway,US,Belle Isle
ISN,Sloulin Field International Airport,US,
ISO,Stallings Field,US,Kinston
ISP,Long Island MacArthur Airport,US,Bohemia
ISQ,Schoolcraft County,US,Manistique
ISS,Wiscasset,US,Wiscasset
IST,Istanbul New Airport,TR,Bahcelievler
ISU,Sulaimaniyah International Airport,IQ,As Sulaymaniyah
ISW,Alexander Field,US,Port Edwards
ITA,Itacoatiara,BR,Itacoatiara
ITB,Itaituba,BR,Itaituba
ITE,Itubera,BR,Itubera
ITH,Ithaca Tompkins Regional Airport,US,Lansing
ITI,Itambacuri,BR,
ITK,Itokama,PG,
ITM,Itami Airport,JP,Toyonaka
ITN,Itabuna,BR,Itabuna
ITO,Hilo International Airport,US,Hilo
ITP,Itaperuna,BR,Itaperuna
ITQ,Itaqui,BR,Itaqui
ITR,Hidroeletrica,BR,Itumbiara
ITU,Iturup,RU,Kuril'sk
IUE,Hanan Airport,NU,Alofi
IUL,Ilu,ID,
IUM,Summit Lake,CA,
IUP,Lorenzo Airport,BR,Apui
IUS,Inus,PG,
IVA,Ambanja,MG,Ambanja
IVC,Invercargill Airport,NZ,Invercargill
IVG,Ivangrad,ME,Berane
IVI,Viveros Island Airport,PA,
IVL,Ivalo Airport,FI,Ivalo
IVO,Chivolo,CO,Santa Ana
IVR,Inverell,AU,Gilgai
IVW,Inverway,AU,
IWA,Ivanovo Yuzhny Airport,RU,Ivanovo
IWD,Gogebic County Airport,US,Ironwood
IWJ,Hagi-Iwami Airport,JP,Masuda
IWK,Iwakuni Kintaikyo Airport,JP,Iwakuni
IWO,Iwo Jima Airbase,JP,
IWS,West Houston,US,Oak Cliff Place
IXA,Agartala Airport,IN,Agartala
IXB,Bagdogra Airport,IN,Baghdogra
IXC,Chandigarh Airport,IN,Chandigarh
IXD,Bamrauli Airport,IN,Allahabad
IXE,Mangalore Airport,IN,Mangalore
IXG,Belgaum Airport,IN,Belgaum
IXH,Kailashahar,IN,
IXI,Lilabari Airport,IN,North Lakhimpur
IXJ,Satwari Airport,IN,Jammu
IXK,Keshod,IN,Keshod
IXL,Leh Airport,IN,Leh
IXM,Madurai Airport,IN,Tirupparangunram
IXN,Khowai,IN,Khowai
IXP,Pathankot,IN,Pathankot
IXQ,Kamalpur,IN,Kamalpur
IXR,Birsa Munda Airport,IN,Ranchi
IXS,Kumbhirgram Airport,IN,Lakhipur
IXT,Pasighat,IN,Pasighat
IXU,Chikkalthana Airport,IN,Aurangabad
IXV,Along,IN,Along
IXW,Sonari,IN,Jamshedpur
IXX,Bidar Air Force Station,IN,Bidar
IXY,Kandla,IN,Gandhidham
IXZ,Port Blair Airport,IN,Port Blair
IYK,Kern County,US,Inyokern
IZA,Zona da Mata Regional Airport,BR,Rio Novo
IZE,Itzehoe/Hungriger Wolf Airport,DE,Peissen
IZO,Izumo Airport,JP,Hiratacho
IZT,Ixtepec,MX,San Jeronimo Ixtepec
JAA,Jalalabad,AF,Jalalabad
JAB,Jabiru,AU,
JAC,Jackson Hole Airport,US,Jackson
JAD,Jandakot,AU,Willetton
JAE,Shumba Airport,PE,
JAF,Kankesanturai,LK,Valvedditturai
JAG,Jacobabad,PK,Jacobabad
JAI,Jaipur Airport,IN,Jaipur
JAJ,Perimeter Mall,US,Hapeville
JAK,Jacmel Regional Airport,HT,Jacmel
JAL,Jalapa,MX,Dos Rios
JAM,Jambol,BG,Yambol
JAN,Jackson-Evers International Airport,US,Flowood
JAO,Beaver Ruin,US,College Park
JAP,Punta Renes,CR,Puntarenas
JAQ,Jacquinot Bay,PG,
JAR,Jahrom,IR,Jahrom
JAS,County,US,Jasper
JAT,Jabot,MH,
JAU,Jauja Airport,PE,Masma Chicche
JAV,Ilulissat Airport,GL,
JAW,Aeroporto de Araripina,BR,
JAX,Jacksonville International Airport,US,Nassau Village-Ratliff
JBB,Notohadinegoro Airport,ID,Renes
JBC,Boston City Heliport,US,South Boston
JBK,Berkeley,US,Albany
JBQ,La Isabela International Airport,DO,Santo Domingo
JBR,Jonesboro Airport,US,Jonesboro
JBS,Hacienda Bus.Park Heliport,US,Dublin
JBT,City Landing,US,
JCB,Joacaba,BR,Joacaba
JCC,China Basin Heliport,US,San Francisco
JCD,Downtown Heliport,VI,
JCE,Convention Center Heliport,US,Oakland
JCH,Qasigiannguit,GL,
JCI,New Century Aircenter Airport,US,Gardner
JCJ,Chuja Heliport,KR,
JCK,Julia Creek,AU,
JCL,České Budějovice Airport,CZ,
JCM,Jacobina,BR,Jacobina
JCN,Incheon Heliport,KR,Incheon
JCO,Heliport,MT,Qala
JCR,Jacareacanga,BR,
JCS,Aeroporto De Crateus Airport,BR,Crateus
JCT,Kimble County,US,Junction
JCU,Ceuta Heliport,ES,Ceuta
JCY,Johnson,US,Johnson City
JDA,John Day,US,John Day
JDB,Downtown Heliport,US,Fort Worth
JDE,Jiande Qiandaohu Airport,CN,Jiande
JDF,Francisco De Assis,BR,Juiz de Fora
JDG,Jeongseok,KR,Seogwipo
JDH,Jodhpur Airport,IN,Jodhpur
JDM,Miami Downtown Heliport,US,Coral Gables
JDN,Jordan,US,Jordan
JDO,Orlando Bezerra de Menezes Airport,BR,Juazeiro do Norte
JDP,Heliport De Paris,FR,Issy-les-Moulineaux
JDR,Sao Joao Del Rei,BR,Tiradentes
JDT,Downtown Heliport,US,Minneapolis
JDY,Heliport,US,Downey
JDZ,Jingdezhen Airport,CN,Hongyuan
JED,King Abdulaziz International Airport,SA,Jeddah
JEE,Jeremie,HT,Jeremie
JEF,Memorial,US,Jefferson City
JEG,Aasiaat Airport,GL,
JEJ,Jeh,MH,
JEK,Jeki Airport,ZM,Luangwa
JEM,Heliport,US,Emeryville
JEQ,Jequie,BR,Jequie
JER,Jersey Airport,JE,Saint Helier
JFK,John F. Kennedy International Airport,US,New York
JFM,Heliport,AU,North Fremantle
JFN,Ashtabula,US,Jefferson
JFR,Paamiut Airport,GL,
JGA,Govardhanpur Airport,IN,Bedi
JGB,Jagdalpur,IN,Jagdalpur
JGD,Jiagedaqi Airport,CN,Jagdaqi
JGE,Heliport,KR,Sinhyeon
JGL,Galleria Heliport,US,Vinings
JGN,Jiayuguan Airport,CN,Jiayuguan
JGO,Qeqertarsuaq,GL,
JGQ,Transco Twr Galleria,US,Hunters Creek Village
JGR,Heliport,GL,
JGS,Ji'An/Jing Gang Shan Airport,CN,Denglong
JGX,Heliport,US,North Glendale
JHB,Senai Airport,MY,Taman Senai
JHC,Island Heliport,US,North Arlington
JHE,Heliport,SE,
JHF,São Paulo Catarina Executive Airport,BR,São Roque
JHG,Xishuangbanna Gasa Airport,CN,Jinghong
JHL,Albian,CA,
JHM,Kapalua Airport,US,Napili-Honokowai
JHS,Sisimiut Airport,GL,
JHW,Jamestown Airport,US,Celoron
JHY,Hyatt Regency Heliport,US,Cambridge
JIA,Juina,BR,
JIB,Djibouti-Ambouli International Airport,DJ,Djibouti
JIC,Jinchuan Airport,CN,Jinchang
JID,City Of Industry Heliport,US,Hacienda Heights
JIJ,Jigiga Airport,ET,Jijiga
JIK,Ikaria Airport,GR,Agios Kirykos
JIL,Jilin,CN,Jilin
JIM,Jimma Airport,ET,Jima
JIN,Jinja,UG,Jinja
JIO,International Heliport,US,Ontario
JIP,Jipijapa,EC,Montecristi
JIQ,Qianjiang Wulingshan Airport,CN,Zhoubai
JIR,Jiri,NP,
JIU,Jiujiang,CN,
JIW,Jiwani,PK,Jiwani
JJA,Jajao,SB,
JJD,Jericoacoara,BR,Cruz
JJG,Jaguaruna Regional Airport,BR,Jaguaruna
JJI,Juanjui,PE,Juanjui
JJM,Mulika Lodge Airport,KE,Maua
JJN,Quanzhou Jinjiang International Airport,CN,Jinjiang
JJU,Heliport,GL,Qaqortoq
JKG,Axamo Airport,SE,Taberg
JKH,Chios Airport,GR,Chios
JKL,Kalymnos Island National Airport,GR,Kalymnos
JKR,Janakpur Airport,NP,Janakpur
JKV,Cherokee County,US,Jacksonville
JLA,Quartz Creek,US,
JLB,Long Beach Heliport,US,Long Beach
JLD,Heliport,SE,Helsingborg
JLG,Jalgaon Airport,IN,
JLH,US Army Heliport,US,Arlington Heights
JLN,Joplin Airport,US,Webb City
JLR,Jabalpur Airport,IN,Ghansor
JLS,Jales,BR,Jales
JLX,Union Station Heliport,US,Burbank
JMA,Marriot Astrodome,US,Aldine
JMB,Jamba,AO,Caconda
JMC,Marin County,US,Marin City
JMD,Market Centre Heliport,US,
JMH,Marriott Heliport,US,Schaumburg
JMJ,Lancang Jingmai Airport,CN,Menglang
JMK,Mikonos Airport,GR,Mykonos
JMM,Malmo Harbour Heliport,SE,
JMN,Municipal Heliport,US,Mankato
JMO,Jomsom,NP,Jomsom
JMR,Maricá Airport,BR,
JMS,Jamestown Airport,US,Jamestown
JMU,Jiamusi Airport,CN,Songjiang
JMY,Mammy Yoko Heliport,SL,Freetown
JNA,Januaria,BR,Januaria
JNB,O.R. Tambo International Airport,ZA,Modderfontein
JNG,Jining Airport,CN,Jining
JNH,North Park Inn Heliport,US,Blue Mound
JNI,Junin,AR,Junin
JNJ,Jaaluni,OM,
JNN,Nanortalik,GL,
JNP,Heliport,US,Newport Beach
JNS,Heliport,GL,
JNU,Juneau International Airport,US,Juneau
JNX,Naxos Airport,GR,Naxos
JNZ,Liaoning Province Airport,CN,Wanghu
JOC,Centerport Heliport,US,
JOE,Joensuu Airport,FI,Joensuu
JOG,Adisutjipto International Airport,ID,Depok
JOH,Port Saint Johns,ZA,Port Saint John's
JOI,Joinville-Lauro Carneiro de Loyola Airport,BR,Joinville
JOJ,Doris Lake Aerodrome,CA,Doris Lake
JOK,Yoshkar-Ola Airport,RU,Yoshkar-Ola
JOL,Jolo,PH,Jolo
JOM,Njombe,TZ,Njombe
JON,Johnston Island,UM,
JOP,Josephstaal,PG,
JOR,The City Heliport,US,Orange
JOS,Jos Airport,NG,Jos
JOT,Municipal,US,Joliet
JPA,Presidente Castro Pinto International Airport,BR,Bayeux
JPD,Heliport,US,Pasadena
JPE,Nagib Demachki Airport,BR,Paragominas
JPN,Pentagon Army,US,Groveton
JPO,Brigadeiro Firmino Ayres Airport,BR,Patos
JPR,Ji-Parana Airport,BR,Ji Parana
JPT,Park Ten Heliport,US,Katy
JPU,La Defense Heliport,FR,
JPY,Paraty Airport,BR,Paraty
JQA,Qaarsut Airport,GL,
JQE,Jaque Airport,PA,Jaque
JRA,West 30th St Heliport,US,
JRC,Municipalcipal Heliport,US,Rochester
JRE,East 60th Street Heliport,US,
JRF,Kalaeloa,US,
JRG,Jharsuguda Airport,IN,Jharsuguda
JRH,Rowriah Airport,IN,Jorhat
JRJ,Ganzhou Ruijin Airport,CN,
JRK,Arsuk,GL,Paamiut
JRN,Juruena,BR,
JRO,Kilimanjaro International Airport,TZ,Merelani
JRS,Atarot,IL,Qalandiya
JRT,Juruti Airport,BR,Juruti
JSA,Jaisalmer,IN,Jaisalmer
JSB,Walfrido Salmito de Almeida Airport,BR,São Benedito
JSD,Sikorsky Heliport,US,Stratford
JSG,San Rafael Heliport,US,San Rafael
JSH,Sitia Airport,GR,Siteia
JSI,Skiathos Airport,GR,Skiathos
JSJ,Jiansanjiang Shidi Airport,CN,Fujin
JSK,Jask Airport,IR,Jask
JSL,Steel Pier Heliport,US,Ventnor City
JSM,Jose De San Martin,AR,Jose de San Martin
JSO,Sodertalje Heliport,SE,
JSP,Seogwipo Heliport,KR,Jeju-si
JSR,Jessore Airport,BD,Jessore
JST,Cambria County Airport,US,Geistown
JSU,Heliport,GL,Maniitsoq
JSY,Syros Island Airport,GR,Ermoupolis
JTA,Pedro Teixeira Castelo Airport,BR,Tauá
JTC,Bauru-Arealva Airport,BR,Bauru
JTI,Jatai,BR,Jatai
JTN,Antônio Ribeiro Nogueira Jr. State Airport,BR,Itanhaém
JTO,Heliport,US,Thousand Oaks
JTR,Santorini International Airport,GR,Mesaria
JTY,Astypalaia Airport,GR,Astypalaia
JUA,Juara,BR,
JUB,Juba International Airport,SS,Juba
JUC,Universal City Heliport,US,Silver Lake
JUH,Chizhou Jiuhuashan Airport,CN,Borivli
JUI,Juist,DE,Juist
JUJ,El Cadillal Airport,AR,La Mendieta
JUL,Juliaca Airport,PE,Juliaca
JUM,Jumla,NP,Jumla
JUN,Jundah,AU,
JUO,Jurado,CO,Jurado
JUP,Cable Heliport,US,Upland
JUR,Jurien Bay,AU,Jurien Bay
JUT,Juticalpa,HN,La Concepcion
JUV,Heliport,GL,
JUZ,Quzhou Airport,CN,Quzhou
JVA,Ankavandra,MG,
JVI,Central Jersey Regional Airport,US,
JVL,Rock County,US,Janesville
JWA,Jwaneng,BW,Letlhakeng
JWH,Westchase Hilton Heliport,US,
JWL,Woodlawns,US,The Woodlands
JWN,Zanjan,IR,Zanjan
JWO,Jungwon Air Base,KR,Koesan
JXA,Jixi Airport,CN,Hongjunlu
JXN,Reynolds Municipal,US,Jackson
JYR,Jiroft,IR,Jiroft
JYV,Jyvaskyla Airport,FI,Jyvaeskylae
JZH,Jiuzhai Huanglong Airport,CN,Jin'an
KAA,Kasama Airport,ZM,Kasama
KAB,Kariba,ZW,Kariba
KAC,Kameshly Airport,SY,Al Qamishli
KAD,Kaduna Airport,NG,Kaduna
KAE,SPB,US,
KAF,Karato,PG,
KAG,Gangneung,KR,
KAH,City Heliport,AU,
KAI,Kaieteur,GY,
KAJ,Kajaani Airport,FI,Kajaani
KAK,Kar,PG,
KAL,Kaltag Airport,US,
KAM,Kamaran Island,YE,As Salif
KAN,Mallam Aminu Kano International Airport,NG,Kano
KAO,Kuusamo Airport,FI,Kuusamo
KAP,Kapanga,CD,
KAQ,Kamulai,PG,
KAR,Kamarang,GY,
KAS,Karasburg,NA,Karasburg
KAT,Kaitaia,NZ,Kaitaia
KAU,Kauhava,FI,Kauhava
KAV,Kavanayen,VE,
KAW,Kawthaung Airport,MM,
KAX,Kalbarri,AU,Kalbarri
KAY,Wakaya Island,FJ,
KAZ,Kau,ID,Subaim
KBA,Kabala,SL,Kamakwie
KBB,Kirkimbie,AU,
KBC,Birch Creek,US,
KBD,Kimberley Downs,AU,
KBE,Hot Springs SPB,US,
KBF,Karubaga,ID,
KBG,Kabalega Falls,UG,
KBH,Kalat,PK,Kalat
KBI,Kribi,CM,Kribi
KBJ,Kings Canyon,AU,
KBK,Klag Bay,US,
KBL,Kabul International Airport,AF,Kabul
KBM,Kabwum,PG,
KBN,Kabinda,CD,Kabinda
KBO,Kabalo,CD,
KBP,Boryspil International Airport,UA,Boryspil'
KBQ,Kasungu,MW,
KBR,Sultan Ismail Petra Airport,MY,Kota Bharu
KBS,Bo,SL,Bo
KBT,Kaben,MH,
KBU,Gusti Syamsir Alam Airport,ID,Sungaibali
KBV,Krabi Airport,TH,Nuea Khlong
KBW,Chignik Bay,US,
KBX,Kambuaya,ID,Ayamaru
KBY,Streaky Bay,AU,
KBZ,Kaikoura,NZ,Kaikoura
KCA,Kuqa Airport,CN,Luntai
KCB,Tepoe Airstrip,SR,
KCC,Coffman Cove SPB,US,
KCD,Kamur,ID,
KCE,Collinsville,AU,
KCF,Kadanwari,PK,Kot Diji
KCG,Fisheries,US,
KCH,Kuching International Airport,MY,Kuching
KCI,Kon,ID,Lospalos
KCJ,Komaio,PG,
KCK,Kirensk Airport,RU,Kirensk
KCL,Lagoon,US,
KCM,Kahramanmaras Airport,TR,Kahramanmaras
KCN,SPB,US,
KCO,Cengiz Topel Airport,TR,Derince
KCP,Kamenets-podolskiy,UA,Kamieniec Podolski
KCQ,Chignik,US,
KCR,Colorado Creek,US,
KCS,Kings Creek Station,AU,
KCT,Koggala Airport,LK,
KCU,Masindi,UG,Masindi
KCY,Krasnoyarsk Cheremshanka Airport,RU,
KCZ,Kochi Ryoma Airport,JP,Kochi-shi
KDA,Kolda,SN,Kolda
KDB,Kambalda,AU,
KDC,Kandi,BJ,Kandi
KDD,Khuzdar,PK,Khuzdar
KDE,Koroba,PG,
KDH,Kandahar Airport,AF,Kandahar
KDI,Haluoleo Airport,ID,
KDJ,Ndjole-Ville,GA,
KDK,Municipal,US,
KDL,Kardla Airport,EE,Kardla
KDM,Kaadedhdhoo,MV,Thinadhoo
KDN,Ndende,GA,Ndende
KDO,Kadhdhoo,MV,Fonadhoo
KDP,Kandep,PG,
KDQ,Kamberatoro,PG,
KDR,Kandrian,PG,Kurdzhali
KDS,Kamaran Downs,AU,
KDT,Kamphangsaen,TH,Kamphaeng Saen
KDU,Skardu Airport,PK,Skardu
KDV,Kandavu Airport,FJ,
KDW,Vic. Resevour Kandy,LK,
KDX,Kadugli,SD,Kadugli
KDY,Mahaweli,LK,Kurunegala
KDZ,Polgolla Reservoir Airport,LK,Kandy
KEA,Keisah Airport,ID,
KEB,Nanwalek,US,
KEC,Kasenga,CD,Mwense
KED,Kaedi,MR,Kaedi
KEE,Kelle,CG,
KEF,Keflavik International Airport,IS,Reykjanesbaer
KEG,Keglsugl,PG,
KEH,Kenmore Air Harbor,US,Kenmore
KEI,Kepi,ID,
KEJ,Kemerovo Airport,RU,Kemerovo
KEK,Ekwok,US,
KEL,Kiel-Holtenau,DE,Altenholz
KEM,Kemi/Tornio Airport,FI,Keminmaa
KEN,Kenema,SL,Kenema
KEO,Odienne,CI,Odienne
KEP,Nepalganj Airport,NP,Nepalgunj
KEQ,Kebar,ID,Dobo
KER,Kerman Airport,IR,Kerman
KES,Kelsey,CA,
KET,Keng Tung Airport,MM,
KEU,Kelly Bar,US,
KEV,Halli,FI,Kuhmalahti
KEW,Keewaywin,CA,
KEX,Kanabea,PG,
KEY,Kericho,KE,Kericho
KEZ,Kelaniya River,LK,Wattala
KFA,Kiffa,MR,
KFE,Fortescue Dave Forrest,AU,
KFG,Kalkurung,AU,
KFM,Kirby Lake Aerodrome,CA,
KFP,False Pass,US,
KFS,Kastamonu Airport,TR,Kastamonu
KFZ,Kukës International Airport,AL,Kukës
KGA,Kananga,CD,Kananga
KGB,Konge,PG,
KGC,Kingscote Airport,AU,
KGD,Khrabrovo Airport,RU,Gur'yevsk
KGE,Kagau,SB,
KGF,Karaganda Airport,KZ,Koktal
KGG,Kedougou,SN,Kedougou
KGH,Yongai,PG,
KGI,Kalgoorlie Airport,AU,Boulder
KGJ,Karonga,MW,Karonga
KGK,New Koliganek,US,
KGL,Kigali International Airport,RW,Kigali
KGM,Kungum,PG,
KGN,Kasongo Lunda,CD,Kasongo-Lunda
KGO,Kirovograd,UA,Kirovohrad
KGP,Kogalym International Airport,RU,Kogalym
KGR,Kulgera,AU,
KGS,Kos Airport,GR,Antimacheia
KGT,Kangding Airport,CN,
KGU,Keningau,MY,
KGW,Kagi,PG,
KGX,Grayling Airport,US,
KGY,Kingaroy,AU,Kingaroy
KGZ,Glacier Creek,US,
KHA,Khaneh,IR,Piranshahr
KHC,Kerch,UA,Voykove
KHD,Khorramabad,IR,Khorramabad
KHE,Kherson International Airport,UA,Kherson
KHG,Kashi Airport,CN,Kashi
KHH,Kaohsiung International Airport,TW,Kaohsiung
KHI,Jinnah International Airport,PK,Malir Cantonment
KHJ,Kauhajoki,FI,Kurikka
KHK,Khark Island,IR,Khark
KHM,Khamti,MM,Tuensang
KHN,Nanchang Changbei International Airport,CN,Lehua
KHO,Khoka Moya,ZA,
KHR,Kharkhorin,MN,Khujirt
KHS,Khasab Airport,OM,Khasab
KHT,Khost,AF,Kakad Wari Dir Upper
KHU,Kremenchug,UA,Kremenchuk
KHV,Khabarovsk Airport,RU,Topolevo
KHW,Khwai River Lodge,BW,
KHX,Savannah Airstrip,UG,Beni
KHY,Khoy,IR,Khvoy
KHZ,Kauehi Airport,PF,
KIA,Kaiapit,PG,
KIB,SPB,US,
KIC,Mesa Del Rey,US,King City
KID,Kristianstad Airport,SE,Degeberga
KIE,Aropa,PG,Kieta
KIF,Kingfisher Lake,CA,
KIG,Koinghaas,ZA,Garies
KIH,Kish International Airport,IR,Kish
KII,Kibuli,PG,
KIJ,Niigata Airport,JP,Kameda-honcho
KIK,Kirkuk,IQ,Kirkuk
KIL,Kilwa,CD,Nchelenge
KIM,Kimberley Airport,ZA,Kimberley
KIN,Norman Manley International Airport,JM,
KIO,Kili Island,MH,Kili
KIP,Kickapoo,US,
KIQ,Kira,PG,
KIR,Kerry County Airport,IE,Castleisland
KIS,Kisumu Airport,KE,Kisumu
KIT,Kithira Airport,GR,Kythira
KIU,Kiunga,KE,Buur Gaabo
KIW,Southdowns,ZM,Kitwe
KIX,Kansai International Airport,JP,Kaizuka
KIY,Kilwa Masoko Airport,TZ,
KIZ,Kikinonda,PG,
KJA,Yemelyanovo Airport,RU,Yemel'yanovo
KJB,Uyyalawada Narasimha Reddy Airport,IN,Orvakal
KJH,Kaili Huangping Airport,CN,Shiqian
KJI,Kanasi Airport,CN,Oymak
KJJ,Kajjansi Airfield,UG,
KJK,Kortrijk,BE,Wevelgem
KJP,Kerama,JP,Itoman
KJT,Kertajati International Airport,ID,Jatiwangi
KJU,Kamiraba,PG,
KJX,Blangpidie Airport,ID,Susoh
KKA,Koyuk Airport,US,
KKB,SPB,US,
KKC,Khon Kaen Airport,TH,Khon Kaen
KKD,Kokoda,PG,
KKE,Kerikeri Airport,NZ,Kerikeri
KKF,Kagvik Creek,US,
KKG,Konawaruk,GY,
KKH,Kongiganak Airport,US,
KKI,Spb,US,
KKJ,Kitakyushu Airport,JP,Kanda
KKK,Kalakaket AFS,US,
KKL,Karluk Lake SPB,US,
KKM,Lop Buri,TH,Lop Buri
KKN,Kirkenes Airport Hoeybuktmoen,NO,Bjornevatn
KKO,Kaikohe,NZ,Waimate North
KKP,Koolburra,AU,
KKQ,Krasnoselkup,RU,
KKR,Kaukura Atoll Airport,PF,
KKS,Kashan Airport,IR,Kashan
KKT,Kentland,US,Kentland
KKU,Ekuk,US,
KKW,Kikwit,CD,
KKX,Kikaiga Shima,JP,
KKY,Kilkenny,IE,Kilkenny
KKZ,Koh Kong,KH,Koh Kong
KLB,Kalabo Airport,ZM,Kalabo
KLC,Kaolack,SN,Foundiougne
KLD,Migalovo,RU,Tver
KLE,Kaele,CM,Kaele
KLF,Grabtsevo Airport,RU,Kaluga
KLG,Kalskag Municipal Airport,US,
KLH,Kolhapur,IN,Kagal
KLI,Kota Koli,CD,
KLJ,Klaipeda,LT,Neringa
KLK,Kalokol,KE,
KLL,Levelock,US,
KLM,Kalaleh,IR,Kalaleh
KLN,Larsen SPB,US,
KLO,Kalibo International Airport,PH,"Brgy. Nalook, kalibo"
KLP,Kelp Bay,US,
KLQ,Keluang,ID,Sekayu
KLR,Kalmar Oland Airport,SE,Rinkabyholm
KLS,Longview,US,
KLT,Kaiserslautern,DE,Kaiserslautern
KLU,Klagenfurt Airport,AT,Klagenfurt am Woerthersee
KLV,Karlovy Vary Airport,CZ,Dalovice
KLW,Klawock Airport,US,
KLX,Kalamata Airport,GR,Thouria
KLY,Kalima,CD,
KLZ,Kleinzee,ZA,Port Nolloth
KMA,Kerema,PG,
KMB,Koinambe,PG,
KMC,King Khalid Military,SA,Hajrat al Khinbish
KME,Kamembe,RW,Cyangugu
KMF,Kamina,PG,
KMG,Kunming Changshui International Airport,CN,Qidian
KMH,Kuruman,ZA,Kuruman
KMI,Miyazaki Airport,JP,Miyazaki-shi
KMJ,Kumamoto Airport,JP,Ozu
KMK,Makabana,CG,
KML,Kamileroi,AU,
KMM,Kimam,ID,
KMN,Kamina,CD,Kamina
KMO,Manokotak SPB,US,
KMP,J.G.H. Van Der Wath,NA,Keetmanshoop
KMQ,Komatsu Airport,JP,Komatsu
KMR,Karimui,PG,
KMS,Kumasi Airport,GH,Tafo
KMT,Kampot,KH,Kampot
KMU,Kismayu,SO,Kismayo
KMV,Kalemyo Airport,MM,Falam
KMW,Sokerkino,RU,Kostroma
KMX,Khamis Mushait,SA,Khamis Mushait
KMY,Moser Bay,US,
KMZ,Kaoma,ZM,Kaoma
KNA,Vina del Mar,CL,Vina del Mar
KNB,Kanab,US,Kanab
KND,Kindu,CD,
KNE,Kanainj,PG,
KNF,Marham RAF,GB,King's Lynn
KNG,Kaimana Airport,ID,Kaimana
KNH,Kinmen Airport,TW,Jincheng
KNI,Katanning,AU,Katanning
KNJ,Kindamba,CG,Kinkala
KNK,Kokhanok Airport,US,
KNL,Kelanoa,PG,
KNM,Kaniama,CD,Gandajika
KNN,Kankan,GN,Kankan
KNO,Kuala Namu International Airport,ID,Percut
KNP,Capanda,AO,
KNQ,Kone,NC,Kone
KNR,Jam,IR,Jam
KNS,King Island Airport,AU,Currie
KNT,Municipal,US,Kennett
KNU,Kanpur Airport,IN,Kanpur
KNV,Knights Inlet,CA,
KNW,New Stuyahok,US,
KNX,Kununurra Airport,AU,
KNY,Kodinsk Airport,RU,
KNZ,Kenieba,ML,Dire
KOA,Kona International Airport at Keahole,US,
KOC,Koumac,NC,Koumac
KOD,Kotabangun,ID,Sebulu
KOE,El Tari Airport,ID,Penfui
KOF,Komatipoort,ZA,
KOG,Khong,LA,Khong Chiam
KOH,Koolatah,AU,
KOI,Kirkwall Airport,GB,
KOJ,Kagoshima Airport,JP,Kajiki
KOK,Kruunupyy Airport,FI,Kronoby
KOL,Koumala,CF,
KOM,Komo-Manda,PG,
KON,Kontum,VN,Kon Tum
KOO,Kongolo,CD,Kongolo
KOP,Nakhon Phanom Airport,TH,
KOQ,Koethen,DE,Edderitz
KOR,Kokoro,PG,
KOS,Sihanouk International Airport,KH,Sihanoukville
KOT,Kotlik Airport,US,
KOU,Koulamoutou,GA,Koulamoutou
KOV,Kokshetau Airport,KZ,Kokshetau
KOW,Ganzhou Airport,CN,Ganzhou
KOX,Kokonao,ID,
KOY,Olga Bay SPB,US,
KOZ,Ouzinkie SPB,US,
KPA,Kopiago,PG,
KPB,Point Baker SPB,US,
KPC,Port Clarence,US,
KPD,King Of Prussia,US,King of Prussia
KPE,Yapsiei,PG,
KPF,Kondubol,PG,
KPG,Kurupung,GY,
KPH,Pauloff Harbor SPB,US,
KPI,Kapit,MY,
KPK,Parks SPB,US,
KPL,Kapal,PG,
KPM,Kompiam,PG,
KPN,Kipnuk SPB,US,
KPO,Pohang Airport,KR,Pohang
KPP,Kalpowar,AU,
KPR,Port Williams SPB,US,
KPS,Kempsey,AU,Kempsey
KPT,Jackpot,US,Jackpot
KPV,Perryville SPB,US,
KPW,Keperveyem Airport,RU,Bilibino
KPY,Port Bailey SPB,US,
KQA,Akutan,US,
KQH,Kishangarh Airport,IN,Kishangarh
KQL,Kol,PG,
KQR,Karara Airport,AU,
KQT,Qurghonteppa International Airport,TJ,Bustonqal'a
KRA,Kerang,AU,
KRB,Karumba Airport,AU,
KRC,Kerinci,ID,Siulakderasmudik
KRD,Kurundi,AU,
KRE,Kirundo,BI,Uvira
KRF,Kramfors Airport,SE,Bollstabruk
KRG,Karasabai,GY,
KRI,Kikori,PG,
KRJ,Karawari,PG,
KRK,J. Paul II International Airport Krakow-Balice,PL,Balice
KRL,Korla Airport,CN,Sayibage
KRM,Karanambo,GY,
KRN,Kiruna Airport,SE,Kiruna
KRO,Kurgan Airport,RU,Kurgan
KRP,Karup Airport,DK,Karup
KRQ,Kramatorsk,UA,Kramators'k
KRR,Krasnodar International Airport,RU,Pashkovskiy
KRS,Kristiansand Airport,NO,Justvik
KRT,Khartoum International Airport,SD,Khartoum
KRU,Kerau,PG,
KRV,Kerio Valley,KE,
KRW,Turkmanbashi Airport,TM,Turkmenbasy
KRX,Kar Kar,PG,
KRY,Karamay Airport,CN,
KRZ,Kiri,CD,Inongo
KSA,Kosrae Airport,FM,Tafunsak
KSB,Kasanombe,PG,
KSC,Barca Airport,SK,Kosice
KSD,Karlstad Airport,SE,Karlstad
KSE,Kasese Airport,UG,Kasese
KSF,Kassel-Calden Airport,DE,Calden
KSG,Kisengan,PG,
KSH,Kermanshah Airport,IR,Kermanshah
KSI,Kissidougou,GN,Kissidougou
KSJ,Kasos Island Airport,GR,Fry
KSK,Karlskoga,SE,Karlskoga
KSL,Kassala Airport,SD,Kassala
KSM,Saint Mary's Airport,US,
KSN,Kostanay Airport,KZ,Kostanay
KSO,Aristoteles Airport,GR,Argos Orestiko
KSP,Kosipe,PG,
KSQ,Karshi Airport,UZ,Qarshi
KSR,Federal No 1,US,
KSS,Sikasso,ML,Sikasso
KST,Kosti,SD,Rabak
KSU,Kristiansund Airport Kvernberget,NO,Rensvik
KSV,Springvale,AU,
KSW,Kiryat Shmona,IL,Qiryat Shemona
KSX,Yasuru,PG,
KSY,Kars Airport,TR,Kars
KSZ,Kotlas Airport,RU,Kotlas
KTA,Karratha Airport,AU,Nickol
KTB,Thorne Bay,US,
KTC,Katiola,CI,Katiola
KTD,Kitadaito,JP,
KTE,Kerteh Airport,MY,Kertih
KTF,Takaka,NZ,Takaka
KTG,Ketapang Airport,ID,Ketapang
KTH,SPB,US,
KTI,Kratie,KH,Kratie
KTJ,Kichwa Tembo Airport,KE,Narok
KTK,Kanua,PG,
KTL,Kitale Airport,KE,Kitale
KTM,Tribhuvan International Airport,NP,
KTN,Ketchikan International Airport,US,
KTO,Kato,GY,
KTP,Tinson,JM,Kingston
KTQ,Kitee,FI,Kitee
KTR,Tindal,AU,
KTS,Brevig Mission Airport,US,
KTT,Kittila Airport,FI,Kittilae
KTU,Kota,IN,Baran
KTV,Kamarata,VE,
KTW,Katowice International Airport,PL,Ozarowice
KTX,Koutiala,ML,Koutiala
KTY,Katukurunda Slaf Base,LK,Talpe
KUA,Sultan Haji Ahmad Shah Airport,MY,Kuantan
KUC,Kuria,KI,
KUD,Kudat Airport,MY,Kudat
KUE,Kukundu,SB,
KUF,Kurumoch International Airport,RU,Bereza
KUG,Kubin Island,AU,Kubin
KUH,Kushiro Airport,JP,Kushiro
KUI,Kawau Island,NZ,Warkworth
KUJ,Kushimoto,JP,Shingu
KUK,Kasigluk Airport,US,
KUL,Kuala Lumpur International Airport,MY,Kampung Baharu Nilai
KUM,Yakushima Airport,JP,
KUN,Kaunas Airport,LT,Kaunas
KUO,Kuopio Airport,FI,Siilinjaervi
KUP,Kupiano,PG,
KUQ,Kuri,PG,
KUR,Kuran-O-Munjan,AF,Maymay
KUS,Kulusuk Airport,GL,Tasiilaq
KUT,Kutaisi International Airport,GE,Kutaisi
KUU,Bhuntar Airport,IN,Kulu
KUV,Gunsan Airport,KR,Kunsan
KUW,Kugururok River,US,
KUX,Kuyol,PG,
KUY,Kamusi Airport,PG,
KUZ,Gunsan Airbase,KR,Kang-neung
KVA,Kavala International Airport,GR,Nea Karya
KVB,Skovde,SE,Stopen
KVC,King Cove,US,
KVE,Kitava,PG,
KVG,Kavieng Airport,PG,
KVK,Kirovsk Airport,RU,Kirovsk
KVL,Kivalina Airport,US,
KVM,Markovo Airport,RU,
KVO,Morava Airport,RS,Kraljevo
KVR,Kavalerovo,RU,Kavalerovo
KVU,Korolevu,FJ,
KVX,Kirov Airport,RU,Strizhi
KWA,Kwajalein Airport,MH,Ebaye
KWB,Karimunjawa,ID,
KWD,Kawadjia,CF,Dofa
KWE,Guiyang Longdongbao International Airport,CN,Guiyang
KWF,Waterfall SPB,US,
KWG,Krivoy Rog,UA,Lozuvatka
KWH,Khwahan,AF,Quchanghi
KWI,Kuwait International Airport,KW,Janub as Surrah
KWJ,Gwangju Airport,KR,Gwangju
KWK,Kwigillingok Airport,US,
KWL,Guilin Liangjiang International Airport,CN,Guilin
KWM,Kowanyama,AU,
KWN,Kwinhagak Airport,US,
KWO,Kawito,PG,
KWP,Village SPB,US,
KWR,Kwai Harbour,SB,
KWS,Kwailabesi Aerodrom,SB,
KWT,Kwethluk Airport,US,
KWU,Mansion House,NZ,Kowloon
KWV,Kurwina,PG,
KWX,Kiwai Island,PG,
KWY,Kiwayu,KE,
KWZ,Kolwezi,CD,Kolwezi
KXA,Kasaan SPB,US,
KXB,Sangia Nibandera Airport,ID,Kolaka
KXD,Kondinskoye Airport,RU,Kondinskoye
KXE,Klerksdorp,ZA,Klerksdorp
KXF,Koro Island,FJ,
KXK,Khurba Airport,RU,Khurba
KXO,Kisoro Airport,UG,
KXR,Karoola,PG,
KXU,Katiu,PF,
KYA,Konya Airport,TR,Asagipinarbasi
KYB,Ken's Bore,AU,
KYD,Orchid Island,TW,Hengchun
KYE,Kleyate,LB,Halba
KYF,Yeelirrie,AU,
KYI,Yalata Mission,AU,
KYK,Karluk,US,
KYL,Port Largo,US,Key Largo
KYN,Milton Keynes,GB,Loughton
KYO,Topp Of Tampa,US,Wesley Chapel
KYP,Kyaukpyu Airport,MM,
KYS,Kayes,ML,Kayes
KYT,Kyauktaw,MM,Chauk
KYU,Koyukuk Airport,US,
KYX,Yalumet,PG,
KYZ,Kyzyl Airport,RU,Kyzyl
KZB,Zachar Bay SPB,US,
KZC,Kompong-Chhna,KH,Kampong Chhnang
KZD,Krakor,KH,Pursat
KZF,Kaintiba,PG,
KZG,Kitzingen,DE,Kitzingen
KZH,Kizhuyak,US,
KZI,Philippos Airport,GR,Krokos
KZN,Kazan International Airport,RU,Stolbishchi
KZO,Kzyl-Orda Airport,KZ,Tasboget
KZR,Zafer Airport,TR,
KZS,Kastellorizo Airport,GR,Kalkan
LAA,Lamar Field,US,Lamar
LAB,Lablab,PG,
LAC,Layang-Layang Airstrip,MY,
LAD,Quatro de Fevereiro Airport,AO,Luanda
LAE,Nadzab Airport,PG,
LAF,Purdue University,US,West Lafayette
LAG,La Guaira,VE,La Guaira
LAH,Labuha,ID,Labuha
LAI,Servel Airport,FR,Lannion
LAJ,Correia Pinto Airport,BR,Lages
LAK,Aklavik,CA,
LAL,Municipal,US,Winston
LAM,Los Alamos,US,Los Alamos
LAN,Capital Region International Airport,US,Edgemont Park
LAO,Laoag Airport,PH,San Nicolas
LAP,Leon Airport,MX,El Centenario
LAQ,La Braq Airport,LY,Al Bayda'
LAR,General Brees Field,US,Laramie
LAS,McCarran International Airport,US,
LAT,La Uribe,CO,Cota
LAU,Lamu,KE,Lamu
LAV,Lalomalava,WS,Matavai
LAW,Lawton-Fort Sill Regional Airport,US,Lawton
LAX,Los Angeles International Airport,US,Los Angeles
LAY,Ladysmith,ZA,Ladysmith
LAZ,Bom Jesus Da Lapa,BR,Bom Jesus da Lapa
LBA,Leeds Bradford International Airport,GB,Yeadon
LBB,Lubbock Preston Smith International Airport,US,
LBC,Lubeck Blankensee,DE,Gross Gronau
LBD,Khujand Airport,TJ,Chkalov
LBE,Westmoreland County Airport,US,Lawson Heights
LBF,Lee Bird Field,US,North Platte
LBG,Le Bourget,FR,Gonesse
LBH,Palm Beach SPB,AU,Botany
LBI,Le Sequestre,FR,Albi
LBJ,Komodo Airport,ID,Labuhanbajo
LBK,Liboi,KE,Garissa
LBL,Liberal Municipal Airport,US,Liberal
LBM,Luabo,MZ,
LBN,Lake Baringo,KE,Baringo
LBO,Lusambo,CD,Lusambo
LBP,Long Banga Airfield,MY,Long Layu
LBQ,Lambarene,GA,Lambarene
LBR,Labrea,BR,Canutama
LBS,Labasa Airport,FJ,
LBT,Lumberton,US,Lumberton
LBU,Labuan Airport,MY,
LBV,Libreville Airport,GA,
LBW,Long Bawan,ID,Sungaiboh
LBX,Lubang,PH,Lubang
LBY,Montoir,FR,La Baule-Escoublac
LBZ,Lukapa,AO,Lucapa
LCA,Larnaca International Airport,CY,Meneou
LCB,Pontes e Lacerda,BR,
LCC,Galatina,IT,Collemeto
LCD,Louis Trichardt,ZA,Louis Trichardt
LCE,Goloson International Airport,HN,El Porvenir
LCF,Las Vegas,GT,Morales
LCG,A Coruna Airport,ES,Culleredo
LCH,Lake Charles Regional Airport,US,Prien
LCI,Municipal,US,Gilford
LCJ,Lodz Lublinek Airport,PL,Ksawerow
LCK,Rickenbacker International Airport,US,Obetz
LCL,La Coloma,CU,San Luis
LCM,La Cumbre,AR,La Cumbre
LCN,Balcanoona,AU,Quorn
LCO,Lague,CG,
LCP,Loncopue,AR,Loncopue
LCQ,Lake City,US,Five Points
LCR,La Chorrera,CO,
LCS,Las Canas,CR,
LCT,Shijiazhuang Luancheng Airport,CN,
LCV,Lucca,IT,Capannori
LCX,Liancheng Airport,CN,Wenheng
LCY,London City Airport,GB,
LDA,Malda,IN,Ingraj Bazar
LDB,Londrina Airport,BR,Londrina
LDC,Lindeman Island,AU,Walkerston
LDE,Tarbes Ossun Lourdes Airport,FR,Juillan
LDG,Leshukonskoye,RU,Leshukonskoye
LDH,Lord Howe Island Airport,AU,Woolgoolga
LDI,Kikwetu,TZ,Lindi
LDJ,Linden,US,Linden
LDK,Hovby,SE,Lidkoping
LDM,Mason County,US,Ludington
LDN,Lamidanda,NP,Bhojpur
LDO,Ladouanie,SR,Brownsweg
LDR,Lodar,YE,Lawdar
LDS,Yichun Shi Airport,CN,Xuri
LDU,Lahad Datu Airport,MY,
LDV,Landivisiau,FR,Landivisiau
LDW,Lansdowne,AU,
LDX,St-Laurent du Maroni,GF,Albina
LDY,City of Derry Airport,GB,Eglinton
LDZ,Londolozi Airport,ZA,
LEA,Learmonth Airport,AU,
LEB,Lebanon Regional Airport,US,White River Junction
LEC,Coronel Horacio de Mattos Airport,BR,Vera Cruz
LED,Pulkovo Airport,RU,Dachnoye
LEE,Leesburg,US,Silver Lake
LEF,Lebakeng,LS,
LEG,Aleg,MR,
LEH,Octeville,FR,Sainte-Adresse
LEI,Almeria Airport,ES,Retamar
LEJ,Leipzig/Halle Airport,DE,
LEK,Labe,GN,Labe
LEL,Lake Evella,AU,
LEM,Lemmon,US,Lemmon
LEN,Leon Airport,ES,San Andres del Rabanedo
LEO,Leconi,GA,Lekoni
LEP,Leopoldina,BR,Leopoldina
LEQ,Lands End,GB,Sennen
LER,Leinster,AU,
LES,Lesobeng,LS,
LET,Gen. A.V. Cobo Airport,CO,Leticia
LEU,Seo de Urgel,ES,Sant Julia de Loria
LEV,Levuka Airfield,FJ,
LEW,Auburn,US,Auburn
LEX,Blue Grass Airport,US,Monticello
LEY,Lelystad,NL,Lelystad
LEZ,La Esperanza,HN,La Esperanza
LFB,Lumbo,MZ,Ilha de Mocambique
LFH,Lanping Feng Hua Airport,CN,Jinding
LFI,Langley AFB,US,
LFK,Lufkin Angelina County,US,Diboll
LFM,Lamerd Airport,IR,Lamerd
LFN,Franklin,US,Louisburg
LFO,Kelafo,ET,Beledweyne
LFP,Lakefield,AU,
LFQ,Linfen Qiaoli Airport,CN,Linfen
LFR,La Fria Airport,VE,La Fria
LFT,Lafayette Regional Airport,US,Lafayette
LFW,Lome Airport,TG,Lome
LGA,LaGuardia Airport,US,The Bronx
LGB,Long Beach Airport,US,Signal Hill
LGC,Calloway,US,La Grange
LGD,La Grande,US,La Grande
LGE,Lake Gregory,AU,
LGF,Laguna AAF,US,
LGG,Liege Airport,BE,Awans
LGH,Leigh Creek,AU,
LGI,Deadmans Cay Airport,BS,Clarence Town
LGK,Langkawi International Airport,MY,Kuah
LGL,Long Lellang,MY,
LGM,Laiagam,PG,
LGN,Linga Linga,PG,
LGO,Langeoog,DE,Langeoog
LGP,Legaspi Airport,PH,Sagpon
LGQ,Lago Agrio Airport,EC,Nueva Loja
LGR,Cochrane,CL,Cochrane
LGS,Malargue,AR,Malargue
LGT,Las Gaviotas,CO,San Zenon
LGU,Cache,US,Hyde Park
LGW,London Gatwick Airport,GB,Horley
LGX,Lugh Ganane,SO,
LGY,Lagunillas,VE,Lagunillas
LGZ,Shannan Longzi Airport,CN,Shannan
LHA,Black Forest,DE,Lahr
LHB,Lost Harbor Sea Port,US,
LHE,Allama Iqbal International Airport,PK,Lahore
LHG,Lightning Ridge,AU,
LHI,Lereh,ID,Genyem
LHK,Guanghua,CN,Gucheng Chengguanzhen
LHN,Lishan,TW,Hualian
LHP,Lehu,PG,
LHR,London Heathrow Airport,GB,West Drayton
LHS,Las Heras,AR,
LHU,Lianshulu,NA,
LHV,W T Piper Memorial,US,Lock Haven
LHW,Lanzhou Zhongchuan International Airport,CN,
LIA,Liangping,CN,Longmen
LIB,Limbunya,AU,
LIC,Municipal,US,Limon
LIE,Libenge,CD,Libenge
LIF,Lifou Airport,NC,We
LIG,Bellegarde Airport,FR,Couzeix
LIH,Lihue Airport,US,Hanama'ulu
LII,Mulia,ID,
LIJ,Long Island,US,
LIK,Likiep Island,MH,Likiep
LIL,Lille Airport,FR,Lesquin
LIM,Jorge Chavez International Airport,PE,Callao
LIN,Milano Linate Airport,IT,Novegro-Tregarezzo-San Felice
LIO,Limon International Airport,CR,Limon
LIP,Lins,BR,Lins
LIQ,Lisala,CD,
LIR,Liberia Airport,CR,Liberia
LIS,Lisbon Portela Airport,PT,Moscavide
LIT,Bill and Hillary Clinton National Airport,US,North Little Rock
LIV,Livengood,US,
LIW,Loikaw Airport,MM,Loikaw
LIX,Likoma,MW,Chipyela
LIY,Wright AAF,US,Hinesville
LIZ,Loring AFB,US,Foster Brook
LJA,Lodja,CD,Lodja
LJC,Intercontinental,US,Lafayette
LJG,Lijiang Airport,CN,Huangshan
LJN,Brazoria County,US,Lake Jackson
LJU,Ljubljana Joze Pucnik Airport,SI,Sencur
LKA,Gewayenta Airport,ID,Balela
LKB,Lakeba Airport,FJ,
LKC,Lekana,CG,Djambala
LKD,Lakeland Downs,AU,
LKE,Kenmore Air Harbor SPB,US,Seattle
LKG,Lokichoggio,KE,Kaabong
LKH,Long Akah,MY,Long Ampan Aing or Abanang
LKI,Lakeside USAF,US,Duluth
LKK,Kulik Lake,US,
LKL,Banak Airport,NO,Lakselv
LKM,Raja Loloda Mokoagow Airport,ID,
LKN,Leknes Airport,NO,Leknes
LKO,Chaudhary Charan Singh International Airport,IN,Lucknow
LKP,Lake Placid,US,Lake Placid
LKR,Las Khoreh,SO,Las Khorey
LKS,Lakeside,US,Briarcliff
LKU,Lake Rudolf,KE,
LKV,Lake County,US,Lakeview
LKW,Lekhwair,OM,`Ibri
LKY,Lake Manyara Airport,TZ,Monduli
LKZ,RAF Lakenheath,GB,Mundford
LLA,Lulea Airport,SE,Bergnaset
LLB,Libo County Libo City Airport,CN,Chuanshan
LLC,Cagayan North International Airport,PH,Bagumbayan
LLE,Malelane,ZA,Komatipoort
LLF,Lingling Airport,CN,Lengshuitan
LLG,Chillagoe,AU,
LLH,Las Limas,HN,
LLI,Lalibela Airport,ET,Lalibela
LLJ,Silampari Airport,ID,Lubuklinggau
LLK,Lankaran International Airport,AZ,Lankaran
LLL,Lissadell,AU,
LLM,Long Lama,MY,
LLN,Kelila,ID,Bikondini
LLO,Bua Airport,ID,Beringinjaya
LLP,Linda Downs,AU,
LLS,Las Lomitas,AR,Las Lomitas
LLT,Lobito,AO,Lobito
LLU,Alluitsup Paa,GL,
LLV,Lüliang Airport,CN,Lishi
LLW,Lilongwe International Airport,MW,Lilongwe
LLX,Lyndonville,US,Lyndon
LLY,Burlington County,US,Leisuretowne
LMA,Lake Minchumina,US,
LMB,Salima,MW,Salima
LMC,Lamacarena,CO,San Juan de Arama
LMD,Los Menucos,AR,Los Menucos
LME,Arnage,FR,Cloyes-sur-le-Loir
LMG,Lamassa,PG,
LMH,Limon,HN,Francia
LMI,Lumi,PG,
LML,Lae Island,MH,Lae
LMM,Federal Airport,MX,Los Mochis
LMN,Limbang Airport,MY,Limbang
LMO,Lossiemouth RAF Station,GB,Lossiemouth
LMP,Lampedusa Airport,IT,Lampedusa
LMQ,Marsa Brega,LY,Al Burayqah
LMR,Lime Acres,ZA,Danielskuil
LMS,Winston County,US,Louisville
LMT,Crater Lake Klamath Regional Airport,US,Altamont
LMU,Letung Airport,ID,
LMV,Madivaru Airport,MV,Madivaru
LMX,Lopez De Micay,CO,
LMY,Lake Murray,PG,
LMZ,Palma,MZ,Madimba
LNA,Palm Beach County Park,US,
LNB,Lamen Bay,VU,
LNC,Lengbati,PG,
LND,Hunt Field,US,Lander
LNE,Lonorore,VU,
LNF,Munbil,PG,
LNG,Lese,PG,
LNH,Lake Nash,AU,
LNI,Dew Station,US,
LNJ,Lincang Airport,CN,Mengmeng
LNK,Lincoln Airport,US,Lincoln
LNL,Longnan Chengzhou Airport,CN,Diancun
LNM,Langimar,PG,
LNN,Lost Nation,US,Willoughby
LNO,Leonora,AU,
LNP,Wise,US,Wise
LNQ,Loani,PG,
LNR,Tri County,US,Spring Green
LNS,Lancaster Airport,US,Lititz
LNU,Robert Atty Bessing Airport,ID,Mensalong
LNV,Lihir Island,PG,Rabaul
LNX,Smolensk,RU,Smolensk
LNY,Lanai Airport,US,Lana'i City
LNZ,Linz Airport,AT,Horsching
LOA,Lorraine,AU,
LOB,Los Andes,CL,Coquimbo
LOC,Lock,AU,
LOD,Longana,VU,
LOE,Loei Airport,TH,Loei
LOF,Loen,MH,Jabat
LOG,Longview,US,Kelso
LOH,Ciudad de Catamayo Airport,EC,Catamayo
LOI,Helmuth Baungartem,BR,Ibirama
LOK,Lodwar Airport,KE,
LOL,Derby Field,US,Lovelock
LOM,Francisco P. V. Y R.,MX,Geovillas Laureles del Campanario
LOO,L'Mekrareg Airport,DZ,Laghouat
LOP,Lombok International Airport,ID,Tanakawu Dua
LOQ,Lobatse,BW,Lobatse
LOR,Lowe Army Heliport,US,Headland
LOS,Murtala Muhammed International Airport,NG,Oshodi
LOT,Lewis Lockport,US,Lockport
LOU,Bowman Field Airport,US,Louisville
LOV,Monclova,MX,Monclova
LOW,Louisa,US,Louisa
LOX,Los Tablones Airport,GT,Morazan
LOY,Loyangalani,KE,Lodwar
LOZ,Corbin-london,US,London
LPA,Gran Canaria Airport,ES,Ingenio
LPB,El Alto International Airport,BO,La Paz
LPC,Lompoc Airport,US,
LPD,La Pedrera,CO,
LPE,La Primavera,CO,Ginebra
LPF,Liupanshui Yuezhao Airport,CN,Liupanshui
LPG,La Plata,AR,La Plata
LPI,Linkoping City Airport,SE,Linkoping
LPJ,Pijiguaos,VE,San Juan de Payara
LPK,Lipetsk Airport,RU,Lipetsk
LPL,Liverpool John Lennon Airport,GB,Hale
LPM,Lamap,VU,
LPN,Leron Plains,PG,
LPO,Municipal,US,LaPorte
LPP,Lappeenranta,FI,Lappeenranta
LPQ,Luang Prabang International Airport,LA,Louangphabang
LPS,Lopez Island,US,
LPT,Lampang Airport,TH,Lampang
LPU,Long Apung,ID,Longnawang
LPW,Little Port Walter,US,
LPX,Liepaya Airport,LV,Grobina
LPY,Loudes Airport,FR,Saint-Paulien
LQK,Pickens,US,Pickens
LQM,Puerto Leguizamo,CO,Puerto Leguizamo
LQN,Qala Nau,AF,Qadis
LRA,Larisa,GR,Larisa
LRB,Leribe,LS,Leribe
LRD,Laredo International Airport,US,Laredo
LRE,Longreach Airport,AU,
LRF,Little Rock AFB,US,Little Rock Air Force Base
LRG,Lora Lai,PK,Kharan
LRH,Laleu Airport,FR,Nieul-sur-Mer
LRI,Lorica,CO,Cotorra
LRJ,Municipal,US,Le Mars
LRK,Coast Guard,US,Batallas
LRL,Niamtougou,TG,Niamtougou
LRM,La Romana Airport,DO,La Romana
LRN,Larson AFB,US,Moses Lake
LRO,Sharpe AAF,US,Lathrop
LRQ,Laurie River,CA,
LRR,Lar Airport,IR,Lar
LRS,Leros Airport,GR,Megalo Chorio
LRT,Lann Bihoue Airport,FR,Ploemeur
LRU,Municipal,US,Mesilla
LRV,Los Roques,VE,Caraballeda
LSA,Losuia,PG,
LSB,Lordsburg,US,Lordsburg
LSC,La Florida Airport,CL,La Serena
LSD,Blue Grass Station Army Heliport,US,Mount Vernon
LSE,La Crosse Regional Airport,US,French Island
LSF,Lawson AAF,US,
LSH,Lashio,MM,
LSI,Sumburgh Airport,GB,
LSJ,Long Island,PG,
LSK,Lusk,US,Lusk
LSL,Los Chiles,CR,Los Chiles
LSM,Lawas,MY,Sungai Nyamuk
LSN,Los Banos,US,Los Banos
LSO,Talmont,FR,Les Sables-d'Olonne
LSP,Josefa Camejo Airport,VE,Punto Fijo
LSQ,Los Angeles,CL,Los Angeles
LSR,Lost River,US,
LSS,Terre-de-Haut,GP,Terre-de-Bas
LST,Launceston Airport,AU,Perth
LSU,Long Sukang,MY,
LSV,Nellis AFB,US,Pahrump
LSW,Malikus Saleh Airport,ID,Lhokseumawe
LSX,Lhok Sukon,ID,Matangkuli
LSY,Lismore Airport,AU,Lismore
LSZ,Losinj Airport,HR,Mali Losinj
LTA,Letaba,ZA,Tzaneen
LTB,Latrobe,AU,Latrobe
LTC,Lai,TD,Lai
LTD,Ghadames,LY,Ghadamis
LTF,Leitre,PG,Leitre
LTG,Langtang,NP,Chongdui
LTH,Lathrop Wells,US,
LTI,Altai,MN,Tsagaan-Olom
LTK,Latakia,SY,Jablah
LTL,Lastourville,GA,Lastoursville
LTM,Lethem,GY,
LTN,London Luton Airport,GB,Luton
LTO,Loreto Airport,MX,Loreto
LTP,Lyndhurst,AU,
LTQ,Le Touquet,FR,Etaples
LTR,Letterkenny,IE,Letterkenny
LTS,Altus Air Force Base,US,Altus
LTT,La Mole,FR,
LTU,Latur,IN,Latur
LTV,Lotusvale,AU,
LTW,St Marys County,US,
LTX,Cotapaxi International Airport,EC,Latacunga
LUA,Lukla,NP,
LUB,Lumid Pau,GY,
LUC,Laucala Island,FJ,
LUD,Luderitz Airport,NA,Luderitz
LUE,Lucenec,SK,Lucenec
LUF,Luke AFB,US,
LUG,Lugano Airport,CH,Viganello
LUH,Ludhiana Sahnewal Airport,IN,Ludhiana
LUI,La Union,HN,La Union
LUK,Cincinnati Municipal Lunken Airport,US,Oakbrook
LUL,Hesler-Noble Field,US,Laurel
LUM,Dehong Mangshi Airport,CN,
LUN,Kenneth Kaunda International Airport,ZM,Lusaka
LUO,Luena,AO,Leua
LUP,Kalaupapa,US,
LUQ,San Luis Airport,AR,San Luis
LUR,Cape Lisburne,US,
LUS,Lusanga,CD,Kikwit
LUT,Laura Station,AU,
LUU,Laura,AU,
LUV,Langgur Airport,ID,
LUW,Bubung Airport,ID,Luwuk
LUX,Luxembourg Airport,LU,Sandweiler
LUZ,Lublin Airport,PL,
LVA,Entrammes,FR,Laval
LVB,Dos Galpoes,BR,Rivera
LVD,Lime Village,US,
LVI,Livingstone Airport,ZM,Livingstone
LVK,Livermore,US,Livermore
LVL,Lawrenceville,US,Lawrenceville
LVM,Mission Field,US,Livingston
LVO,Laverton,AU,
LVP,Lavan,IR,Gavbandi
LVR,Mun. Do Bom Futuro,BR,
LVS,Las Vegas,US,Las Vegas
LWA,Lwbak,PH,Lubuagan
LWB,Greenbrier Valley Airport,US,Lewisburg
LWC,Lawrence,US,Lawrence
LWE,Lewoleba,ID,Boto
LWH,Lawn Hill,AU,
LWI,Lowai,PG,
LWK,Lerwick/Tingwall,GB,
LWL,Harriet Field,US,Wells
LWM,Lawrence,US,North Andover
LWN,Leninakan Airport,AM,Azatan
LWO,Lviv International Airport,UA,Rudne
LWR,Leeuwarden,NL,Britsum
LWS,Lewiston-Nez Perce County Regional Airport,US,Lewiston Orchards
LWT,Municipal,US,Lewistown
LWV,Municipal,US,Lawrenceville
LWY,Lawas Airport,MY,Victoria
LXA,Lhasa Gonggar Airport,CN,Konggar
LXG,Luang Namtha Airport,LA,Louang Namtha
LXN,Lexington,US,Lexington
LXR,Luxor International Airport,EG,Luxor
LXS,Limnos Airport,GR,Myrina
LXU,Lukulu,ZM,Lukulu
LXV,Leadville,US,Leadville
LYA,Luoyang Beijiao Airport,CN,
LYB,Little Cayman Airport,KY,East End
LYC,Lycksele Airport,SE,Lycksele
LYE,Lyneham RAF Station,GB,Lyneham
LYG,Lianyungang Airport,CN,Niushan
LYH,Preston-Glenn Field,US,Timberlake
LYI,Linyi Airport,CN,Linyi
LYK,Lunyuk,ID,Lunyuk Ode
LYN,Bron,FR,Bron
LYO,Lyons-Rice County Municipal,US,Lyons
LYP,Faisalabad Airport,PK,Faisalabad
LYR,Svalbard Airport,SJ,Longyearbyen
LYS,Lyon Saint-Exupery International Airport,FR,Pusignan
LYT,Lady Elliot Island,AU,Bundaberg
LYU,Ely,US,Ely
LYX,London Ashford International (Ferryfield),GB,Lydd
LZA,Luiza,CD,Mwene-Ditu
LZC,Lazaro Cardenas Airport,MX,La Orilla
LZG,Langzhong Airport,CN,Shilong
LZH,Liuzhou Airport,CN,Labu
LZI,Luozi,CD,
LZM,Luzamba,AO,
LZN,Matsu Nangan Airport,TW,
LZO,Luzhou Lantian Airport,CN,Luzhou
LZR,Lizard Island,AU,
LZU,Gwinnett County Airport,US,Suwanee
LZY,Nyingchi Mainling Airport,CN,Mainling
MAA,Chennai Airport,IN,Pallavaram
MAB,Maraba Airport,BR,
MAC,Smart,US,
MAD,Adolfo Suarez Madrid-Barajas Airport,ES,Barajas de Madrid
MAE,Madera,US,Madera
MAF,Midland International Airport,US,
MAG,Madang Airport,PG,
MAH,Menorca Airport,ES,Sant Lluis
MAI,Mangochi,MW,Mangochi
MAJ,Amata Kabua International Airport,MH,Majuro
MAK,Malakal,SS,Malakal
MAL,Mangole,ID,
MAM,Matamoros Airport,MX,Heroica Matamoros
MAN,Manchester Airport,GB,Ringway
MAO,Eduardo Gomes International Airport,BR,
MAP,Mamai,PG,
MAQ,Mae Sot Airport,TH,Mae Sot
MAR,La Chinita Airport,VE,San Francisco
MAS,Momote Airport,PG,Lorengau
MAT,Matadi,CD,Matadi
MAU,Maupiti,PF,Vaitape
MAV,Maloelap Island,MH,Taroa
MAW,Malden,US,Malden
MAX,Matam,SN,Ouro Sogui
MAY,Mangrove Cay,BS,
MAZ,Eugenio M. De Hostos Airport,PR,Anasco
MBA,Moi International Airport,KE,Mombasa
MBB,Marble Bar,AU,
MBC,Mbigou,GA,Mbigou
MBD,Mmabatho International Airport,ZA,Mmabatho
MBE,Monbetsu Airport,JP,Mombetsu
MBF,Mount Buffalo,AU,
MBG,Mobridge,US,Mobridge
MBH,Maryborough,AU,Maryborough
MBI,Mbeya Airport,TZ,Mbeya
MBJ,Sangster International Airport,JM,Montego Bay
MBK,Matupa,BR,Alta Floresta
MBL,Blacker Airport,US,Manistee
MBM,Mkambati,ZA,Bizana
MBN,Mt Barnett,AU,
MBO,Mamburao,PH,Mamburao
MBP,Moyobamba,PE,Yorongos
MBQ,Mbarara,UG,Mbarara
MBR,Mbout,MR,
MBS,MBS International Airport,US,Freeland
MBT,Masbate Airport,PH,Tumalaytay
MBU,Mbambanakira,SB,
MBV,Masa,PG,
MBW,Moorabbin,AU,Heatherton
MBX,Maribor International Airport,SI,Maribor
MBY,Moberly,US,Moberly
MBZ,Maues,BR,Maues
MCA,Macenta,GN,Macenta
MCB,Pike County,US,Magnolia
MCC,Mcclellan AFB,US,North Highlands
MCD,Mackinac Island,US,Saint Ignace
MCE,Merced Municipal Airport,US,
MCF,Mac Dill AFB,US,
MCG,McGrath Airport,US,
MCH,Machala,EC,Puerto Bolivar
MCI,Kansas City International Airport,US,Weatherby Lake
MCJ,Maicao,CO,Maicao
MCK,Mc Cook Airport,US,McCook
MCL,Mt Mckinley,US,
MCM,Fontvieille Heliport,MC,Monaco
MCN,Lewis B Wilson,US,
MCO,Orlando International Airport,US,Taft
MCP,Macapa International Airport,BR,Macapa
MCQ,Miskolc,HU,Arnot
MCR,Melchor De Menco,GT,Chiquinival
MCS,Monte Caseros,AR,Monte Caseros
MCT,Muscat International Airport,OM,Bawshar
MCU,Gueret (Lepaud),FR,Montlucon
MCV,Mcarthur River Airport,AU,
MCW,Mason City Airport,US,Clear Lake
MCX,Makhachkala Airport,RU,Kaspiysk
MCY,Sunshine Coast Airport,AU,Coolum Beach
MCZ,Maceio-Zumbi dos Palmares International Airport,BR,Satuba
MDA,Martindale Army Heliport,US,San Antonio
MDB,Melinda,BZ,Dangriga
MDC,Sam Ratulangi International Airport,ID,Tatelu
MDD,Airpark,US,Midland
MDE,Jose Maria Cordova International Airport,CO,Rionegro
MDF,Medford,US,Medford
MDG,Mudanjiang Airport,CN,Xinglong
MDH,Southern Illinois,US,De Soto
MDI,Makurdi,NG,Makurdi
MDJ,City-county,US,Warm Springs
MDK,Mbandaka,CD,Mbandaka
MDL,Mandalay International Airport,MM,
MDM,Munduku,PG,
MDN,Jefferson Proving Grd,US,Madison
MDO,Intermediate,US,
MDP,Mindiptana,ID,
MDQ,Mar Del Plata Airport,AR,
MDR,Medfra,US,
MDS,Middle Caicos,TC,
MDT,Harrisburg International Airport,US,Middletown
MDU,Mendi Airport,PG,
MDV,Medouneu,GA,
MDW,Chicago Midway International Airport,US,Stickney
MDX,Mercedes,AR,Mercedes
MDY,Sand Island Field,UM,
MDZ,El Plumerillo International Airport,AR,Las Heras
MEA,Macae,BR,Macae
MEB,Essendon Airport,AU,Niddrie
MEC,Manta Airport,EC,Manta
MED,Prince Mohammad Bin Abdulaziz International Airport,SA,Medina
MEE,Mare Airport,NC,
MEF,Melfi,TD,Melfi
MEG,Malange,AO,Malanje
MEH,Mehamn Airport,NO,Mehamn
MEI,Key Field,US,Meridian
MEJ,Meadville,US,Meadville
MEK,Meknes,MA,Meknes
MEL,Tullamarine Airport,AU,Attwood
MEM,Memphis International Airport,US,Southaven
MEN,Brenoux,FR,Mende
MEO,Dare County Regional,US,Manteo
MEP,Mersing,MY,Mersing
MEQ,Seunagan,ID,Meulaboh
MER,Castle AFB,US,Merced
MES,Polonia,ID,Medan
MET,Moreton,AU,
MEU,Monte Dourado,BR,Almeirim
MEV,Douglas County,US,Minden
MEW,Mweka,CD,Mweka
MEX,Benito Juarez International Airport,MX,Venustiano Carranza
MEY,Meghauli,NP,Bharatpur
MEZ,Messina,ZA,
MFA,Mafia,TZ,Kilindoni
MFB,Monfort,CO,
MFC,Mafeteng,LS,Mafeteng
MFD,Lahm Municipal,US,Lincoln Heights
MFE,McAllen International Airport,US,McAllen
MFF,Moanda,GA,Moanda
MFG,Muzaffarabad,PK,Muzaffarabad
MFH,Mesquite,US,Mesquite
MFI,Municipal,US,Marshfield
MFJ,Moala,FJ,
MFK,Matsu Beigan Airport,TW,Nangan
MFL,Mount Full Stop,AU,
MFM,Macau International Airport,MO,
MFN,Milford Sound,NZ,
MFO,Manguna,PG,
MFP,Manners Creek,AU,
MFQ,Maradi,NE,Maradi
MFR,Rogue Valley International-Medford Airport,US,Medford
MFS,Miraflores,CO,Miraflores
MFT,Machu Picchu,PE,Santa Teresa
MFU,Mfuwe,ZM,Chipata
MFV,Accomack County,US,Onancock
MFW,Magaruque,MZ,
MFX,Meribel,FR,Meribel
MFY,Mayfa'ah,YE,Al Wuday`
MFZ,Mesalia,PG,
MGA,Augusto C Sandino International Airport,NI,Managua
MGB,Mount Gambier Airport,AU,Mount Gambier
MGC,Michigan City Airport,US,Trail Creek
MGD,Magdalena,BO,
MGE,Dobbins AFB,US,
MGF,Regional De Maringa,BR,Maringa
MGG,Margarima,PG,
MGH,Margate Airport,ZA,Margate
MGI,Aransas National Wildlife Refuge,US,Port O'Connor
MGJ,Orange County,US,Montgomery
MGK,Mong Ton,MM,
MGL,Moenchen-gl. - Dus Exp,DE,Krefeld
MGM,Montgomery Regional Airport,US,
MGN,Baracoa,CO,Magangue
MGO,Manega,GA,Fougamou
MGP,Manga,PG,
MGQ,Mogadishu International Airport,SO,Mogadishu
MGR,Moultrie Municipal,US,
MGS,Mangaia Island,CK,
MGT,Milingimbi,AU,
MGU,Manaung,MM,Sittwe
MGV,Margaret River,AU,
MGW,Morgantown Airport,US,Brookhaven
MGX,Moabi,GA,
MGY,Dayton-Wright Brothers Airport,US,Union
MGZ,Myeik Airport,MM,Myeik
MHA,Mahdia,GY,
MHB,Mechanics Bay,NZ,
MHC,Mocopulli Airport,CL,
MHD,Mashhad International Airport,IR,Mashhad
MHE,Municipal,US,Mitchell
MHF,Morichal,CO,
MHG,Mannheim Airport,DE,Mannheim
MHH,Marsh Harbour International Airport,BS,Marsh Harbour
MHI,Musha,DJ,Danan
MHK,Manhattan Municipal Airport,US,Ogden
MHL,Memorial Municipal,US,Marshall
MHM,Intermediate,US,
MHN,Mullen,US,Mullen
MHO,Mount House,AU,
MHP,Minsk International 1,BY,Syenitsa
MHQ,Mariehamn Airport,AX,Mariehamn
MHR,Sacramento Mather Airport,US,
MHS,Rep,US,Mount Shasta
MHT,Manchester Boston Regional Airport,US,Manchester
MHU,Mount Hotham,AU,Mount Beauty
MHV,Kern County,US,Mojave
MHW,Monteagudo,BO,Monteagudo
MHX,Manihiki Island,CK,
MHY,Morehead,PG,
MHZ,Mildenhall Airport,GB,Lakenheath
MIA,Miami International Airport,US,Miami
MIB,Minot AFB,US,
MIC,Crystal,US,Brooklyn Center
MID,Manuel Crescencio Rejon International Airport,MX,Itzincab Palomeque
MIE,Delaware County,US,Muncie
MIF,Roy Hurd Memorial,US,Monahans
MIG,Mianyang Nanjiao Airport,CN,Mianyang
MIH,Mitchell Plateau,AU,
MII,Dr Gastao Vidigal Airport,BR,Marilia
MIJ,Mili Island,MH,Mili
MIK,Mikkeli,FI,Mikkeli
MIM,Merimbula Airport,AU,Merimbula
MIN,Minnipa,AU,Streaky Bay
MIO,Miami,US,Miami
MIP,Mitspeh Ramon,IL,Mitzpe Ramon
MIQ,Simón Bolívar International,US,
MIR,Habib Bourguiba International Airport,TN,Sahline
MIS,Misima Island,PG,
MIT,Kern County,US,Shafter
MIU,Maiduguri,NG,Maiduguri
MIV,Millville,US,Millville
MIW,Municipal,US,Conrad
MIX,Miriti,CO,
MIY,Mittiebah,AU,
MIZ,Mainoru,AU,
MJA,Manja,MG,
MJB,Mejit Island,MH,Mejit
MJC,Man,CI,Man
MJD,Mohenjodaro,PK,Dokri
MJE,Majkin,MH,
MJF,Kjaerstad Airport,NO,Mosjoen
MJG,Mayajigua,CU,Venezuela
MJI,Mitiga Tripoli Airport,LY,Tagiura
MJJ,Moki,PG,
MJK,Shark Bay,AU,
MJL,Mouila,GA,Mouila
MJM,Mbuji-Mayi,CD,Mbuji-Mayi
MJN,Amborovy,MG,Mahajanga
MJO,Mount Etjo Lodge,NA,
MJP,Manjimup,AU,Manjimup
MJQ,Jackson,US,Jackson
MJR,Miramar,AR,Miramar
MJS,Maganja Da Costa,MZ,Ressano Garcia
MJT,Mytilene International Airport,GR,Vareia
MJU,Tampa Padang Airport,ID,Mamuju
MJV,Murcia-San Javier Airport,ES,San Javier
MJW,Mahenye,ZW,Chiredzi
MJX,Robert J. Miller,US,Toms River
MJY,Mangunjaya,ID,Babat
MJZ,Mirnyj Airport,RU,Mirny
MKA,Marianske Lazne,CZ,Marianske Lazne
MKB,Mekambo,GA,
MKC,Charles B. Wheeler Downtown Airport,US,Kansas City
MKE,General Mitchell International Airport,US,Saint Francis
MKG,Muskegon Airport,US,Norton Shores
MKH,Mokhotlong,LS,
MKI,Mboki,CF,Obo
MKJ,Makoua,CG,Makoua
MKK,Molokai Airport,US,Kualapu'u
MKL,Mckellar Airport,US,Jackson
MKM,Mukah Airport,MY,
MKN,Malekolon,PG,
MKO,Davis Field,US,Muskogee
MKP,Makemo,PF,
MKQ,Mopah Airport,ID,
MKR,Meekatharra,AU,
MKS,Mekane Selam,ET,Debre Tabor
MKT,Municipal,US,Eagle Lake
MKU,Makokou,GA,Makokou
MKV,Mt Cavenagh,AU,
MKW,Rendani Airport,ID,Manokwari
MKY,Mackay Airport,AU,Mackay
MKZ,Malacca International Airport,MY,Batu Berendam
MLA,Malta International Airport,MT,Luqa
MLB,Orlando Melbourne International Airport,US,Melbourne
MLC,Mc Alester,US,McAlester
MLD,Malad City,US,Malad City
MLE,Male International Airport,MV,Male
MLF,Milford,US,Milford
MLG,Abdul Rachman Saleh Airport,ID,Singosari
MLH,EuroAirport Basel-Mulhouse-Freiburg,CH,Hesingue
MLI,Quad City International Airport,US,Coal Valley
MLJ,Baldwin County,US,Milledgeville
MLK,Malta,US,Malta
MLL,Marshall Don Hunter Sr. Airport,US,
MLM,Morelia Airport,MX,Alvaro Obregon
MLN,Melilla Airport,ES,Melilla
MLO,Milos Airport,GR,Adamas
MLP,Malabang,PH,Malabang
MLQ,Malalaua,PG,
MLR,Millicent,AU,Millicent
MLS,Municipal,US,Miles City
MLT,Millinocket,US,Millinocket
MLU,Monroe Regional Airport,US,Lakeshore
MLV,Merluna,AU,
MLW,Sprigg Payne,LR,Monrovia
MLX,Malatya Airport,TR,Yesilyurt
MLY,Manley Hot Springs,US,
MLZ,Cerro Largo,UY,Melo
MMA,Malmö Bulltofta Airport,DK,Arloev
MMB,Memanbetsu Airport,JP,Bihoro
MMC,Ciudad Mante,MX,Ciudad Mante
MMD,Maridor,JP,
MME,Durham Tees Valley Airport,GB,Bishopton
MMF,Mamfe,CM,Mamfe
MMG,Mount Magnet,AU,
MMH,Mammoth Lakes Airport,US,Mammoth Lakes
MMI,McMinn County,US,Decatur
MMJ,Matsumoto Airport,JP,Matsumoto
MMK,Murmansk Airport,RU,Murmashi
MML,Municipal-Ryan Field,US,Marshall
MMM,Middlemount,AU,Tieri
MMN,Minute Man Airfield,US,Stow
MMO,Vila Do Maio,CV,Vila do Maio
MMP,Mompos,CO,Mompos
MMQ,Mbala,ZM,Mbala
MMR,Camp Maybry AHP,US,Austin
MMS,Selfs,US,Marks
MMT,Mc Entire ANG Base,US,Springdale
MMU,Morristown Municipal Airport,US,Florham Park
MMV,Mal,PG,Lafayette
MMW,Moma,MZ,Antonio Enes
MMX,Malmo Airport,SE,Genarp
MMY,Miyako Airport,JP,
MMZ,Maimana,AF,Maymana
MNA,Melangguane,ID,Lirung
MNB,Moanda,CD,
MNC,Nacala,MZ,Nacala
MND,Medina,CO,Medina
MNE,Mungeranie,AU,
MNF,Mana Island Airstrip,FJ,
MNG,Maningrida Airport,AU,
MNH,Minneriya,LK,Kalmunai
MNI,Bramble Airport,MS,Saint Peters
MNJ,Mananjary,MG,Mananjary
MNK,Maiana,KI,Tarawa
MNL,Ninoy Aquino International Airport,PH,Makati City
MNM,Menominee,US,Marinette
MNN,Municipal,US,Marion
MNO,Manono,CD,Kabalo
MNP,Maron,PG,
MNQ,Monto,AU,
MNR,Mongu,ZM,Mongu
MNS,Mansa,ZM,Mansa
MNT,Minto,US,
MNU,Maulmyine,MM,Mawlamyine
MNV,Mountain Valley,AU,
MNW,Macdonald Downs,AU,
MNX,Manicore,BR,Manicore
MNY,Mono,SB,
MNZ,Manassas Regional Airport/Harry P. Davis Field,US,Manassas
MOA,Orestes Acosta,CU,Moa
MOB,Mobile Regional Airport,US,Tillmans Corner
MOC,Montes Claros Airport,BR,Montes Claros
MOD,Modesto Municipal Airport,US,Bystrom
MOE,Momeik,MM,Mogok
MOF,Wai Oti Airport,ID,Waioti
MOG,Mong Hsat,MM,Mae Ai
MOH,Maleo Airport,ID,Malili
MOI,Mitiaro Island,CK,
MOJ,Moengo,SR,Moengo
MOK,Muynak Airport,UZ,Muynak
MOL,Molde Airport Aro,NO,Molde
MOM,Moudjeria,MR,Barkewol
MON,Mount Cook Airport,NZ,
MOO,Moomba,AU,
MOP,Municipal,US,Mount Pleasant
MOQ,Morondava Airport,MG,Morondava
MOR,Moore-Murrell,US,Morristown
MOS,Intermediate,US,
MOT,Minot International Airport,US,Minot
MOU,Mountain Village Airport,US,
MOV,Moranbah Airport,AU,Moranbah
MOX,Municipal,US,Morris
MOY,Monterrey,CO,Monterrey
MOZ,Temae Airport,PF,Teavaro
MPA,Mpacha,NA,
MPB,Miami Sea Plane Base,US,
MPC,Muko-Muko,ID,Sungai Penuh
MPD,Mirpur Khas,PK,Mirpur Khas
MPE,Griswold,US,Madison
MPF,Mapoda,PG,
MPG,Makini,PG,
MPH,Boracay Airport,PH,Caticlan
MPI,Mamitupo,PA,Maria Chiquita
MPJ,Petit Jean Park,US,Morrilton
MPK,Mokpo,KR,Moppo
MPL,Montpellier Mediterranee Airport,FR,Perols
MPM,Maputo International Airport,MZ,
MPN,Mount Pleasant,FK,
MPO,Mt Pocono,US,Mount Pocono
MPP,Mulatupo,PA,
MPQ,Maan,JO,Ma'an
MPR,Mcpherson,US,McPherson
MPS,Mount Pleasant,US,Mount Pleasant
MPT,Maliana,TL,Akubala
MPU,Mapua,PG,
MPV,Edward F Knapp State,US,Montpelier
MPW,Mariupol,UA,Mariupol
MPX,Miyanmin,PG,
MPY,Maripasoula,GF,
MPZ,Municipal,US,Mount Pleasant
MQA,Mandora,AU,Broome
MQB,Municipal,US,Macomb
MQC,Miquelon Airport,PM,Miquelon
MQD,Maquinchao,AR,Maquinchao
MQE,Marqua,AU,
MQF,Magnitogorsk Airport,RU,Magnitogorsk
MQG,Midgard,NA,Okahandja
MQH,Municipal,BR,Cavalcante
MQI,Quincy,US,Quincy
MQJ,Moma,RU,
MQK,San Matias,BO,San Matias
MQL,Mildura Airport,AU,Mildura
MQM,Mardin Airport,TR,Kiziltepe
MQN,Mo i Rana Airport,NO,Mo i Rana
MQO,Malam,PG,
MQP,Kruger Mpumalanga International Airport,ZA,White River
MQQ,Moundou,TD,Moundou
MQR,Mosquera,CO,Mosquera
MQS,Mustique,VC,Port Elizabeth
MQT,Sawyer International Airport,US,K. I. Sawyer Air Force Base
MQU,Mariquita,CO,Mariquita
MQV,Mostaganem,DZ,Mostaganem
MQW,Telfair-Wheeler,US,Helena
MQX,Makale Airport,ET,Mekele
MQY,Smyrna,US,Smyrna
MQZ,Margaret River,AU,Margaret River
MRA,Misurata Airport,LY,Misratah
MRB,Eastern Wv Regional Airport/Shepherd Field,US,Martinsburg
MRC,Maury County,US,Columbia
MRD,A Carnevalli,VE,Merida
MRE,Mara Lodges Airport,KE,
MRF,Municipal,US,Marfa
MRG,Mareeba,AU,
MRH,May River,PG,
MRI,Merrill Field,US,Anchorage
MRJ,Marcala,HN,Marcala
MRK,Marco Island,US,Marco
MRL,Miners Lake,AU,Charters Towers
MRM,Manare,PG,
MRN,Lenoir,US,Morganton
MRO,Masterton/Hood Aerodrome,NZ,Masterton
MRP,Marla,AU,
MRQ,Marinduque,PH,Masiga
MRR,Macara,EC,Macara
MRS,Marseille Provence Airport,FR,Saint-Victoret
MRT,Moroak,AU,
MRU,Sir Seewoosagur Ramgoolam International Airport,MU,Plaine Magnien
MRV,Mineralnye Vody Airport,RU,Andzhiyevskiy
MRW,Maribo,DK,Holeby
MRX,Mahshahr Airport,IR,Bandar-e Mahshahr
MRY,Monterey Regional Airport,US,Del Rey Oaks
MRZ,Moree Airport,AU,Moree
MSA,Muskrat Dam,CA,
MSB,Marigot SPB,MF,
MSC,Falcon Field,US,Mesa
MSD,Mt Pleasant,US,Mount Pleasant
MSE,Kent International,GB,Westgate on Sea
MSF,Mount Swan,AU,
MSG,Matsaile,LS,
MSH,Masirah,OM,Badiyah
MSI,Masalembo,ID,Perreng
MSJ,Misawa,JP,Misawa
MSK,Mastic Point,BS,
MSL,Northwest Alabama Regional Airport,US,Muscle Shoals
MSM,Masi Manimba,CD,Bulungu
MSN,Dane County Regional Airport,US,Maple Bluff
MSO,Missoula International Airport,US,Orchard Homes
MSP,Minneapolis-St. Paul International Airport,US,Minneapolis
MSQ,Minsk National Airport,BY,Smilavichy
MSR,Mus Airport,TR,Haskoy
MSS,Richards Field,US,Massena
MST,Maastricht Aachen Airport,NL,Elsloo
MSU,Moshoeshoe International Airport,LS,Maseru
MSV,Sullivan County International,US,Liberty
MSW,Massawa International,ER,Massawa
MSX,Mossendjo,CG,Mossendjo
MSY,Louis Armstrong New Orleans International Airport,US,Kenner
MSZ,Yuri Gagarin Airport,AO,Namibe
MTA,Matamata,NZ,Matamata
MTB,Monte Libano,CO,Montelibano
MTC,Selfridge ANGB,US,Mount Clemens
MTD,Mt Sandford,AU,
MTE,Monte Alegre,BR,Monte Alegre
MTF,Mizan Teferi,ET,
MTG,Mato Grosso,BR,Diamantino
MTH,Florida Keys Marathon Airport,US,Marathon
MTI,Mosteiros,CV,Porto dos Mosteiros
MTJ,Montrose Regional Airport,US,Montrose
MTK,Makin Island,KI,Makin Village
MTL,Maitland,AU,Maitland
MTM,SPB,US,
MTN,Glenn L Martin,US,Bowleys Quarters
MTO,Coles County Memorial,US,Mattoon
MTP,Montauk Airport,US,Montauk
MTQ,Mitchell,AU,
MTR,Los Garzones Airport,CO,Cerete
MTS,Matsapha International,SZ,Kwaluseni
MTT,Minatitlan Airport,MX,Minatitlan
MTU,Montepuez,MZ,Montepuez
MTV,Mota Lava,VU,
MTW,Municipal,US,Manitowoc
MTX,Metro Field,US,College
MTY,Gen Mariano Escobedo Airport,MX,Ladrillera (Entronque Pesqueria)
MTZ,Masada,IL,Mas`adah
MUA,Munda Airport,SB,
MUB,Maun Airport,BW,
MUC,Franz Josef Strauss Airport,DE,Hallbergmoos
MUD,Mueda,MZ,Newala Kisimani
MUE,Kamuela,US,Waimea
MUF,Muting,ID,
MUG,Mulege,MX,
MUH,Mersa Matruh,EG,Mersa Matruh
MUI,Muir AAF,US,Jonestown
MUJ,Mui,ET,Mizan Teferi
MUK,Mauke Island,CK,
MUL,Spence,US,Moultrie
MUN,Jose Tadeo Monagas International Airport,VE,Maturin
MUO,Mountain Home AFB,US,Mountain Home
MUP,Mulga Park,AU,
MUQ,Muccan,AU,
MUR,Marudi Airport,MY,
MUS,Marcus Island,JP,
MUT,Muscatine,US,Muscatine
MUU,Mount Union,US,Mount Union
MUW,Mascara-Ghriss,DZ,Mascara
MUX,Multan Airport,PK,Multan
MUY,Mouyondzi,CG,Madingou
MUZ,Musoma Airport,TZ,Musoma
MVA,Reykiahlid,IS,Laugar
MVB,Franceville/Mvengue,GA,Franceville
MVC,Monroe - Walton County,US,Monroeville
MVD,Carrasco International Airport,UY,Paso de Carrasco
MVE,Montevideo-Chippewa,US,Montevideo
MVF,Dixsept Rosado,BR,Mossoro
MVG,Mevang,GA,Ndjole
MVH,Macksville,AU,Macksville
MVI,Manetai,PG,
MVJ,Marlboro,JM,Mandeville
MVK,Mulka,AU,
MVL,Morrisville-Stowe,US,Morrisville
MVM,Monument Valley,US,Kayenta
MVN,Mt Vernon-Outland,US,Mount Vernon
MVO,Mongo,TD,Mongo
MVP,Mitu,CO,
MVQ,Mogilev,BY,Vishow
MVR,Salam,CM,Maroua
MVS,Aeroporto Max Feffer,BR,Mucuri
MVT,Mataiva,PF,
MVU,Musgrave,AU,Cooktown
MVV,Megeve,FR,Megeve
MVW,Skagit Regional,US,Mount Vernon
MVX,Minvoul,GA,Bitam
MVY,Martha's Vineyard Airport,US,
MVZ,Masvingo,ZW,Masvingo
MWA,Williamson County Airport,US,Energy
MWB,Morawa,AU,Dongara
MWC,Lawrence J Timmerman,US,
MWD,Mianwali,PK,Mianwali
MWE,Merowe,SD,Marawi
MWF,Maewo,VU,
MWG,Marawaka,PG,
MWH,Grant County,US,Moses Lake North
MWI,Maramuni,PG,
MWJ,Matthews Ridge,GY,Bartica
MWK,Matak,ID,
MWL,Mineral Wells Airport,US,Mineral Wells
MWM,Windom Municipal,US,Windom
MWN,Mwadui,TZ,Mwadui
MWO,Hook Field,US,Middletown
MWP,Mountain,NP,
MWQ,Magwe,MM,Magway
MWR,Motswari Airfield,ZA,
MWS,Mount Wilson,US,Sierra Madre
MWT,Moolawatana,AU,
MWU,Mussau,PG,
MWV,Mundulkiri,KH,Senmonourom
MWX,Muan International Airport,KR,Muan
MWY,Miranda Downs,AU,
MWZ,Mwanza Airport,TZ,Mwanza
MXA,Municipal,US,Manila
MXB,Masamba,ID,Masamba
MXC,San Juan County,US,Monticello
MXD,Marion Downs,AU,
MXE,Maxton,US,Maxton
MXF,Maxwell AFB,US,Montgomery
MXG,Marlborough,US,Marlborough
MXH,Moro Airport,PG,
MXI,Imelda Romualdez Marcos,PH,Mati
MXJ,Minna,NG,Minna
MXK,Mindik,PG,
MXL,Mexicali Airport,MX,Islas Agrarias Grupo A
MXM,Morombe,MG,
MXN,Morlaix,FR,Saint-Martin-des-Champs
MXO,Municipal,US,Monticello
MXP,Milano Malpensa Airport,IT,Vizzola Ticino
MXQ,Lorenzo Airport,BR,Cairu
MXR,Mirgorod,UA,Myrhorod
MXS,Maota Savaii Island,WS,Safotulafai
MXT,Maintirano,MG,
MXU,Mullewa,AU,Waggrakine
MXV,Moron,MN,Murun-kuren
MXW,Mandalgobi,MN,Mandalgovi
MXX,Mora Airport,SE,Mora
MXY,Mccarthy,US,
MXZ,Mei Xian Airport,CN,Sanjiao
MYA,Moruya Airport,AU,Broulee
MYB,Mayoumba,GA,Mayumba
MYC,Maracay,VE,Moron
MYD,Malindi Airport,KE,Malindi
MYE,Miyake Jima,JP,Shimoda
MYF,Montgomery Field,US,
MYG,Mayaguana Airport,BS,
MYH,Marble Canyon,US,
MYI,Murray Island,AU,
MYJ,Matsuyama Airport,JP,Masaki-cho
MYK,May Creek,US,
MYL,Mccall,US,McCall
MYM,Monkey Mountain,GY,
MYN,Mareb,YE,Ma'rib
MYO,Myroodah,AU,
MYP,Mary Airport,TM,Mary
MYQ,Mysore,IN,Mysore
MYR,Myrtle Beach International Airport,US,Myrtle Beach
MYT,Myitkyina Airport,MM,Myitkyina
MYU,Ellis Field,US,
MYV,Yuba County,US,Olivehurst
MYW,Mtwara Airport,TZ,Mtwara
MYX,Menyamya,PG,
MYY,Miri Airport,MY,Miri
MYZ,Monkey Bay,MW,Chipoka
MZA,Mayor Pnp Nancy Flore Airport,PE,Mazamari
MZB,Mocimboa Praia,MZ,Mocimboa
MZC,Mitzic,GA,Mitzic
MZD,Mendez,EC,
MZE,Manatee,BZ,
MZF,Mzamba(Wild Coast Sun),ZA,Butterworth
MZG,Magong Airport,TW,
MZH,Merzifon Airport,TR,Merzifon
MZI,Mopti,ML,Mopti
MZJ,Marana,US,Avra Valley
MZK,Marakei,KI,Rawannawi Village
MZL,La Nubia Airport,CO,Villamaria
MZM,Frescaty,FR,Marly
MZN,Minj,PG,
MZO,Sierra Maestra Airport,CU,Manzanillo
MZP,Motueka,NZ,Motueka
MZQ,Mkuze,ZA,Mkuze
MZR,Mazar-I-Sharif Airport,AF,Mazar-e Sharif
MZS,Mostyn,MY,
MZT,Mazatlan International Airport,MX,Villa Union
MZU,Muzaffarpur,IN,Muzaffarpur
MZV,Mulu Airport,MY,
MZW,Mechria,DZ,Naama
MZX,Mena,ET,Goba
MZY,Mossel Bay,ZA,Mossel Bay
MZZ,Marion,US,Jonesboro
NAA,Narrabri,AU,
NAB,Albany NAS,US,Albany
NAC,Naracoorte,AU,Naracoorte
NAD,Macanal,CO,Maroa
NAE,Natitingou,BJ,Natitingou
NAF,Banaina,ID,Long Beluah
NAG,Dr. Babasaheb Ambedkar International Airport,IN,Nagpur
NAH,Naha,ID,Enemawira
NAI,Annai,GY,
NAJ,Nakhichevan Airport,AZ,Tazakend
NAK,Nakhon Ratchasima,TH,Nakhon Ratchasima
NAL,Nalchik Airport,RU,Nartan
NAM,Namlea,ID,Namlea
NAN,Nadi International Airport,FJ,
NAO,Nanchong Airport,CN,Nanchong
NAP,Naples International Airport,IT,Casavatore
NAQ,Qaanaaq Airport,GL,
NAR,Nare,CO,
NAS,Lynden Pindling International Airport,BS,
NAT,Sao Goncalo do Amarante-Governador Aluizio Alves Intl Airport,BR,Parnamirim
NAU,Napuka Island,PF,
NAV,Nevsehir,TR,Nevsehir
NAW,Narathiwat Airport,TH,Bacho
NAY,Beijing Nanyuan Airport,CN,Nanyuan
NAZ,Nana,SB,
NBA,Nambaiyufa,PG,Goroka
NBB,Barrancominas,CO,
NBC,Begishevo Airport,RU,Yelabuga
NBE,Enfidha - Hammamet International Airport,TN,Harqalah
NBG,NAS/Alvin Callendar,US,Timberlane
NBH,Nambucca Heads,AU,Nambucca
NBJ,Dr. Antonio Agostinho Neto International Airport,AO,
NBL,San Blas,PA,El Progreso
NBN,Annobón,GQ,Pale
NBO,Jomo Kenyatta International Airport,KE,Pumwani
NBS,Changbaishan Airport,CN,Manjiang
NBU,NAS,US,Glenwood Springs
NBV,Cana Brava,BR,Joao Pinheiro
NBW,Guantanamo NAS,CU,Guantanamo
NBX,Nabire,ID,
NCA,North Caicos,TC,
NCE,Cote D'Azur Airport,FR,Saint-Laurent-du-Var
NCG,Nueva Casas Grandes,MX,Nuevo Casas Grandes
NCH,Nachingwea,TZ,Nachingwea
NCI,Necocli,CO,
NCJ,Sunchales,AR,Sunchales
NCL,Newcastle International Airport,GB,Ponteland
NCN,New Chenega,US,
NCO,NAS,US,West Tisbury
NCR,San Carlos,NI,San Carlos
NCS,Newcastle,ZA,Newcastle
NCT,Guanacaste,CR,
NCU,Nukus Airport,UZ,Nukus
NCY,Annecy-Meythe,FR,Metz-Tessy
NDA,Bandanaira,ID,Werinama
NDB,Nouadhibou Airport,MR,
NDC,Nanded,IN,Nanded
NDD,Sumbe,AO,
NDE,Mandera,KE,Mandera
NDF,Ndalatandos,AO,N'dalatando
NDG,Qiqihar Airport,CN,Nanhang
NDI,Namudi,PG,
NDJ,Ndjamena Airport,TD,N'Djamena
NDK,Namdrik Island,MH,Namdrik
NDL,Ndele,CF,Ndele
NDM,Mendi,ET,Mendi
NDN,Nadunumu,PG,
NDO,La Palma Del Condado,ES,Villarrasa
NDR,Nador International Airport,MA,Selouane
NDS,Sandstone,AU,
NDU,Rundu,NA,Rundu
NDV,USN Heliport,US,
NDY,Sanday,GB,
NEA,Brunswick Golden Isles,US,Country Club Estates
NEC,Necochea,AR,Necochea
NEF,Neftekamsk,RU,Neftekamsk
NEG,Negril,JM,Negril
NEI,Terney Airport,RU,Terney
NEJ,Nejjo,ET,Nejo
NEK,Nekemt,ET,
NEL,Naec,US,Lakehurst
NEN,Olf Usn,US,Baldwin
NER,Neryungri Airport,RU,Neryungri
NES,East 34th St Landing,US,
NET,New Bight,BS,
NEU,Sam Neua,LA,Xam Nua
NEV,Newcastle Airport,KN,Newcastle
NEW,Lakefront Airport,US,Arabi
NFB,Detroit NAF,US,Capac
NFG,Nefteyugansk,RU,Barsovo
NFL,Fallon Naval Air Station (Van Voorhis Field),US,Fallon
NFO,Mata'aho,TO,
NFR,Nafoora,LY,Gialo
NGA,Young,AU,Young
NGB,Ningbo Airport,CN,Gulin
NGC,North Rim,US,Grand Canyon
NGD,Captain Auguste George,VG,
NGE,Ngaoundéré,CM,Ngaoundere
NGF,Marine Corps Air Station Kaneohe Bay,US,Marine Corps Base Hawaii - MCBH
NGI,Ngau Island,FJ,Levuka
NGK,Nogliki Airport,RU,Nogliki
NGL,Ngala Airfield,ZA,Lisala
NGN,Nargana,PA,Palmira
NGO,Chubu Centrair International Airport,JP,Tokoname
NGP,NAS,US,
NGQ,Ngari Gunsa/Ali Kunsha,CN,
NGR,Ningerum,PG,
NGS,Nagasaki Airport,JP,
NGU,NAS Chambers,US,Columbia
NGW,Cabaniss Field,US,Corpus Christi
NGX,Manang,NP,Kathmandu
NGZ,NAS,US,Alameda
NHA,Nha Trang,VN,Nha Trang
NHD,Minhad AB,AE,Dubai
NHF,New Halfa,SD,Aroma
NHK,Patuxent River NAS,US,Drum Point
NHS,Nushki,PK,Nushki
NHT,Northolt,GB,Greenford
NHV,Nuku Hiva Airport,PF,
NHX,Barin Olf Osn,US,Foley
NHZ,NAS,US,Brunswick
NIA,Nimba,LR,New Yekepa
NIB,Nikolai,US,
NIC,Nicosia International,CY,Kato Deftera
NIE,Niblack,US,
NIF,Nifty Airport,AU,
NIG,Nikunau,KI,
NIK,Niokolo Koba,SN,
NIM,Niamey Airport,NE,Niamey
NIN,Ninilchik,US,
NIO,Nioki,CD,Nioki
NIP,Jacksonville NAS,US,
NIR,Chase Field NAS,US,Beeville
NIS,Simberi,PG,
NIT,Niort,FR,Niort
NIU,Niau,PF,
NIX,Nioro,ML,Nioro
NJA,Atsugi NAS,JP,Atsugi
NJC,Nizhnevartovsk Airport,RU,Nizhnevartovsk
NJF,Al-Najaf International Airport,IQ,An Najaf
NJJ,Nenjian Melgen Airport,CN,Changfu
NJK,El Centro NAF,US,
NKA,Nkan,GA,Ntoum
NKB,Noonkanbah,AU,Derby
NKC,Nouakchott International Airport,MR,Nouakchott
NKD,Sinak,ID,Batang
NKG,Nanjing Lukou International Airport,CN,Lukou
NKI,Naukiti,US,
NKL,Nkolo,CD,Bolobo
NKM,Nagoya Airport,JP,Komaki
NKN,Nankina,PG,
NKO,Ankokoambo,MG,Coracao de Jesus
NKP,Nakhon Phanom Airport,TH,Nakhon Phanom
NKS,Nkongsamba,CM,Nkongsamba
NKT,Shirnak,TR,Tililan
NKU,Nkaus,LS,
NKV,Nichen Cove,US,
NKX,Miramar MS,US,Poway
NKY,Nkayi,CG,Kayes
NLA,Simon Mwansa Kapwepwe International Airport,ZM,Ndola
NLC,Lemoore NAS (Reeves Field),US,Lemoore
NLD,Quetzalcoatl International Airport,MX,Nuevo Laredo
NLE,Jerry Tyler Memorial,US,Niles
NLF,Darnley Island,AU,
NLG,Nelson Lagoon,US,
NLH,Ninglang Luguhu Airport,CN,Daxing
NLI,Nikolaevsk-na-Amure,RU,Nikolayevsk-on-Amure
NLK,Norfolk Island Airport,NF,Kingston
NLL,Nullagine,AU,
NLN,Kneeland,US,Blue Lake
NLO,N'dolo,CD,Kinshasa
NLP,Nelspruit Airport,ZA,Nelspruit
NLS,Nicholson,AU,
NLT,Nalati Airport,CN,Tuergen
NLU,Santa Lucia,MX,Benito Juarez
NLV,Nikolaev (Mykolaiv),UA,Mykolayiv
NMA,Namangan Airport,UZ,Namangan Shahri
NMB,Daman,IN,Vapi
NMC,Norman's Cay,BS,
NME,Nightmute Airport,US,
NMF,Maafaru International Airport,MV,Manadhoo
NMG,San Miguel,PA,La Palma
NMI,Navi Mumbai International Airport,IN,
NML,Mildred Lake,CA,
NMN,Nomane,PG,
NMP,New Moon,AU,
NMR,Nappa Merry,AU,
NMS,Namsang,MM,Taunggyi
NMT,Namtu,MM,Lashio
NMU,Namu,MH,Loen
NNA,NAF,MA,Kenitra
NNB,Santa Ana Airport,SB,
NND,Nangade,MZ,Namalenga
NNG,Nanning Airport,CN,
NNI,Namutoni,NA,
NNK,Naknek,US,
NNL,Nondalton,US,
NNM,Naryan-Mar Airport,RU,Iskateley
NNR,Connemara,IE,Oughterard
NNT,Nan Airport,TH,Nan
NNU,Nanuque,BR,Nanuque
NNX,Nunukan Airport,ID,Binalawan
NNY,Nanyang Airport,CN,
NOA,Nowra,AU,Falls Creek
NOB,Nosara Beach,CR,
NOC,Ireland West Airport Knock,IE,Swinford
NOD,Norden Norddeich Airport,DE,Norden
NOG,Nogales,MX,
NOH,Chicago NAS,US,
NOI,Novorossijsk,RU,Novorossiysk
NOJ,Nojabrxsk Airport,RU,Noyabrsk
NOK,Nova Xavantina,BR,Araguaiana
NOL,Nakolik River,US,
NOM,Nomad River,PG,
NON,Nonouti,KI,
NOO,Naoro,PG,
NOP,Sinop Airport - Turkey,TR,
NOR,Nordfjordur,IS,
NOS,Fascene Airport,MG,Hell-Ville
NOT,Novato,US,Novato
NOU,Tontouta Airport,NC,Paita
NOV,Huambo,AO,Huambo
NOZ,Novokuznetsk Airport,RU,Novokuznetsk
NPA,Pensacola NAS,US,Pensacola
NPE,Hawkes Bay Airport,NZ,Napier
NPG,Nipa,PG,
NPH,Nephi,US,Nephi
NPL,New Plymouth Airport,NZ,Waitara
NPO,Nangapinoh,ID,Kenyau
NPP,Napperby,AU,
NPR,Novo Progresso Municipal,BR,
NPT,State,US,Newport East
NPU,San Pedro Uraba,CO,Villanueva
NPY,Mpanda Airport,TZ,Mpanda
NQA,Millington Regional Jetport,US,Memphis
NQI,NAS,US,Kingsville
NQL,Niquelandia,BR,Uruacu
NQN,Presidente Peron International Airport,AR,Plottier
NQT,Nottingham Airport,GB,
NQU,Nuqui,CO,Nuqui
NQX,Key West NAS /Boca Chica Field (private U. S. Navy ),US,
NQY,Newquay Cornwall Airport,GB,Saint Columb Major
NQZ,Nursultan Nazarbayev International Airport,KZ,Nur-Sultan
NRA,Narrandera,AU,Narrandera
NRB,Mayport Naval Station (Adm David L Mcdonald Field),US,
NRC,Aux Field,US,Patterson
NRD,Norderney,DE,Norderney
NRE,Namrole,ID,Leksula
NRG,Narrogin,AU,Narrogin
NRI,Shangri-la,US,Erick
NRK,Kungsangen Airport,SE,Lindo
NRL,North Ronaldsay Airport,GB,
NRM,Nara,ML,Nara
NRN,Weeze Airport,DE,Weeze
NRR,Roosevelt NAS,PR,Aguas Claras
NRS,Imperial Beach Nolf (Ream Field),US,
NRT,Narita International Airport,JP,Narita
NRY,Newry,AU,
NSB,North SPB,BS,Alice Town
NSE,Whiting Field NAS,US,Milton
NSF,Andrews NAF,US,Mellwood
NSH,Now Shahr Airport,IR,Nowshahr
NSI,Nsimalen Airport,CM,
NSK,Noril'sk Airport,RU,Kayyerkan
NSL,Slayton Municipal,US,Slayton
NSM,Norseman,AU,
NSN,Nelson Airport,NZ,Richmond
NSO,Scone,AU,Muswellbrook
NSP,NAF,PH,Cavite City
NSR,São Raimundo Nonato Airport,BR,São Raimundo Nonato
NST,Nakhon Si Thammarat Airport,TH,Nakhon Si Thammarat
NSV,Noosaville,AU,Tewantin
NSX,Hovercraft/Launch Pt,VG,
NSY,NAS Sigonella,IT,Motta Sant'Anastasia
NTA,Natadola,FJ,
NTB,Notodden Airport,NO,Notodden
NTC,Santa Carolina,MZ,Ntchisi
NTD,Point Mugu NAS (Naval Base Ventura County,US,Port Hueneme
NTE,Nantes Atlantique Airport,FR,Bouguenais
NTG,Nantong Xingdong Airport,CN,Xingdong
NTI,Bintuni,ID,Babo
NTJ,Manti-Ephraim,US,Manti
NTL,Newcastle Airport,AU,Medowie
NTM,Miracema Do Norte,BR,
NTN,Normanton Airport,AU,
NTO,Santo Antao,CV,Porto Novo
NTQ,Noto Airport,JP,Nanao
NTR,Aeropuerto del Norte International Airport,MX,Monterrey
NTT,Kuini Lavenia,TO,Hihifo
NTU,NAS,US,Virginia Beach
NTX,Natuna Ranai,ID,Pemangkat
NTY,Pilanesberg International Airport,ZA,Muldersdriseloop
NUA,Gregory's Lake,LK,Nuwara Eliya
NUB,Numbulwar,AU,
NUD,En Nahud,SD,An Nuhud
NUE,Nuremberg Airport,DE,Nuernberg
NUF,Castlereigh Reservoir Waterdrome,LK,Hatton
NUG,Nuguria,PG,
NUH,Nunchia,CO,Nunchia
NUI,Nuiqsut Airport,US,
NUJ,Nojeh,IR,Kabudarahang
NUK,Nukutavake,PF,
NUL,Nulato Airport,US,
NUM,Neom Airport,SA,Duba
NUN,Saufley NAS,US,East Pensacola Heights
NUP,Nunapitchuk,US,
NUQ,Moffett Field,US,Mountain View
NUR,Nullarbor,AU,
NUS,Norsup Airport,VU,Norsup
NUT,Nutuve,PG,
NUU,Nakuru,KE,Nakuru
NUW,Whidbey Island NAS (Ault Field),US,Ault Field
NUX,Novy Urengoy Airport,RU,Novyy Urengoy
NVA,Benito Salas Airport,CO,Neiva
NVD,Nevada,US,Nevada
NVG,Nueva Guinea,NI,Nueva Guinea
NVI,Navoi Airport,UZ,Konimex
NVK,Framnes,NO,Narvik
NVM,Brigadeiro Eduardo Gomes Airport,BR,Nova Mutum
NVN,Nervino,US,Portola
NVP,Novo Aripuana,BR,Novo Aripuana
NVR,Novgorod,RU,Velikiy Novgorod
NVS,Nevers,FR,Nevers
NVT,Navegantes Airport,BR,Navegantes
NVY,Neyveli,IN,Vriddhachalam
NWA,Moheli,KM,Djoyezi
NWH,Parlin Field,US,Newport
NWI,Norwich International Airport,GB,Spixworth
NWP,NS,CA,Bay Roberts
NWS,Pier 11/Wall St. SPB,US,
NWT,Nowata,PG,
NWU,Bermuda NAS,BM,Saint George
NXX,Willow Grove NAS,US,Horsham
NYA,Nyagan Airport,RU,Nyagan
NYE,Nyeri,KE,Nyeri
NYG,Quantico NAS,US,Quantico Station
NYI,Sunyani,GH,Sunyani
NYK,Nanyuki,KE,Nanyuki
NYM,Nadym Airport,RU,Staryy Nadym
NYN,Nyngan,AU,Nyngan
NYO,Stockholm Skavsta Airport,SE,Svalsta
NYR,Nyurba Airport,RU,Nyurba
NYS,New York Skyports Seaplane Base,US,Long Island City
NYT,Nay Pyi Taw Airport,MM,Pyinmana
NYU,Nyaung U Airport,MM,
NYW,Monywar Airport,MM,Monywa
NZA,Nzagi,AO,Nzagi
NZC,Maria Reiche Neuman Airport,PE,Nazca
NZE,Nzerekore,GN,Nzerekore
NZG,Nizhneangarsk Airport,RU,
NZH,Manzhouli Airport,CN,Zabaykal'sk
NZL,Zhalantun Chengjisihan Airport,CN,Qinggis Han
NZW,South Weymouth,US,Rockland
NZY,North Island NAS,US,Coronado
OAA,Shank Air Base,AF,Pul-e `Alam
OAG,Orange Airport,AU,Millthorpe
OAH,Shindand Air Base,AF,Shindand
OAI,Bagram,AF,Ghulam `Ali
OAJ,Albert J Ellis Airport,US,Richlands
OAK,San Francisco Bay Oakland International Airport,US,San Leandro
OAL,Cacoal Airport,BR,Cacoal
OAM,Oamaru,NZ,Oamaru
OAN,Olanchito,HN,Olanchito
OAR,Marina Municipal,US,Pacific Grove
OAS,Sharana Air Base,AF,Zarah Sharan
OAX,Xoxocotlan Airport,MX,Animas Trujano
OAZ,Camp Bastion,AF,
OBA,Oban,AU,
OBC,Obock,DJ,Obock
OBD,Obano,ID,Obano
OBE,County,US,Okeechobee
OBF,Oberpfaffenhofen,DE,Gilching
OBI,Obidos,BR,
OBK,Sky Harbor,US,Northbrook
OBL,Zoersel,BE,Zoersel
OBM,Morobe,PG,
OBN,Oban Airport,GB,Oban
OBO,Tokachi-Obihiro Airport,JP,Obihiro
OBS,Vals-Lanas,FR,Chomerac
OBT,Oakland/Coliseum Stat,US,
OBU,Kobuk/Wien Airport,US,
OBX,Obo,PG,Muting
OBY,Ittoqqortoormiit,GL,
OCA,Ocean Reef,US,North Key Largo
OCC,Coca Airport,EC,Puerto Francisco de Orellana
OCE,Municipal,US,West Ocean City
OCF,Taylor Field,US,Ocala
OCH,A L Mangham Jr. Regional,US,Nacogdoches
OCI,Oceanic,US,
OCJ,Boscobel,JM,Oracabessa
OCM,Boolgeeda,AU,
OCN,Municipal,US,Camp Pendleton South
OCS,Corisco International Airport,GQ,Cocobeach
OCV,Aguasclaras,CO,Ocana
OCW,Warren Field,US,Washington
ODA,Ouadda,CF,
ODB,Cordoba,ES,Villarrubia
ODC,Oakdale,US,East Oakdale
ODD,Oodnadatta,AU,
ODE,Beldringe,DK,Sonderso
ODH,Odiham RAF Station,GB,Odiham
ODJ,Ouanda Djalle,CF,Ouadda
ODL,Cordillo Downs,AU,
ODM,Garrett County Airport,US,Oakland
ODN,Long Seridan Airport,MY,Bangar
ODO,Bodaybo Airport,RU,Bodaybo
ODR,Ord River,AU,
ODS,Odessa International Airport,UA,Odessa
ODT,Odessa-Schlemeyer Field,US,Odessa
ODW,Oak Harbor,US,Coupeville
ODY,Oudomxay Airport,LA,Viangxai
OEA,Oneal,US,Vincennes
OEC,Ocussi,TL,Pante Makasar
OEL,Orel,RU,Orel
OEM,Vincent Fayks,SR,
OEO,Municipal,US,Osceola
OER,Ornskoldsvik Airport,SE,Husum
OES,San Antonio Oeste,AR,San Antonio Oeste
OFF,Offutt Air Force Base,US,Offutt Air Force Base
OFI,Ouango Fitini,CI,
OFJ,Olafsfjordur,IS,
OFK,Stefan Field,US,Norfolk
OFU,Airstrip,AS,Ofu
OGA,Searle Field,US,Ogallala
OGB,Municipal,US,Orangeburg
OGD,Municipal,US,Riverdale
OGE,Ogeranang,PG,
OGG,Kahului Airport,US,Kahului
OGL,Ogle Airport,GY,Georgetown
OGM,Ogobsucum,PA,
OGN,Yonaguni Jima,JP,Yonakuni
OGO,Abengourou,CI,Abengourou
OGR,Bongor,TD,Bongor
OGS,Ogdensburg Airport,US,Ogdensburg
OGU,Ordu Giresun Airport,TR,Gulyali
OGV,Ongava Game Reserve,NA,Gobabis
OGX,Ain Beida Airport,DZ,Rouissat
OGZ,Vladikavkaz Airport,RU,Dalakovo
OHA,Royal Air Force Base,NZ,Bulls
OHB,Ambohibary,MG,Moramanga
OHC,AFS,US,
OHD,Ohrid Airport,MK,Misleshevo
OHE,Mohe Airport,CN,Xilinji
OHH,Novostroyka Airport,RU,Okha
OHI,Oshakati,NA,Ongwediva
OHO,Okhotsk,RU,Okhotsk
OHR,Wyk Auf Foehr,DE,Wrixum
OHS,Sohar Airport,OM,Al Sohar
OHT,Kohat,PK,Kohat
OIA,Ourilandia,BR,
OIC,Eaton,US,Norwich
OIL,Splane Memorial,US,Oil City
OIM,Oshima,JP,Ito
OIR,Okushiri Airport,JP,Kamiiso
OIT,Oita Airport,JP,Kitsuki
OJC,Johnson Executive,US,Olathe
OJU,Tanjung Api Airport,ID,
OKA,Naha Airport,JP,Tomigusuku
OKB,Fraser Island,AU,Urangan
OKC,Will Rogers World Airport,US,
OKD,Okadama Airport,JP,Sapporo
OKE,Okino Erabu,JP,
OKF,Okaukuejo,NA,Outjo
OKG,Okoyo,CG,Ewo
OKH,Cottesmor RAF,GB,Oakham
OKI,Oki Island,JP,
OKJ,Okayama Airport,JP,Okayama-shi
OKK,Kokomo,US,Kokomo
OKL,Oksibil,ID,
OKM,Okmulgee,US,Okmulgee
OKN,Okondja,GA,Okondja
OKO,Yokota AFB,JP,Fussa
OKP,Oksapmin,PG,
OKQ,Okaba,ID,Kimaam
OKR,Yorke Island,AU,
OKS,Oshkosh,US,Oshkosh
OKT,Oktiabrskij,RU,Oktyabr'skiy
OKU,Mokuti Lodge,NA,
OKV,Okao,PG,
OKY,Oakey,AU,Oakey
OLA,Orland,NO,Brekstad
OLB,Olbia Costa Smeralda Airport,IT,Olbia
OLC,Sen. Eunice Micheles,BR,Sao Paulo de Olivenca
OLD,Old Town,US,Old Town
OLE,Municipal,US,Cuba
OLF,Wolf Point International Airport,US,Wolf Point
OLG,Olare Airport,KE,Bomet
OLH,Old Harbor SPB,US,
OLI,Rif,IS,Olafsvik
OLJ,Olpoi,VU,Port-Olry
OLK,Fuerte Olimpo,PY,
OLL,Ollombo,CG,Clarks
OLM,Olympia,US,Tumwater
OLN,Colonia Sarmiento,AR,Sarmiento
OLO,Olomouc,CZ,Horka nad Moravou
OLP,Olympic Dam Airport,AU,
OLQ,Olsobip,PG,
OLR,Salerno Air Base,AF,Baalbek
OLS,International,US,Nogales
OLU,Columbus Municipal,US,Columbus
OLV,Olive Branch Airport,US,Olive Branch
OLX,Olkiombo Airport,KE,Kihancha
OLY,Olney-Noble,US,Olney
OLZ,Olokminsk Airport,RU,Olyokminsk
OMA,Eppley Airfield,US,Carter Lake
OMB,Omboue,GA,
OMC,Ormoc,PH,Libertad
OMD,Oranjemund Airport,NA,
OME,Nome Airport,US,
OMF,King Hussein,JO,Mafraq
OMG,Omega,NA,
OMH,Urmia Airport,IR,Orumiyeh
OMI,Omidieh,IR,Ramshir
OMJ,Omura,JP,Omura
OMK,Municipal,US,Omak
OML,Omkalai,PG,Kundiawa
OMM,Marmul,OM,
OMN,Zomin Airport,UZ,
OMO,Mostar Airport,BA,Blagaj
OMR,Oradea Airport,RO,Nojorid
OMS,Omsk Airport,RU,Omsk
OMY,Oddor Meanche,KH,Tbeng Meanchey
ONA,Municipal,US,Goodview
ONB,Ononge,PG,
OND,Ondangwa Airport,NA,Ondangwa
ONE,Onepusu,SB,
ONG,Mornington Airport,AU,
ONH,Municipal,US,Oneonta
ONI,Moanamani,ID,Nabire
ONJ,Odate Noshiro Airport,JP,Takanosu
ONK,Olenyok Airport,RU,Olenyok
ONL,Municipal,US,O'Neill
ONM,Socorro,US,Socorro
ONN,Onion Bay,US,
ONO,Ontario Municipal Airport,US,Ontario
ONP,Newport,US,Newport
ONQ,Zonguldak,TR,Saltukova
ONR,Monkira,AU,
ONS,Onslow Airport,AU,Dampier
ONT,Ontario International Airport,US,Rancho Cucamonga
ONU,Ono I Lau,FJ,
ONX,Enrique Adolfo Jimenez,PA,Colon
ONY,Olney,US,Olney
OOA,Municipal,US,Oskaloosa
OOD,Gudai-Darri Airstrip,AU,Newman
OOK,Toksook Bay Airport,US,
OOL,Gold Coast Airport,AU,Tugun
OOM,Snowy Mountains Airport,AU,Berridale
OOR,Mooraberree,AU,
OOT,Onotoa,KI,
OPA,Kopasker,IS,Husavik
OPB,Open Bay,PG,
OPF,Opa-locka Executive Airport,US,Miami Lakes
OPI,Oenpelli,AU,McMinns Lagoon
OPL,St Landry Parish,US,Opelousas
OPO,Porto Airport,PT,Santa Cruz do Bispo
OPP,Salinópolis Airport,BR,Salinópolis
OPS,Sinop Airport,BR,
OPU,Balimo,PG,
OPW,Opuwa,NA,Opuwo
ORA,Oran,AR,Embarcacion
ORB,Orebro-Bofors Airport,SE,Vintrosa
ORC,Orocue,CO,Orocue
ORD,O'Hare International Airport,US,Rosemont
ORE,Orleans,FR,Orleans
ORF,Norfolk International Airport,US,Norfolk
ORG,Zorg En Hoop,SR,Paramaribo
ORH,Worcester Regional Airport,US,Leicester
ORI,Port Lions SPB,US,
ORJ,Orinduik,GY,
ORK,Cork Airport,IE,Cork
ORL,Orlando Executive,US,Azalea Park
ORM,Northampton,GB,Northampton
ORN,Es Senia Airport,DZ,
ORO,Yoro,HN,Yoro
ORP,Orapa,BW,Rakops
ORQ,Heliport,US,Westport
ORR,Yorketown,AU,
ORS,Waterport,AU,
ORT,Northway,US,
ORU,Oruro,BO,Oruro
ORV,Robert (Bob) Curtis Memorial Airport,US,
ORW,Ormara,PK,Ormara
ORX,Oriximina,BR,Oriximina
ORY,Paris Orly Airport,FR,Paris
ORZ,Orange Walk,BZ,Belmopan
OSB,Osage Beach,US,Osage Beach
OSC,Wurtsmith AFB,US,Au Sable
OSD,Are Ostersund Airport,SE,Krokom
OSE,Omora,PG,
OSF,Ostafyevo International Business Airport,RU,Shcherbinka
OSG,Ossima,PG,
OSH,Wittman Field,US,Oshkosh
OSI,Osijek Airport,HR,Osijek
OSJ,Ol Seki Airport,KE,Narok
OSK,Oskarshamn,SE,Oskarshamn
OSL,Oslo Airport Gardermoen,NO,Teigebyen
OSM,Mosul,IQ,Mosul
OSN,Osan AB,KR,Osan
OSO,Osborne Mine,AU,
OSR,Mosnov Airport,CZ,Petrvald
OSS,Osh Airport,KG,Osh
OST,Ostend-Bruges International Airport,BE,Middelkerke
OSU,Ohio State University,US,Dublin
OSW,Orsk Airport,RU,Orsk
OSX,Attala County,US,Kosciusko
OSY,Namsos Airport,NO,Namsos
OSZ,Koszalin,PL,Tychowo
OTA,Mota,ET,Addiet Canna
OTC,Bol,TD,Bol
OTD,Contadora,PA,Veracruz
OTG,Worthington,US,Worthington
OTH,Southwest Oregon Regional Airport,US,North Bend
OTI,Pitu,ID,Tobelo
OTJ,Otjiwarongo,NA,Otjiwarongo
OTK,Tillamook,US,Tillamook
OTL,Boutilimit,MR,Aleg
OTM,Industrial,US,Ottumwa
OTN,Green,US,Bicknell
OTO,Vor,US,Moriarty
OTP,Bucharest Henri Coanda International Airport,RO,Otopeni
OTQ,Otog Front Banner Oljoq Airport,CN,Ordos City
OTR,Coto 47,CR,Corredor
OTS,Anacortes,US,Anacortes
OTT,Andre Maggi,BR,Aripuana
OTU,Otu,CO,Segovia
OTV,Ontong Java,SB,
OTY,Oria,PG,
OTZ,Ralph Wien Memorial Airport,US,
OUA,Ouagadougou International Airport,BF,Ouagadougou
OUD,Les Angades Airport,MA,Oujda
OUE,Ouesso,CG,Ouesso
OUG,Ouahigouya,BF,Ouahigouya
OUH,Oudtshoorn,ZA,Oudtshoorn
OUI,Ban Houei,LA,
OUK,Outer Skerries,GB,
OUL,Oulu Airport,FI,Oulunsalo
OUM,Oum Hadjer,TD,Oum Hadjer
OUN,Max Westheimer,US,Norman
OUR,Batouri,CM,Batouri
OUS,Ourinhos,BR,Ourinhos
OUT,Bousso,TD,Bousso
OUU,Ouanga,GA,
OUZ,Zouerate,MR,Zouerat
OVA,Bekily,MG,Beteza
OVB,Novosibirsk Tolmachevo Airport,RU,Ob'
OVD,Asturias Airport,ES,Castrillon
OVE,Oroville,US,Thermalito
OVG,Overberg (FAOB),ZA,Bredasdorp
OVL,Ovalle,CL,Monte Patria
OVR,Olavarria,AR,Olavarria
OVS,Sovetsky Airport,RU,Sovetskiy
OWA,Owatonna,US,Owatonna
OWB,Daviess County Airport,US,Owensboro
OWD,Memorial,US,West Bridgewater
OWE,Owendo,GA,Libreville
OWK,Central Maine Airport of Norridgewock,US,Norridgewock
OXB,Osvaldo Vieira Airport,GW,Bissau
OXC,Waterbury-oxford,US,Oxford
OXD,Miami University,US,New Paris
OXF,Oxford (Kidlington),GB,Oxford
OXO,Orientos,AU,
OXR,Ventura,US,Oxnard
OXY,Morney,AU,
OYA,Goya,AR,Goya
OYC,Camopi Airport,GF,Camopi
OYE,Oyem,GA,Oyem
OYG,Moyo,UG,Moyo
OYK,Oiapoque,BR,
OYL,Moyale,KE,Moyale
OYN,Ouyen,AU,
OYO,Tres Arroyos,AR,Tres Arroyos
OYP,St-Georges de lOyapock,GF,Saint-Georges-de-l'Oyapock
OYS,Yosemite Ntl Park,US,Yosemite Valley
OZA,Ozona Municipalcipal,US,Ozona
OZC,Labo Airport,PH,Lapase
OZG,Zagora Airport,MA,Zagora
OZH,Zaporozhye Airport,UA,Zaporizhzhya
OZI,Bobadilla,ES,Furnas
OZP,Moron,ES,Utrera
OZR,Cairns AAF,US,Ozark
OZU,Montilla,ES,Montilla
OZZ,Ouarzazate Airport,MA,Ouarzazat
PAA,Pa-an,MM,Hpa-an
PAB,Bilaspur,IN,Bilaspur
PAC,Marcos A. Gelabert International Airport,PA,Chepillo
PAD,Paderborn Lippstadt Airport,DE,Salzkotten
PAE,Snohomish County - Paine Field,US,Mukilteo
PAF,Pakuba,UG,Bulisa
PAG,Pagadian Airport,PH,Pagadian
PAH,Barkley Regional Airport,US,Massac
PAJ,Para Chinar,PK,Parachinar
PAK,Port Allen,US,Hanapepe Heights
PAL,Palanquero,CO,
PAM,Tyndall AFB,US,Panama City
PAN,Pattani,TH,Nong Chik
PAO,Palo Alto,US,East Palo Alto
PAP,Toussaint Louverture International Airport,HT,Delmas 73
PAQ,Palmer Municipalcipal,US,Palmer
PAS,Paros Airport,GR,Antiparos
PAT,Jay Prakash Narayan International Airport,IN,Patna
PAU,Pauk,MM,
PAV,Paulo Afonso Airport,BR,Paulo Afonso
PAW,Pambwa,PG,
PAX,Port De Paix,HT,Ti Port-de-Paix
PAY,Pamol,MY,
PAZ,El Tajin National Airport,MX,Poza Rica de Hidalgo
PBA,Point Barrow,US,
PBB,Paranaiba,BR,Paranaiba
PBC,Huejotsingo Airport,MX,Santa Maria Zacatepec
PBD,Porbandar,IN,Porbandar
PBE,Puerto Berrio,CO,Puerto Berrio
PBF,Grider Field,US,Pine Bluff
PBG,Plattsburgh International Airport,US,Plattsburgh West
PBH,Paro Airport,BT,Paro
PBI,Palm Beach International Airport,US,Haverhill
PBJ,Paama,VU,
PBK,Pack Creek,US,
PBL,Puerto Cabello,VE,Puerto Cabello
PBM,Zanderij International Airport,SR,Onverwacht
PBN,Porto Amboim,AO,Sumbe
PBO,Paraburdoo Airport,AU,
PBP,Punta Islita,CR,Canas
PBQ,Pimenta Bueno,BR,Pimenta Bueno
PBR,Puerto Barrios,GT,Puerto Barrios
PBS,Patong Beach,TH,Patong
PBT,Puerto Leda,PY,Fuerte Olimpo
PBU,Putao,MM,Zhowagoin
PBV,Porto Dos Gauchos,BR,
PBW,Palibelo,ID,Yendi
PBX,Porto Alegre Do Norte,BR,
PBY,Hamilton/Proserpine,AU,
PBZ,Plettenberg Bay Airport,ZA,Plettenberg Bay
PCA,Portage Creek,US,
PCB,Pondok Cabe,ID,Pamulang
PCC,Puerto Rico,CO,
PCD,Prairie du Chien Municipal Airport,US,Prairie du Chien
PCE,Painter Creek,US,
PCF,Potchefstroom,ZA,Potchefstroom
PCG,Paso Caballos,GT,San Andres
PCH,Palacios,HN,Buenos Aires
PCJ,Puerto La Victoria,PY,
PCK,Porcupine Creek,US,
PCL,Capitan Rolden Airport,PE,Puerto Callao
PCM,Playa Del Carmen,MX,Playa del Carmen
PCN,Picton Aerodrome,NZ,Picton
PCO,Punta Colorada,MX,
PCP,Principe,ST,Santo Antonio
PCQ,Bounneua,LA,Phongsali
PCR,Puerto Carreno Airport,CO,
PCS,Picos,BR,Picos
PCT,Princeton,US,
PCU,Pearl River County,US,Nicholson
PCV,Punta Chivato,MX,Mulege
PDA,Puerto Inirida,CO,Inirida
PDB,Pedro Bay,US,
PDC,Mueo,NC,Poya
PDD,Ponta de Ouro,MZ,Maputo
PDE,Pandie Pandie,AU,
PDF,Prado,BR,Prado
PDG,Minangkabau International Airport,ID,Lubukalung
PDI,Pindiu,PG,
PDK,DeKalb Peachtree Airport,US,Doraville
PDL,Joao Paulo II Airport,PT,Arrifes
PDM,Pedasí Airport,PA,Pedasi
PDN,Parndana,AU,
PDO,Pendopo,ID,Gunungmegang Dalam
PDP,Capitan de Corbeta Carlos A. Curbelo International Airport,UY,Maldonado
PDR,Presidente Dutra,BR,Presidente Dutra
PDS,Piedras Negras International Airport,MX,Piedras Negras
PDT,Eastern Oregon Regional Airport,US,Pendleton
PDU,Paysandu,UY,Paysandu
PDV,Plovdiv Airport,BG,Kaloyanovo
PDX,Portland International Airport,US,Portland
PDZ,Pedernales,VE,Pedernales
PEA,Penneshaw,AU,
PEB,Pebane,MZ,
PEC,Pelican SPB,US,
PED,Pardubice Airport,CZ,
PEE,Perm International Airport,RU,Kultayevo
PEF,Peenemuende,DE,Kroslin
PEG,Sant Egidio Airport,IT,Perugia
PEH,Pehuajo,AR,Pehuajo
PEI,Matecana International Airport,CO,Pereira
PEK,Beijing Capital International Airport,CN,
PEL,Pelaneng,LS,
PEM,Puerto Maldonado Airport,PE,Puerto Maldonado
PEN,Penang International Airport,MY,Kampung Sungai Ara
PEP,Peppimenarti,AU,
PEQ,Pecos City,US,Pecos
PER,Perth Airport,AU,Redcliffe
PES,Petrozavodsk Airport,RU,Petrozavodsk
PET,Federal Airport,BR,Pelotas
PEU,Puerto Lempira,HN,Puerto Lempira
PEV,Pecs Pogany,HU,
PEW,Bacha Khan International Airport,PK,Peshawar
PEX,Pechora Airport,RU,Puteyets
PEY,Penong,AU,Ceduna
PEZ,Penza Airport,RU,Zasechnoye
PFA,Paf Warren,US,
PFB,Passo Fundo Airport,BR,Passo Fundo
PFC,Pacific City State,US,Pacific City
PFD,Port Frederick,US,
PFJ,Patreksfjordur,IS,
PFM,Primrose Aerodrome,CA,
PFN,Bay County,US,Pretty Bayou
PFO,Paphos International Airport,CY,Paphos
PFQ,Parsabad,IR,Parsabad
PFR,Ilebo,CD,Ilebo
PGA,Page Airport,US,Page
PGB,Pangoa,PG,
PGC,Grant County,US,Petersburg
PGD,Charlotte County Airport,US,Cleveland
PGE,Yegepa,PG,
PGF,Llabanere Airport,FR,Peyrestortes
PGG,Progresso,BR,Jacareacanga
PGH,Pantnagar Airport,IN,Kichha
PGI,Chitato,AO,
PGK,Depati Amir Airport,ID,Pangkalpinang
PGL,Jackson County,US,Moss Point
PGM,Port Graham,US,
PGN,Pangia,PG,Ialibu
PGO,Stevens Field,US,Pagosa Springs
PGP,Porto Alegre,ST,
PGQ,Buli Airport,ID,Buli
PGR,Paragould Kirk Field,US,Paragould
PGS,Peach Springs,US,Peach Springs
PGU,Ala'Marvdasht Airport,IR,Bandar-e `Asaluyeh
PGV,Pitt-Greenville Airport,US,Greenville
PGX,Perigueux Airport,FR,Perigueux
PGZ,Comte Antonio Amilton Beraldo Airport,BR,Ponta Grossa
PHA,Phan Rang,VN,Phan Rang-Thap Cham
PHB,Santos Dumont,BR,Parnaiba
PHC,Port Harcourt International Airport,NG,Emuoha
PHD,Harry Clever Field,US,New Philadelphia
PHE,Port Hedland International Airport,AU,
PHF,Newport News/Williamsburg International Airport,US,Yorktown
PHG,Port Harcourt City,NG,Elele
PHH,Phan Thiet,VN,Phan Thiet
PHI,Pinheiro,BR,Pinheiro
PHJ,Port Hunter,AU,Carrington
PHK,Palm Beach Co Glades,US,Pahokee
PHL,Philadelphia International Airport,US,Colwyn
PHN,St Clair County International,US,Marysville
PHO,Point Hope Airport,US,
PHP,Philip,US,Philip
PHQ,The Monument Airport,AU,
PHR,Pacific Harbor,FJ,
PHS,Phitsanulok Airport,TH,Phitsanulok
PHT,Henry County,US,Paris
PHU,Phu Vinh,VN,Tra Vinh
PHW,Phalaborwa Airport,ZA,Phalaborwa
PHX,Phoenix Sky Harbor International Airport,US,Tempe Junction
PHY,Phetchabun,TH,Lom Sak
PHZ,Phi Phi Island,TH,Thalang
PIA,Peoria International Airport,US,Bellevue
PIB,Hattiesburg-Laurel Regional Airport,US,Rawls Springs
PIC,Pine Cay,TC,
PID,Paradise Island,BS,
PIE,St. Petersburg-Clearwater International Airport,US,South Highpoint
PIF,Pingtung,TW,Pingtung
PIG,Pitinga,BR,Pitanga
PIH,Pocatello Regional Airport,US,Chubbuck
PII,Phillips Field,US,
PIK,Glasgow Prestwick Airport,GB,Prestwick
PIL,Pilar,PY,Pilar
PIM,Garden Harris County,US,Pine Mountain
PIN,Parintins,BR,Parintins
PIO,Capitan FAP Renan Elias Olivera Airport,PE,Pisco
PIP,Pilot Point,US,
PIQ,Pipillipai,GY,
PIR,Pierre Regional Airport,US,Pierre
PIS,Poitiers-Biard Airport,FR,Biard
PIT,Pittsburgh International Airport,US,Carnot-Moon
PIU,Cap. FAP Guillermo Concha Iberico International Airport,PE,Piura
PIV,Pirapora,BR,Pirapora
PIW,Pikwitonei,CA,
PIX,Pico Island Airport,PT,
PIZ,Dew Station Airport,US,
PJA,Pajala Airport,SE,Pajala
PJB,Payson,US,Payson
PJC,Pedro Juan Caballero,PY,
PJG,Panjgur,PK,Panjgur
PJM,Puerto Jimenez,CR,Golfito
PJS,Port San Juan,US,
PJZ,Puerto Juarez,MX,Cancun
PKA,Napaskiak Sea Plane Base,US,
PKB,Wood County Airport,US,Reno
PKC,Petropavlovsk-Kamchatsky Airport,RU,Petropavlovsk-Kamchatsky
PKD,Park Rapids,US,Park Rapids
PKE,Parkes Airport,AU,Parkes
PKF,Park Falls,US,Park Falls
PKG,Pangkor Airport,MY,
PKH,Alexion,GR,Porto Cheli
PKJ,Playa Grande,GT,Chicaman
PKK,Pakokku,MM,Pakokku
PKL,Pakatoa Island,NZ,
PKM,Port Kaituma,GY,
PKN,Iskandar Airport,ID,Pangkalanbuun
PKO,Parakou,BJ,Parakou
PKP,Puka Puka,PF,
PKR,Pokhara Airport,NP,Pokhara
PKS,Paksane,LA,Muang Pakxan
PKT,Port Keats,AU,
PKU,Sultan Syarif Kasim II International Airport,ID,
PKV,Pskov Airport,RU,Pskov
PKW,Selebi-Phikwe,BW,Selebi-Phikwe
PKX,Beijing Daxing International Airport,CN,Lixian
PKY,Tjilik Riwut Airport,ID,Palangkaraya
PKZ,Pakse Airport,LA,Pakxe
PLA,Planadas,CO,Planadas
PLC,Planeta Rica,CO,Planeta Rica
PLD,Playa Samara,CR,Nicoya
PLE,Paiela,PG,
PLF,Pala,TD,Pala
PLH,Plymouth,GB,Plympton
PLI,Palm Island,VC,Hillsborough
PLJ,Placencia,BZ,
PLK,M. Graham Clark - Taney County,US,Branson
PLL,Ponta Pelada,BR,Manaus
PLM,Sultan Mahmud Badaruddin II Airport,ID,Talangbetutu
PLN,Emmet County Airport,US,Indian River
PLO,Port Lincoln Airport,AU,Port Lincoln
PLP,La Palma,PA,Seteganti
PLQ,Palanga International Airport,LT,Palanga
PLR,St Clair County,US,Pell City
PLS,Providenciales International Airport,TC,Abraham's Bay
PLT,Plato,CO,Plato
PLU,Belo Horizonte Airport,BR,Santa Luzia
PLV,Poltava,UA,Poltava
PLW,Mutiara Airport,ID,Palu
PLX,Semipalatinsk Airport,KZ,Semey
PLY,Plymouth,US,Plymouth
PLZ,Chief Dawid Stuurman International Airport,ZA,Port Elizabeth
PMA,Wawi Airport,TZ,Chake Chake
PMB,Intermediate,US,Morden
PMC,El Tepual Airport,CL,Puerto Montt
PMD,La Palmdale Regional Airport,US,Palmdale
PME,Portsmouth,GB,Portsmouth
PMF,Parma Airport,IT,Parma
PMG,International,BR,Ponta Pora
PMH,Greater Portsmouth Regional,US,Portsmouth
PMI,Palma de Mallorca Airport,ES,s'Arenal
PMK,Palm Island Airport,AU,Ingham
PML,AFS,US,
PMM,Phanom Sarakham,TH,Phanom Sarakham
PMN,Pumani,PG,
PMO,Falcone-Borsellino Airport,IT,Cinisi
PMP,Pimaga,PG,Mendi
PMQ,Perito Moreno,AR,Perito Moreno
PMR,Palmerston North Airport,NZ,Palmerston North
PMS,Palmyra,SY,Tadmur
PMT,Paramakotoi,GY,Mahaica Village
PMU,SPB,US,
PMV,Santiago Marino International Airport,VE,San Juan Bautista
PMW,Palmas Airport,BR,
PMX,Metropolitan,US,Palmer
PMY,El Tehuelche,AR,Puerto Madryn
PMZ,Palmar Sur,CR,Ciudad Cortes
PNA,Pamplona Airport,ES,Beriain
PNB,Porto Nacional,BR,Palmas
PNC,Ponca City,US,Ponca City
PND,Punta Gorda,BZ,Punta Gorda
PNE,North Philadelphia,US,Cornwells Heights
PNF,Peterson's Point,US,
PNG,Paranagua,BR,Paranagua
PNH,Phnom Penh International Airport,KH,Phnom Penh
PNI,Pohnpei Airport,FM,Kolonia Town
PNJ,Peng Lai/Sha He Kou,CN,Nanwang
PNK,Supadio International Airport,ID,Pontianak
PNL,Pantelleria Airport,IT,Pantelleria
PNN,Princeton,US,Calais
PNO,Pinotepa Nacional,MX,Santiago Pinotepa Nacional
PNP,Girua Airport,PG,
PNQ,Pune Airport,IN,Lohogaon
PNR,Pointe Noire Airport,CG,Pointe-Noire
PNS,Pensacola International Airport,US,Ferry Pass
PNT,Teniente J. Gallardo,CL,Puerto Natales
PNU,Panguitch,US,Panguitch
PNV,Panevezys,LT,Panevezys
PNX,Grayson County,US,Sherman
PNY,Pondicherry,IN,Auroville
PNZ,Petrolina International Airport,BR,Petrolina
POA,Salgado Filho International Airport,BR,Porto Alegre
POB,Pope AFB,US,Fayetteville
POC,Brackett Field,US,Glen Avon
POD,Podor,SN,Ndioum
POE,Polk AAF,US,Fort Polk South
POF,Earl Fields Memorial,US,Poplar Bluff
POG,Port Gentil,GA,Port-Gentil
POH,Pocahontas Municipal,US,Pocahontas
POI,Potosi,BO,Potosi
POJ,Patos De Minas,BR,Patos de Minas
POL,Pemba Airport,MZ,Pemba
POM,Jacksons International Airport,PG,
PON,Poptun,GT,Poptun
POO,Pocos De Caldas,BR,Pocos de Caldas
POP,La Union Airport,DO,Puerto Plata
POQ,Polk Inlet,US,
POR,Pori Airport,FI,Pori
POS,Piarco International Airport,TT,Arouca
POT,Ken Jones,JM,Hope Bay
POU,Dutchess County,US,Myers Corner
POV,Presov,SK,Presov
POW,Portoroz,SI,Portoroz
POX,Paris Cergy Pontoise,FR,Pontoise
POY,Powell,US,Powell
POZ,Poznan Airport,PL,Baranowo
PPA,Perry Lefors Field,US,Pampa
PPB,A. De Barros Airport,BR,Alvares Machado
PPC,Prospect Creek,US,
PPD,Palmas Del Mar,PR,Humacao
PPE,Puerto Penasco,MX,Puerto Penasco
PPF,Tri-City,US,Cherryvale
PPG,Pago Pago International Airport,AS,Tafuna
PPH,Peraitepuy,VE,
PPI,Port Pirie,AU,Port Pirie
PPJ,Pulau Panjang,ID,Pulaukijang
PPK,Petropavlovsk Airport,KZ,Bishkul
PPL,Phaplu,NP,
PPM,Pompano Beach,US,Kendall Green
PPN,Guillermo Leon Valencia Airport,CO,Popayan
PPO,Powell Point,BS,
PPP,Whitsunday Coast Airport,AU,
PPQ,Paraparaumu Airport,NZ,Paraparaumu
PPR,Pasir Pangarayan,ID,Pasirpengarayan
PPS,Puerto Princesa International Airport,PH,Puerto Princesa
PPT,Tahiti Faa'a Airport,PF,Faaa
PPU,Papun,MM,Sop Moei
PPV,Port Protection,US,
PPW,Papa Westray Airport,GB,
PPX,Param,PG,
PPY,Pouso Alegre,BR,Pouso Alegre
PPZ,Puerto Paez,VE,Puerto Carreno
PQC,Phu Quoc Airport,VN,Duong GJong
PQD,Pasikudha SPB,LK,Batticaloa
PQI,Presque Isle Municipal Airport,US,Presque Isle
PQM,Palenque,MX,Palenque
PQQ,Port Macquarie Airport,AU,
PQS,Pilot Station Airport,US,
PQT,Qeqertaq Heliport,GL,
PRA,General Justo Jose de Urquiza Airport,AR,San Benito
PRB,Paso Robles,US,Paso Robles
PRC,Prescott Airport,US,Chino Valley
PRD,Pardoo,AU,
PRE,Pore,CO,
PRF,Port Johnson,US,
PRG,Vaclav Havel Airport Prague,CZ,Hostivice
PRH,Phrae Airport,TH,Phrae
PRI,Praslin Island Airport,SC,Victoria
PRJ,Capri,IT,Capri
PRK,Prieska,ZA,Prieska
PRL,Port Oceanic,US,Girdwood
PRM,Portimao Airport,PT,Portimao
PRN,Pristina International Airport,XK,Glanica
PRO,Perry Municipal,US,Perry
PRP,Propriano,FR,Propriano
PRQ,Pres. Roque Saenz Pena,AR,Napenay
PRR,Paruima,GY,
PRS,Parasi,SB,
PRT,Coast Guard Heliport,US,
PRU,Prome,MM,
PRV,Prerov,CZ,Hnevotin
PRW,Prentice,US,Phillips
PRX,Cox Field,US,Reno
PRY,Wonderboom Airport,ZA,Pretoria
PRZ,Prineville,US,Prineville
PSA,Pisa International Airport,IT,Pisa
PSB,Bellefonte,US,Stormstown
PSC,Tri-Cities Airport,US,Pasco
PSD,Port Said,EG,Port Said
PSE,Mercedita Airport,PR,Aguilita
PSF,Pittsfield,US,Pittsfield
PSG,Petersburg Municipal Airport,US,
PSH,St Peter,DE,Nebel
PSI,Pasni,PK,Pasni
PSJ,Poso,ID,Poso
PSK,New River Valley,US,Dublin
PSL,Perth,GB,Saline
PSM,Pease Air Force Base,US,Dover
PSN,Palestine Municipalcipal Airport,US,Palestine
PSO,Cano Airport,CO,San Lorenzo
PSP,Palm Springs International Airport,US,Palm Springs
PSQ,SPB,US,Paulsboro
PSR,Abruzzo Airport,IT,Sambuceto
PSS,Posadas Airport,AR,Posadas
PST,Preston,CU,Banes
PSU,Putussibau Airport,ID,Kapit
PSV,Papa Stour,GB,
PSW,Passos,BR,Passos
PSX,Palacios,US,Palacios
PSY,Port Stanley,FK,
PSZ,Puerto Suarez,BO,Corumba
PTA,Port Alsworth,US,Cordova
PTB,Dinwiddie County Airport,US,Petersburg
PTC,Port Alice,US,
PTD,Port Alexander,US,
PTF,Malololailai,FJ,
PTG,Polokwane Airport,ZA,Mankoeng
PTH,Port Heiden,US,
PTI,Port Douglas,AU,Port Douglas
PTJ,Portland,AU,Portland
PTK,Pontiac,US,Waterford
PTL,Port Armstrong,US,
PTM,Palmarito,VE,Maporal
PTN,Williams Memorial,US,Patterson
PTO,Pato Branco,BR,Pato Branco
PTP,Pointe-a-Pitre International Airport,GP,Les Abymes
PTQ,Porto de Moz,BR,Porto de Moz
PTR,Pleasant Harbour,US,
PTS,Atkinson Municipal Airport,US,Frontenac
PTT,Pratt,US,Pratt
PTU,Platinum Airport,US,
PTV,Porterville,US,Porterville
PTW,Pottstown/Limerick,US,Pottstown
PTX,Pitalito,CO,Pitalito
PTY,Tocumen International Airport,PA,Tocumen
PTZ,Pastaza,EC,
PUA,Puas,PG,Puas Mission
PUB,Pueblo Memorial Airport,US,Pueblo
PUC,Carbon County,US,Price
PUD,Puerto Deseado,AR,Puerto Deseado
PUE,Puerto Obaldia,PA,Puerto Obaldia
PUF,The Pau-Pyrenees International Airport,FR,Uzein
PUG,Port Augusta,AU,Port Augusta
PUH,Pochutla,MX,San Pedro Pochutla
PUI,Pureni,PG,
PUJ,Punta Cana International Airport,DO,Punta Cana
PUK,Pukarua,PF,
PUL,Poulsbo,US,Poulsbo
PUN,Punia,CD,Kindu
PUO,Prudhoe Bay,US,
PUP,Po,BF,
PUQ,Pres Ibanez Airport,CL,
PUR,Puerto Rico,BO,
PUS,Gimhae International Airport,KR,Kimhae
PUT,Puttaprathe,IN,Puttaparthi
PUU,Puerto Asis Airport,CO,
PUV,Poum,NC,Poum
PUW,Moscow Regional Airport,US,Pullman
PUX,Puerto Varas,CL,Rio Bueno
PUY,Pula Airport,HR,Galizana
PUZ,Puerto Cabezas,NI,Puerto Cabezas
PVA,Providencia,CO,Mountain
PVC,Provincetown Airport,US,Provincetown
PVD,Theodore Francis Green Memorial State Airport,US,Warwick
PVE,El Porvenir,PA,El Cope
PVF,Placerville,US,Placerville
PVG,Shanghai Pudong International Airport,CN,Laogang
PVH,Porto Velho International Airport,BR,Porto Velho
PVI,Edu Chaves,BR,Paranavai
PVK,Aktion Airport,GR,Preveza
PVL,Pike County Airport,US,Coal Run Village
PVO,Reales Tamarindos,EC,Portoviejo
PVR,Gustavo Diaz Ordaz International Airport,MX,Las Jarretaderas
PVS,Provideniya,RU,Provideniya
PVU,Provo Airport,US,Provo
PVW,Hale County,US,Plainview
PVY,Pope Vanoy,US,
PVZ,Casement,US,Painesville
PWA,Wiley Post,US,Oklahoma City
PWD,Sherwood,US,Plentywood
PWE,Pevek Airport,RU,Pevek
PWI,Beles,ET,Bure
PWK,Chicago Executive Airport,US,Wheeling
PWL,Purwokerto,ID,Tipar
PWM,Portland International Jetport,US,South Portland Gardens
PWN,Pitts Town,BS,Colonel Hill
PWO,Pweto,CD,Kaputa
PWQ,Pavlodar Airport,KZ,Pavlodar
PWR,Port Walter,US,
PWT,Bremerton,US,Belfair
PWY,Ralph Wenz Field,US,Pinedale
PXA,Atung Bungsu Airport,ID,Kotaagung
PXH,Prominent Hill,AU,
PXL,Polacca,US,First Mesa
PXM,Puerto Escondido Airport,MX,Puerto Escondido
PXO,Porto Santo Airport,PT,Vila de Porto Santo
PXR,Surin,TH,Surin
PXS,Puerto De Santa Maria,ES,El Puerto de Santa Maria
PXU,Pleiku Airport,VN,Pleiku
PYA,Puerto Boyaca,CO,Puerto Boyaca
PYB,Jeypore,IN,Jaypur
PYC,Playon Chico,PA,Cacique
PYE,Penrhyn Island,CK,
PYG,Gangtok-Pakyong Airport,IN,Rangpo
PYH,Puerto Ayacucho,VE,Puerto Ayacucho
PYJ,Polyarnyj Airport,RU,Udachny
PYK,Payam,IR,Karaj
PYL,Perry SPB,US,Perryville
PYM,Plymouth,US,North Plymouth
PYN,Payan,CO,Payan
PYO,Putumayo,EC,Puerto Asis
PYR,Andravida,GR,Pyrgos
PYS,Skypark,US,Paradise
PYT,Pedro Rabelo de Souza Airport,BR,Paracatu
PYV,Yaviza,PA,Yaviza
PYX,Pattaya,TH,Phatthaya
PYY,Pai Airport,TH,Pai
PYZ,Pias Airport,PE,
PZA,Casanare,CO,
PZB,Pietermaritzburg Airport,ZA,Pietermaritzburg
PZE,Penzance,GB,Penzance
PZH,Zhob,PK,Zhob
PZI,Pan Zhi Hua Bao An Ying,CN,Renhe
PZK,Puka Puka Island,CK,Faleasao
PZL,Zulu Inyala,ZA,Hluhluwe
PZO,Manuel Carlos Piar Guayana Airport,VE,Ciudad Guayana
PZR,Aeropuerto de Pizarro,CO,
PZS,Temuco Maquehue Airport,CL,
PZU,Port Sudan Airport,SD,Port Sudan
PZY,Piestany,SK,Piestany
QAQ,L'Aquila–Preturo Airport,IT,Preturo
QBC,Bella Coola Airport,CA,
QCU,Heliport,GL,
QCY,Coningsby RAF Station,GB,Coningsby
QDV,Comte. Rolim Adolfo Amaro State Airport,BR,Jundiaí
QFI,Heliport,GL,
QFK,Harbour,NO,Selje
QFQ,Harbour,NO,Maloy
QGP,Garanhuns Airport,BR,Garanhuns
QGQ,Heliport,GL,Sisimiut
QGV,Neu Isenburg,DE,Neu Isenburg
QHU,Husum,DE,Schwesing
QIG,Dr. Francisco Tomé da Frota Airport,BR,Iguatu
QJE,Heliport,GL,
QJI,Heliport,GL,
QKS,Keystone Airport,US,Elk Lick Township
QKU,Messe/Deutz Rail Station,DE,Altstadt Nord
QLR,Leiria Gandara Airport,PT,Leiria
QLU,Lublin Radawiec Airport,PL,Swidnik
QLV,Leverkusen Mitte,DE,Leverkusen
QMK,Heliport,GL,
QMV,Montvale,US,Montvale
QNS,Aeroporto Campo Nossa Senhora de Fátima,BR,
QNY,Marine Air Terminal,US,
QOR,Ordu,TR,Silvan
QOW,Sam Mbakwe International Airport,NG,Ihuo
QPG,Paya Lebar,SG,
QPW,Heliport,GL,
QRA,Rand/Germiston,ZA,Boksburg
QRO,Queretaro Intercontinental Airport,MX,Santiago de Queretaro
QRW,Warri,NG,Orerokpe
QRY,Heliport,GL,Aasiaat
QSC,Sao Carlos,BR,Ibate
QSF,Setif Airport,DZ,Ain Arnat
QSG,Sonderborg,DK,
QSR,Pontecagnano,IT,Pratole
QSZ,Shache Airport,CN,Zepu
QUB,Ubari,LY,Awbari
QUG,Goodwood,GB,Milland
QUO,Akwa Ibom Airport,NG,Esuk Oron
QUP,Heliport,GL,
QUY,Wyton RAF Station,GB,Hemingford Grey
QWG,Wilgrove Air Park,US,Charlotte
QXD,Quixadá Regional Airport,BR,Quixadá
QZD,Szeged,HU,Szeged
RAA,Rakanda,PG,
RAB,Tokua Airport,PG,
RAC,John H. Batten Field,US,Sturtevant
RAD,Road Town,VG,Road Town
RAE,Arar Airport,SA,'Ar'ar
RAF,Rafaela,AR,
RAG,Raglan,NZ,
RAH,Rafha Airport,SA,As Salman
RAI,Nelson Mandela International Airport,CV,Praia
RAJ,Civil Airport,IN,Rajkot
RAK,Menara Airport,MA,Marrakesh
RAL,Riverside Municipalcipal,US,Pedley
RAM,Ramingining,AU,Nhulunbuy
RAN,La Spreta,IT,Classe
RAO,Dr. Leite Lopes State Airport,BR,Ribeirao Preto
RAP,Rapid City Regional Airport,US,Box Elder
RAQ,Sugimanuru,ID,
RAR,Rarotonga Airport,CK,Avarua
RAS,Rasht Airport,IR,Rasht
RAT,Raduzhnyi,RU,Raduzhny
RAV,Cravo Norte,CO,Cravo Norte
RAW,Arawa,PG,
RAX,Oram,PG,
RAZ,Rawala Kot,PK,Rawala Kot
RBA,Sale Airport,MA,Sale
RBB,Borba,BR,Borba
RBC,Robinvale,AU,Ouyen
RBD,Redbird,US,Duncanville
RBE,Ratanakiri,KH,Ban Lung
RBF,Big Bear City Airport,US,Big Bear City
RBG,Roseburg Municipal Airport,US,Roseburg
RBH,Brooks Lodge,US,
RBI,Rabi,FJ,Kekaha
RBJ,Rebun,JP,
RBK,French Valley,US,Murrieta Hot Springs
RBL,Red Bluff Fss,US,Red Bluff
RBM,Wallmuhle,DE,Atting
RBN,Fort Jefferson,US,Key West
RBO,Robore,BO,Robore
RBP,Rabaraba,PG,
RBQ,Rurrenabaque,BO,Rurrenabaque
RBR,Pres. Medici Airport,BR,Rio Branco
RBS,Orbost,AU,Lakes Entrance
RBT,Marsabit,KE,Marsabit
RBU,Roebourne,AU,Roebourne
RBV,Ramata,SB,
RBW,Lowcountry Regional,US,Walterboro
RBX,Rumbek,SS,Rumbek
RBY,Ruby Airport,US,
RBZ,Shakhrisabz Airport,UZ,
RCA,Ellsworth AFB,US,Rapid City
RCB,Richards Bay Airport,ZA,Richards Bay
RCE,Roche Harbor,US,
RCH,Riohacha Airport,CO,Riohacha
RCK,Coffield,US,Rockdale
RCL,Redcliffe,VU,Scarborough
RCM,Richmond,AU,
RCN,American River,AU,Kingscote
RCO,Saint Agnant,FR,Saint-Agnant
RCP,Cinder River,US,
RCQ,Reconquista,AR,Reconquista
RCR,Fulton County,US,Rochester
RCS,Rochester,GB,Rochester
RCT,Miller Field,US,Reed City
RCU,Rio Cuarto,AR,Rio Cuarto
RCY,Rum Cay,BS,
RDA,Rockhampton Downs,AU,
RDB,Red Dog,US,
RDC,Redencao,BR,
RDD,Redding Municipal Airport,US,Anderson
RDE,Merdey,ID,Merdey
RDG,Municipalcipal/Spaatz Field,US,River View Park
RDL,Al Bardawil International Airport,EG,El Hassana
RDM,Roberts Field Redmond Municipal Airport,US,Redmond
RDN,LTS Pulau Redang,MY,
RDO,Radom Airport,PL,Radom
RDP,Kazi Nazrul Islam Airport,IN,Bahula
RDR,Grand Forks AFB,US,Moorhead
RDS,Rincon de los Sauces,AR,Anelo
RDT,Richard Toll,SN,Richard-Toll
RDU,Raleigh-Durham International Airport,US,Morrisville
RDV,Red Devil,US,
RDZ,Marcillac Airport,FR,Salles-la-Source
REA,Reao,PF,
REB,Rechlin,DE,Rechlin
REC,Guararapes-Gilberto Freyre International Airport,BR,Recife
RED,Mifflin County,US,Church Hill
REE,Reese AFB,US,Lubbock
REG,Tito Menniti Airport,IT,Reggio Calabria
REH,Rehoboth Beach,US,Rehoboth Beach
REI,Regina,GF,Roura
REL,Trelew Airport,AR,Trelew
REN,Orenburg Airport,RU,Nezhinka
REO,Rome State,US,Homedale
REP,Siem Reap International Airport,KH,Siem Reap
REQ,Reko Diq,PK,Requena
RER,Base Aerea Del Sur,GT,Retalhuleu
RES,Resistencia Airport,AR,Fontana
RET,Stolport Airport,NO,Rost
REU,Reus Airport,ES,Vila-seca
REW,Rewa,IN,Rewa
REX,Gen Lucio Blanco International Airport,MX,Vamos Tamaulipas
REY,Reyes,BO,Reyes
REZ,Resende,BR,Resende
RFA,Rafai,CF,Rafai
RFD,Chicago Rockford International Airport,US,Winnebago
RFG,Rooke Field,US,
RFK,Rollang Field,US,Rolling Fork
RFN,Raufarhofn,IS,
RFP,Raiatea Airport,PF,Uturoa
RFR,Rio Frio,CR,Roxana
RFS,Rosita,NI,Bonanza
RGA,Rio Grande Airport,AR,Rio Grande
RGE,Porgera,PG,
RGH,Balurghat,IN,Balurghat
RGI,Rangiroa Airport,PF,
RGK,Gorno-Altaysk Airport,RU,Aya
RGL,Rio Gallegos Internacional Airport,AR,
RGN,Yangon International Airport,MM,Yangon
RGO,Orang,KP,Hoemul-li
RGR,Ranger Municipalcipal,US,Ranger
RGS,Burgos,ES,Cardenajimeno
RGT,Japura,ID,Rengat
RHA,Reykholar,IS,Borgarnes
RHD,Rio Hondo Airport,AR,Termas de Rio Hondo
RHE,Reims,FR,Betheny
RHG,Ruhengeri,RW,Musanze
RHI,Oneida County Airport,US,Rhinelander
RHL,Roy Hill,AU,
RHN,Rosh Pina,NA,Oranjemund
RHO,Rhodes Airport,GR,Kremasti
RHP,Ramechhap,NP,
RHR,Al Hamra SPB,AE,
RHT,Alxa Right Banner,CN,Ehen Hudag
RHV,Reid-Hillview,US,
RIA,Santa Maria Airport,BR,Santa Maria
RIB,Gen Buech Airport,BO,Riberalta
RIC,Richmond International Airport (Byrd Field),US,Fort Lee
RID,Richmond Municipalcipal Airport,US,Richmond
RIE,Rice Lake,US,Rice Lake
RIF,Reynolds,US,Richfield
RIG,Rio Grande,BR,Rio Grande
RIH,Scarlett Martínez International Airport,PA,Rio Hato
RIJ,Rioja,PE,Rioja
RIK,Carrillo,CR,Samara
RIL,Garfield County,US,Rifle
RIM,Rodriguez De Mendoza,PE,Churuja
RIN,Ringi Cove,SB,
RIR,Riverside Fla-Bob,US,Jurupa Valley
RIS,Rishiri Airport,JP,Rishiri Town
RIT,Rio Tigre,PA,Las Minas
RIV,March ARB,US,Rubidoux
RIW,Riverton Airport,US,Riverton
RIX,Riga International Airport,LV,Pinki
RIY,Riyan Mukalla,YE,Ghayl Ba Wazir
RIZ,Rio Alzucar,PA,El Espino de Santa Rosa
RJA,Rajahmundry Airport,IN,Rajahmundry
RJB,Rajbiraj,NP,Rajbiraj
RJH,Rajshahi Airport,BD,Rajshahi
RJI,Rajouri,IN,Rajaori
RJK,Rijeka Airport,HR,Omisalj
RJL,Agoncillo Airport,ES,Agoncillo
RJM,Marinda Airport,ID,Saonek
RJN,Rafsanjan,IR,Rafsanjan
RKA,Aratika-Nord,PF,
RKC,Yreka,US,Yreka
RKD,Knox County Regional Airport,US,South Thomaston
RKE,Roskilde Airport,DK,Havdrup
RKH,Rock Hill,US,Rock Hill
RKI,Rokot,ID,Sirukam
RKO,Sipora,ID,Kerang
RKP,Aransas County,US,Rockport
RKR,Robert S Kerr,US,Poteau
RKS,Rock Springs-Sweetwater County Airport,US,Rock Springs
RKT,Ras Al Khaimah International Airport,AE,Ras al-Khaimah
RKU,Kairuku,PG,Port Moresby
RKV,Reykjavik International Airport,IS,Kopavogur
RKW,Rockwood Municipal Airport,US,Rockwood
RKY,Rokeby,AU,
RKZ,Peace,CN,Car
RLA,National,US,
RLD,Richland,US,Richland
RLG,Laage Airport,DE,Laage
RLI,Reilly AHP,US,Anniston
RLK,Bayannur Tianjitai Airport,CN,Xamba
RLO,Valle Del Conlara,AR,Libertador General San Martin
RLP,Rosella Plains,AU,
RLR,Relais de la Reine,MG,Ranohira
RLT,Arlit,NE,Arlit
RLU,Bornite Upper,US,
RMA,Roma Airport,AU,
RMB,Buraimi,OM,Al Buraymi
RMD,Ramagundam,IN,Ramgundam
RME,Griffiss AFB,US,Rome
RMF,Marsa Alam International Airport,EG,Marsa Alam
RMG,Richard B Russell,US,Shannon
RMI,Miramare Airport,IT,Rivazzurra
RMK,Renmark,AU,Renmark West
RML,Ratmalana,LK,Galkissa
RMN,Rumginae,PG,
RMO,Chișinău International Airport,MD,Chișinău
RMP,Rampart,US,
RMQ,Taichung International Airport,TW,Fengyuan
RMS,Ramstein,DE,Ramstein-Miesenbach
RMT,Rimatara,PF,
RMU,Corvera International,ES,Fuente-Alamo de Murcia
RMY,Mariposa-Yosemite,US,Marshall
RMZ,Tobolsk Remezov Airport,RU,Tobolsk
RNA,Ulawa Airport,SB,
RNB,Kallinge Airport,SE,
RNC,Warren County,US,Woodbury
RND,Randolph Air Force Base,US,
RNE,Renaison,FR,Saint-Leger-sur-Roanne
RNG,Rangely,US,Rangely
RNH,New Richmond Municipal Airport,US,New Richmond
RNI,Corn Island,NI,Corn Island
RNJ,Yoron Airport,JP,Nago
RNL,Rennell,SB,Kirakira
RNM,Qarn Alam,OM,Escondido
RNN,Bornholm Airport,DK,Ronne
RNO,Reno/Tahoe International Airport,US,Sparks
RNP,Rongelap Island,MH,Rongelap
RNR,Robinson River,PG,
RNS,Rennes Airport,FR,Saint-Jacques-de-la-Lande
RNT,Renton,US,Renton
RNU,Ranau,MY,
RNZ,Rensselaer,US,Rensselaer
ROA,Roanoke-Blacksburg Regional Airport,US,Hollins
ROB,Roberts International Airport,LR,Kakata
ROC,Greater Rochester International Airport,US,
ROD,Robertson,ZA,Ashton
ROF,Yreka Rohrer Field,US,
ROG,Rogers,US,Little Flock
ROH,Robinhood,AU,
ROI,Roi Et Airport,TH,Chiang Khwan
ROK,Rockhampton Airport,AU,West Rockhampton
ROL,Roosevelt,US,Roosevelt
RON,Rondon,CO,Puerto Rondon
ROO,Rondonopolis Airport,BR,Rondonopolis
ROP,Rota Airport,MP,Yigo Village
ROR,Airai Airport,PW,Ngetkib
ROS,Fisherton Airport,AR,Funes
ROT,Rotorua International Airport,NZ,Rotorua
ROU,Rousse,BG,Ivanovo
ROV,Platov International Airport,RU,Grushevskaya
ROW,Roswell International Air Center,US,Roswell
ROX,Roseau Municipal Airport,US,Roseau
ROY,Rio Mayo,AR,Rio Mayo
ROZ,US Naval Station,ES,Mos
RPA,Rolpa,NP,Dhankuta
RPB,Roper Bar,AU,
RPM,Ngukurr,AU,
RPN,Rosh Pina,IL,Rosh Pinna
RPR,Swami Vivekananda Airport,IN,Bhatgaon
RPU,San Fernando Airport,PH,
RPV,Roper Valley,AU,
RPX,Roundup,US,Roundup
RQA,Ruoqiang Loulan Airport,CN,Ruoqiang
RQW,West,IQ,Ash Sharqat
RQY,Shivamogga Airport,IN,Sogane
RRA,Ronda,ES,Ronda
RRE,Marree,AU,
RRG,Rodrigues Island Airport,MU,Baie aux Huitres
RRI,Barora,SB,
RRJ,Jacarepaguá Airport,BR,Rio de Janeiro
RRK,Rourkela,IN,Banposh
RRL,Merrill Municipal Airport,US,Merrill
RRM,Marromeu,MZ,
RRN,Serra Norte,BR,Vilhena
RRO,Sorrento,IT,Massa Lubrense
RRR,Raroia,PF,
RRS,Roros Airport,NO,
RRT,Warroad,US,
RRV,Robinson River,AU,Alyangula
RSA,Santa Rosa Airport,AR,Santa Rosa
RSB,Roseberth,AU,
RSD,South Eleuthera Airport,BS,Governor's Harbour
RSE,Rose Bay,AU,Castlecrag
RSG,Serra Pelada,BR,Maraba
RSH,Russian SPB,US,
RSI,Rio Sidra,PA,Puerto Escondido
RSJ,Rosario SPB,US,
RSK,Ransiki,ID,Ransiki
RSL,Russell,US,Russell
RSN,Ruston,US,Ruston
RSP,Raspberry Strait,US,
RSS,Roseires,SD,Ad-Damazin
RST,Rochester International Airport,US,Stewartville
RSU,Yeosu Airport,KR,
RSW,Southwest Florida International Airport,US,Gateway
RSX,Rouses Point,US,Rouses Point
RTA,Rotuma Island,FJ,Ahau
RTB,Roatan Airport,HN,Coxen Hole
RTC,Ratnagiri,IN,Ratnagiri
RTE,Marguerite Bay,US,
RTG,Ruteng,ID,Ruteng
RTI,Roti,ID,Batutua Satu
RTL,Spirit Lake,US,Spirit Lake
RTM,Rotterdam The Hague Airport,NL,Delfshaven
RTN,Crews Field,US,Raton
RTO,Budiarto Airport,ID,
RTP,Rutland Plains,AU,
RTS,Rottnest Island,AU,Mosman Park
RTU,Maratua Airport,ID,
RTW,Saratov Tsentralny Airport,RU,Saratov
RTY,Merty,AU,The Sill
RUA,Arua,UG,Arua
RUD,Shahrud,IR,Shahrud
RUE,Butembo,CD,Russellville
RUF,Yuruf,ID,
RUG,Rugao,CN,Rucheng
RUH,King Khaled International Airport,SA,Riyadh
RUI,Ruidoso Sierra Blanca Regional Airport,US,
RUK,Rukumkot,NP,Salyan
RUL,Maavaarulaa Airport,MV,Viligili
RUM,Rumjatar,NP,Ramechhap
RUN,Reunion Roland Garros Airport,RE,Sainte-Marie
RUP,Rupsi,IN,Gauripur
RUR,Rurutu,PF,
RUS,Marau Sound,SB,Auki
RUT,Rutland Airport,US,Rutland
RUU,Ruti,PG,
RUV,Rubelsanto,GT,Chisec
RUY,Copan,HN,San Buenaventura
RVA,Farafangana,MG,Farafangana
RVC,Rivercess,LR,Cestos City
RVD,Rio Verde Airport,BR,Santa Helena de Goias
RVE,Los Colonizadores,CO,Municipio de Fortul
RVH,Rzhevka,RU,Yanino Vtoroye
RVI,Rostov Airport,RU,Imeni Chkalova
RVK,Ryumsjoen Airport,NO,Rorvik
RVN,Rovaniemi Airport,FI,Rovaniemi
RVO,Reivilo,ZA,Pampierstad
RVR,Green River,US,East Carbon City
RVS,R.Lloyd Jones,US,Tulsa
RVT,Ravensthorpe,AU,Ravensthorpe
RVV,Raivavae,PF,
RVY,Rivera,UY,Santana do Livramento
RWB,Rowan Bay,US,
RWF,Redwood Falls Municipal,US,Redwood Falls
RWI,Rocky Mount-wilson,US,Elm City
RWL,Rawlins,US,Rawlins
RWN,Rovno,UA,Tynne
RWS,Sumare,BR,Paulinia
RXA,Raudha,YE,
RXE,Madison County,US,Rexburg
RXS,Roxas City Airport,PH,Roxas City
RYB,Rybinsk,RU,Rybinsk
RYG,Moss Airport,NO,Rygge
RYK,Rahim Yar Khan Airport,PK,Sadiqabad
RYL,Royal Airport,ZM,Chirundu
RYN,Medis,FR,Royan
RYO,Rio Turbio,AR,28 de Noviembre
RZA,Santa Cruz,AR,Puerto Santa Cruz
RZE,Rzeszow International Airport,PL,Trzebownisko
RZH,Preobrazheniye,RU,Preobrazheniye
RZN,Ryazan,RU,Ryazan'
RZP,CLR Airport,PH,Taytay
RZR,Ramsar,IR,Ramsar
RZS,Sawan,PK,Bozdar
RZV,Rize–Artvin Airport,TR,
RZZ,Halifax County,US,Roanoke Rapids
SAA,Shively Field,US,Saratoga
SAB,J. Yrausquin Airport,BQ,Upper Hell's Gate
SAC,Sacramento Executive Airport,US,
SAD,Safford,US,Safford
SAE,Sangir,ID,Kambu
SAF,Santa Fe,US,La Cienega
SAG,Shirdi,IN,Shirdi
SAH,Sana'a International Airport,YE,Ar Rawdah
SAI,Siem Reap–Angkor International Airport,KH,Sotr Nikum
SAK,Saudarkrokur,IS,Saudarkrokur
SAL,El Salvador International Airport,SV,El Rosario
SAM,Salamo,PG,
SAN,San Diego International Airport,US,San Diego
SAP,Ramon Villeda Morales International Airport,HN,La Lima
SAQ,San Andros,BS,San Andros
SAR,Sparta Community,US,Sparta
SAS,Salton City,US,Salton City
SAT,San Antonio International Airport,US,Alamo Heights
SAU,Sawu,ID,Nahura
SAV,Savannah/Hilton Head Airport,US,Pooler
SAW,Sabiha Gokcen International Airport,TR,Pendik
SAX,Sambu,PA,Bayamon
SAY,Siena,IT,Rosia
SAZ,Sasstown,LR,Barclayville
SBA,Santa Barbara Municipal Airport,US,Goleta
SBB,Santa Barbara Ba,VE,Santa Barbara
SBC,Selbang,PG,
SBD,Norton AFB,US,Highland
SBE,Suabi,PG,
SBF,Sardeh Band,AF,Ghazni
SBG,Maimun Saleh,ID,Lambaro
SBH,St. Barthelemy Airport,GP,Gustavia
SBI,Sambailo,GN,Koundara
SBJ,Sao Mateus,BR,Conceicao da Barra
SBK,Saint Brieuc-Armor,FR,Ploufragan
SBL,Yacuma,BO,
SBM,Memorial,US,Sheboygan Falls
SBN,South Bend Regional,US,South Bend
SBO,Salina,US,Salina
SBP,San Luis County Regional Airport,US,San Luis Obispo
SBQ,Sibi,PK,Sibi
SBR,Saibai Island,AU,
SBS,Steamboat Springs,US,Steamboat Springs
SBT,Sabetta,RU,
SBU,Springbok,ZA,Springbok
SBV,Sabah,PG,Buka
SBW,Sibu Airport,MY,Sibu
SBX,Shelby,US,Shelby
SBY,Wicomico Regional Airport,US,Salisbury
SBZ,Sibiu Airport,RO,Sura Mica
SCA,Santa Catalina,CO,Santa Catalina
SCB,State,US,West Point
SCC,Prudhoe Bay/Deadhorse Airport,US,
SCD,Sulaco,HN,Sulaco
SCE,University Park Airport,US,Houserville
SCF,Scottsdale Airport,US,Paradise Valley
SCG,Spring Creek,AU,
SCH,Schenectady County,US,
SCI,San Cristobal,VE,San Cristobal
SCJ,Smith Cove,US,
SCK,Stockton Airport,US,French Camp
SCL,Arturo Merino Benitez Airport,CL,
SCM,SPB,US,
SCN,Ensheim Airport,DE,Sankt Ingbert
SCO,Aktau International Airport,KZ,Aktau
SCP,St Crepin,FR,Brantome
SCQ,Santiago De Compostela Airport,ES,Oroso
SCR,Scandinavian Mountains Airport,SE,Innbygda
SCS,Scatsta,GB,Lerwick
SCT,Socotra,YE,Hadibu
SCU,Antonio Maceo Airport,CU,Santiago de Cuba
SCV,Suceava Airport,RO,Plopeni
SCW,Syktyvkar Airport,RU,Syktyvkar
SCX,Salina Cruz,MX,Salina Cruz
SCY,San Cristobal Airport,EC,Puerto Baquerizo Moreno
SCZ,Santa Cruz Island,SB,Lata
SDB,Langebaanweg,ZA,Saldanha
SDC,Sandcreek,GY,Lethem
SDD,Lubango Airport,AO,Lubango
SDE,Santiago Del Estero Airport,AR,Santiago del Estero
SDF,Louisville International Airport,US,Audubon Park
SDG,Sanandaj Airport,IR,Sanandaj
SDH,Santa Rosa Copan,HN,Santa Rosa de Copan
SDI,Saidor,PG,
SDJ,Sendai Airport,JP,Iwanuma
SDK,Sandakan Airport,MY,Taman Rajawali
SDL,Sundsvall-Timra Airport,SE,Bergeforsen
SDM,Brown Field Municipalcipal,US,
SDN,Sandane Airport,NO,Sandane
SDO,Ryotsu Sado Island,JP,
SDP,Sand Point Municipal Airport,US,Sand Point
SDQ,Las Americas International Airport,DO,Santo Domingo
SDR,Santander Airport,ES,El Astillero
SDS,Sado Shima,JP,Ryotsu-minato
SDT,Saidu Sharif,PK,Saidu Sharif
SDU,Santos Dumont Airport,BR,Rio de Janeiro
SDV,Dov Hoz Airport,IL,Tel Aviv
SDW,Sindhudurg Airport,IN,Sindhudurg
SDX,Sedona,US,Sedona
SDY,Richland Municipal Airport,US,Sidney
SEA,Seattle-Tacoma International Airport,US,SeaTac
SEB,Sebha,LY,Sabha
SED,Min'hat Hashnayim,IL,`En Boqeq
SEE,Gillespie Field,US,Santee
SEF,Sebring Regional Airport,US,Sebring
SEG,Penn Valley,US,Hummels Wharf
SEH,Senggeh,ID,Sengge
SEI,Senhor Do Bonfim,BR,Senhor do Bonfim
SEK,Srednekolymsk Airport,RU,Srednekolymsk
SEM,Craig AFB,US,Selmont-West Selmont
SEN,London Southend Airport,GB,Rochford
SEO,Seguela,CI,Seguela
SEP,Clark Field,US,Stephenville
SEQ,Sungai Pakning,ID,Buntok
SER,Freeman Municipalcipal,US,Seymour
SES,Selfield,US,Centreville
SET,San Esteban,HN,San Esteban
SEU,Seronera Airstrip,TZ,Mugumu
SEV,Severodoneck,UA,Syevyerodonets'k
SEW,Siwa,EG,Siwa Oasis
SEY,Selibaby,MR,Selibabi
SEZ,Seychelles International Airport,SC,Cascade
SFA,Sfax El Maou Airport,TN,Sfax
SFB,Orlando Sanford International Airport,US,Midway
SFC,St Francois,GP,Saint-Francois
SFD,Las Flecheras,VE,San Fernando Apure
SFE,San Fernando,PH,San Fernando
SFF,Felts Field,US,
SFG,Esperance Airport,MF,
SFH,San Felipe,MX,San Felipe
SFJ,Kangerlussuaq Airport,GL,Qasigiannguit
SFK,Soure,BR,Soure
SFL,Sao Filipe,CV,Sao Filipe
SFM,Sanford,US,Sanford (historical)
SFN,Santa Fe Airport,AR,Santo Tome
SFO,San Francisco International Airport,US,Millbrae
SFP,Surfers Paradise,AU,Cedar Vale
SFQ,Sanliurfa,TR,Sanliurfa
SFR,San Fernando,US,San Fernando
SFS,Subic Bay International,PH,Subic Bay Freeport Zone
SFT,Skelleftea Airport,SE,Soedra Bergsbyn
SFU,Safia,PG,
SFV,Santa Fe Do Sul,BR,Iturama
SFW,Santa Fe,PA,Canazas
SFX,San Felix,VE,Upata
SFY,Tri-Township Airport,US,Savanna
SFZ,North Central,US,Smithfield
SGA,Sheghnan,AF,Rushon
SGB,Singaua,PG,
SGC,Surgut Airport,RU,Surgut
SGD,Sonderborg Airport,DK,Sonderborg
SGE,Siegerland Airport,DE,Siegen
SGF,Springfield-Branson National Airport,US,Willard
SGG,Simanggang,MY,
SGH,Springfield,US,Springfield
SGI,Mushaf Air Base,PK,
SGJ,Sagarai,PG,
SGK,Sangapi,PG,
SGL,Sangley Point NAS,PH,Port Area
SGM,San Ignacio,MX,El Silencio
SGN,Tan Son Nhat International Airport,VN,Quan Phu Nhuan
SGO,St George,AU,Roma
SGP,Shay Gap,AU,
SGQ,Sanggata,ID,Sangatta
SGR,Sugar Land Regional,US,Southside Place
SGS,Sanga Sanga,PH,Latung
SGT,Stuttgart Municipalcipal,US,Stuttgart
SGU,Saint George Municipal Airport,US,Washington
SGV,Sierra Grande,AR,Sierra Grande
SGW,Saginaw Bay,US,
SGX,Songea,TZ,Songea
SGY,Skagway Municipal,US,Haines
SGZ,Songkhla,TH,Songkhla
SHA,Shanghai Hongqiao International Airport,CN,Jiangqiao
SHB,Nakashibetsu Airport,JP,Shibetsu
SHC,Indaselassie,ET,Maych'ew
SHD,Shenandoah Valley Airport,US,Weyers Cave
SHE,Shenyang Taoxian International Airport,CN,Shenyang
SHF,Shihezi Huayuan Airport,CN,Ulan Us
SHG,Shungnak Airport,US,Barrow
SHH,Shishmaref Airport,US,
SHI,Shimojishima,JP,
SHJ,Sharjah International Airport,AE,
SHK,Sehonghong,LS,
SHL,Shillong Airport,IN,Shillong
SHM,Shirahama Airport,JP,Tanabe
SHN,Sanderson Field,US,Shelton
SHO,King Mswati III International Airport,SZ,
SHP,Qinhuangdao,CN,Shanhaiguan
SHQ,Southport,AU,Main Beach
SHR,Sheridan,US,Sheridan
SHS,Shashi,CN,Shashi
SHT,Shepparton,AU,Shepparton
SHU,Smith Point,AU,
SHV,Shreveport Regional Airport,US,Shreveport
SHW,Sharurah Airport,SA,Manwakh
SHX,Shageluk Airport,US,
SHY,Shinyanga,TZ,Songwa
SHZ,Seshutes,LS,Teyateyaneng
SIA,Xi'an Xiguan Airport,CN,
SIB,Sibiti,CG,Sibiti
SIC,San Jose Island Airport,PA,
SID,Amilcar Cabral International Airport,CV,Espargos
SIE,Sines,PT,Sines
SIF,Simara,NP,Birganj
SIG,Isla Grande,PR,San Juan
SIH,Silgadi Doti,NP,Dipayal
SII,Sidi Ifni,MA,Sidi Ifni
SIJ,Siglufjordur,IS,Siglufjoerdur
SIK,Memorial,US,Sikeston
SIL,Sila,PG,
SIM,Simbai,PG,Rauna
SIN,Changi International Airport,SG,Singapore
SIO,Smithton,AU,Smithton
SIP,Simferopol International Airport,KX,Rodnykove
SIQ,Dabo,ID,Dabo
SIR,Sion,CH,Saviese
SIS,Sishen Airport,ZA,Kathu
SIT,Sitka Airport,US,
SIU,Siuna,NI,Siuna
SIV,County,US,Sullivan
SIW,Sibisa,ID,Parapat
SIX,Singleton,AU,Singleton
SIY,Siskiyou County,US,Montague
SIZ,Sissano,PG,
SJA,San Juan,PE,San Juan de Marcona
SJB,San Joaquin,BO,
SJC,Norman Y. Mineta San Jose International Airport,US,Santa Clara
SJD,Los Cabos International Airport,MX,Las Veredas
SJE,San Jose Del Gua,CO,San Jose del Guaviare
SJF,St John Island,VI,Cruz Bay
SJG,San Pedro Jagua,CO,San Pedro
SJH,San Juan Del Cesar,CO,San Juan del Cesar
SJI,San Jose,PH,Babug
SJJ,Sarajevo International Airport,BA,Sarajevo
SJK,Sao Jose Dos Campos,BR,Santa Isabel
SJL,Da Cachoeira,BR,Sao Gabriel da Cachoeira
SJM,San Juan,DO,San Juan de la Maguana
SJN,St. Johns Industrial Air Park,US,Saint Johns
SJO,Juan Santamaria International Airport,CR,Alajuela
SJP,Sao Jose do Rio Preto Airport,BR,Sao Jose do Rio Preto
SJQ,Sesheke,ZM,Sesheke
SJR,San Juan D Ur,CO,San Juan de Uraba
SJS,San Jose,BO,San Pedro
SJT,San Angelo Regional Airport,US,San Angelo
SJU,Luis Munoz Marin International Airport,PR,Carolina
SJV,San Javier,BO,Ascension
SJW,Shijiazhuang Daguocun Airport,CN,
SJX,Sartaneja,BZ,
SJY,Ilmajoki,FI,Seinaejoki
SJZ,Sao Jorge Island Airport,PT,Sao Roque do Pico
SKA,About Fairchild Air Force Base,US,Spokane
SKB,Robert L. Bradshaw International Airport,KN,Monkey Hill
SKC,Suki,PG,Morehead
SKD,Samarkand Airport,UZ,Samarqand
SKE,Skien,NO,Skien
SKF,Kelly AFB,US,
SKG,Thessaloniki International Airport,GR,Neo Rysi
SKH,Surkhet,NP,Besisahar
SKI,Skikda,DZ,Skikda
SKJ,Sitkinak Cgs,US,
SKK,Shaktoolik Airport,US,
SKL,Broadford,GB,Isle of Skye
SKM,Skeldon,GY,
SKN,Stokmarknes Skagen Airport,NO,Stokmarknes
SKO,Sokoto,NG,Sokoto
SKP,Skopje Alexander the Great Airport,MK,Petrovec
SKQ,Sekakes,LS,Nako
SKR,Shakiso,ET,Kibre Mengist
SKS,Vojens,DK,
SKT,Sialkot Airport,PK,Sialkot
SKU,Skiros Airport,GR,Skyros
SKV,Mount Sinai,EG,Saint Catherine
SKW,Intermediate,US,
SKX,Saransk Airport,RU,Saransk
SKY,Griffing Sandusky,US,Port Clinton
SKZ,Sukkur Airport,PK,Bagarji
SLA,Martin Miguel de Guemes International Airport,AR,Cerrillos
SLB,Storm Lake Municipal Airport,US,Storm Lake
SLC,Salt Lake City International Airport,US,Salt Lake City
SLD,Sliac,SK,Zvolen
SLE,Mcnary Field,US,Keizer
SLF,Sulayel,SA,
SLG,Smith Field,US,Siloam Springs
SLH,Sola,VU,
SLI,Solwezi,ZM,Solwezi
SLJ,Stellar Air Park,AU,Chandler
SLK,Adirondack Airport,US,Saranac Lake
SLL,Salalah International Airport,OM,
SLM,Matacan Airport,ES,Salamanca
SLN,Salina Regional Airport,US,Salina
SLO,Leckrone,US,Salem
SLP,San Luis Potosi Airport,MX,Fraccion Milpillas
SLQ,Sleetmute,US,
SLR,Sulphur Springs,US,Sulphur Springs
SLS,Silistra,BG,Silistra
SLT,Salida,US,Salida
SLU,George F. L. Charles Airport,LC,Bisee
SLV,Simla,IN,Shimla
SLW,Plan de Guadalupe International Airport,MX,Ramos Arizpe
SLX,Salt Cay,TC,
SLY,Salekhard Airport,RU,Salekhard
SLZ,Marechal Cunha Machado International Airport,BR,Sao Luis
SMA,Vila Do Porto Airport,PT,Vila Franca do Campo
SMB,Cerro Sombrero,CL,Rio Gallegos
SMC,Santa Maria,CO,
SMD,Smith Field,US,Fort Wayne
SME,Pulaski County,US,Somerset
SMF,Sacramento International Airport,US,West Sacramento
SMG,Santa Maria,PE,Quebrada Honda
SMH,Sapmanga,PG,
SMI,Samos Airport,GR,Chora
SMJ,Sim,PG,
SMK,St. Michael Airport,US,
SML,Estate Airstrip,BS,Port Nelson
SMM,Semporna,MY,Semporna
SMN,Salmon,US,Salmon
SMO,Santa Monica,US,Santa Monica
SMP,Stockholm,PG,
SMQ,H. Asan Airport,ID,Semuda
SMR,Simon Bolivar International Airport,CO,Cienaga
SMS,Sainte Marie,MG,Ambodifotatra
SMT,Sun Moon Lake,TW,Puli
SMU,Sheep Mountain,US,Sutton-Alpine
SMV,Samedan,CH,Samedan
SMW,Smara,MA,Smara
SMX,Santa Maria Public Airport,US,Orcutt
SMY,Simenti,SN,Youkounkoun
SMZ,Stoelmans Eiland,SR,Grand-Santi
SNA,John Wayne Airport,US,Irvine
SNB,Snake Bay,AU,Leanyer
SNC,General Ulpiano Paez Airport,EC,Salinas
SND,Seno,LA,Wan Yai
SNE,Preguica,CV,Vila da Ribeira Brava
SNF,San Felipe,VE,Boraure
SNG,San Ignacio De Velasco,BO,San Ignacio de Velasco
SNH,Stanthorpe,AU,Stanthorpe
SNI,R.E. Murray,LR,Greenville
SNJ,San Julian,CU,Guane
SNK,Winston Field,US,Snyder
SNL,Shawnee Municipal,US,Shawnee
SNM,San Ignacio De M,BO,
SNN,Shannon Airport,IE,Shannon
SNO,Sakon Nakhon Airport,TH,Sakon Nakhon
SNP,Saint Paul Island Airport,US,
SNQ,San Quintin,MX,Pueblo Benito Garcia
SNR,Montoir Airport,FR,Saint-Nazaire
SNS,Salinas,US,Salinas
SNT,Sabana De Torres,CO,Cachira
SNU,Santa Clara Airport,CU,Santa Clara
SNV,Santa Elena,VE,
SNW,Thandwe Airport,MM,Pyay
SNX,Sabana De Mar,DO,Sabana de La Mar
SNY,Sidney,US,Sidney
SNZ,Santa Cruz,BR,Santa Cruz
SOA,Soc Trang,VN,Huynh Huu Nghia
SOB,Sármellék/Balaton,HU,Keszthely
SOC,Adi Sumarmo International Airport,ID,Colomadu
SOD,Sorocaba,BR,Sorocaba
SOE,Souanke,CG,Sembe
SOF,Sofia Airport,BG,Sofia
SOG,Sogndal Airport,NO,Sogndalsfjora
SOH,Solita,CO,
SOI,South Molle Island,AU,
SOJ,Sorkjosen Airport,NO,Storslett
SOK,Semongkong,LS,Thaba-Tseka
SOL,Solomon,US,
SOM,Edmundo Barrios,VE,San Jose de Guanipa
SON,Santo Pekoa International Airport,VU,Luganville
SOO,Helsinge Airport,SE,Soderhamn
SOP,Pinehurst-S. Pines,US,Whispering Pines
SOQ,Sorong Airport,ID,Sorong
SOR,Al Thaurah,SY,Subaykhan
SOT,Sodankyla,FI,Sodankylae
SOU,Southampton Airport,GB,Eastleigh
SOV,Seldovia,US,Homer
SOW,Show Low Airport,US,Show Low
SOX,Alberto Lleras Camargo,CO,Sogamoso
SOY,Stronsay Airport,GB,
SOZ,Solenzara,FR,Sari-Solenzara
SPA,Spartanburg Downtown Memorial,US,Spartanburg
SPB,SPB,VI,
SPC,La Palma Airport,ES,Mazo
SPD,Saidpur Airport,BD,Saidpur
SPE,Sepulot,MY,Keningau
SPF,Black Hills,US,Spearfish
SPG,Whitted,US,Saint Petersburg
SPH,Sopu,PG,
SPI,Capital Airport,US,Springfield
SPJ,Eleftherios Venizelos,GR,Krokeai
SPK,Sapporo Metropolitan Area,JP,Sapporo
SPM,Spangdahlem,DE,Pantenburg
SPN,Saipan International Airport,MP,Saipan
SPO,San Pablo,ES,Mairena del Alcor
SPP,Menongue,AO,Menongue
SPQ,Catalina SPB,US,San Pedro
SPR,San Pedro,BZ,San Pedro
SPS,Sheppard AFB,US,Wichita Falls
SPT,Sipitang,MY,Beaufort
SPU,Split Airport,HR,Trogir
SPV,Sepik Plains,PG,
SPW,Spencer Municipal,US,Spencer
SPX,Sphinx International Airport,EG,
SPY,San Pedro,CI,San-Pedro
SPZ,Springdale Municipal,US,Springdale
SQA,Santa Ynez,US,Topanga
SQB,Santa Ana,CO,Talaigua Viejo
SQC,Southern Cross,AU,
SQD,Shangrao Sanqingshan Airport,CN,Xuri
SQE,San Luis De Pale,CO,San Luis
SQF,Solano,CO,
SQG,Sorong Airport,ID,Simanggang
SQH,Na-San,VN,Thi Tran Hat Lot
SQI,Whiteside County,US,Rock Falls
SQJ,Sanming Shaxian Airport,CN,Langkou
SQK,Sidi Barani,EG,Bardiyah
SQL,San Carlos,US,Redwood City
SQM,São Miguel de Aragao,BR,Sao Miguel do Araguaia
SQN,Sanana,ID,Sanana
SQO,Gunnarn,SE,Soderfors
SQQ,Siauliai International Airport,LT,Siauliai
SQR,Inco Soroako Waws,ID,Kendari
SQS,Matthew Spain,BZ,San Ignacio
SQT,China Straits Airstrip,PG,
SQU,Saposoa,PE,Saposoa
SQV,Sequim Valley Airport,US,Sequim
SQW,Skive Airport,DK,
SQX,Sao Miguel do Oeste,BR,Bernardo de Irigoyen
SQY,Sao Lourenco Do Sul,BR,Sao Lourenco do Sul
SQZ,Scampton RAF Station,GB,Burton
SRA,Santa Rosa,BR,Santa Rosa
SRB,Santa Rosa,BO,Placido de Castro
SRC,Searcy,US,Searcy
SRD,San Ramon,BO,San Ramon
SRE,Juana Azurduy de Padilla International Airport,BO,Sucre
SRF,Hamilton Field,US,Santa Venetia
SRG,Achmad Yani International Airport,ID,Semarang
SRH,Sarh,TD,Sagh
SRI,Temindung Airport,ID,Samarinda
SRJ,Capitan G Q Guardia,BO,San Borja
SRL,Santa Rosalia,MX,Santa Rosalia
SRM,Sandringham,AU,
SRN,Strahan,AU,
SRO,Santana Ramos,CO,Cabo San Lucas
SRP,Stord Airport,NO,Sagvag
SRQ,Sarasota Bradenton International Airport,US,Whitfield
SRR,Dunwich,AU,
SRS,Cartagena,CO,San Marcos
SRT,Soroti,UG,Soroti
SRU,Skypark,US,Santa Cruz
SRV,Stony River,US,
SRW,Rowan County,US,Salisbury
SRX,Sert,LY,Qasr Abu Hadi
SRY,Dashte Naz Airport,IR,Surak
SRZ,El Trompillo,BO,Santa Cruz de la Sierra
SSA,Deputado Luis Eduardo Magalhaes International Airport,BR,Lauro de Freitas
SSB,SPB,VI,
SSC,Shaw AFB,US,
SSD,San Felipe,CO,San Carlos de Rio Negro
SSE,Sholapur,IN,Solapur
SSF,Stinson Municipal Airport,US,San Antonio
SSG,Malabo Airport,GQ,Malabo
SSH,Sharm El Sheikh Airport,EG,Sharm el-Sheikh
SSI,Malcolm Mckinnon,US,Brunswick
SSJ,Stokka Airport,NO,Solfjellsjoen
SSK,Sturt Creek,AU,
SSL,Santa Rosalia,CO,Miraflores
SSM,Sault Ste Marie Municipal Airport,CA,Sault Ste Marie
SSN,Seoul AB,KR,Seongnam-si
SSO,Sao Lourenco,BR,Sao Lourenco
SSP,Silver Plains,AU,
SSQ,La Sarre,CA,La Sarre
SSR,Sara,VU,
SSS,Siassi,PG,
SST,Santa Teresita,AR,Arroyo Seco
SSU,Greenbrier,US,White Sulphur Springs
SSV,Siasi,PH,Manubul
SSW,Stuart Island,US,
SSX,Samsun Samair Airport,TR,Samsun
SSY,M'banza Congo,AO,Mbanza Congo
SSZ,Santos,BR,Sao Vicente
STA,Stauning Vestjyllands Airport,DK,Ringkobing
STB,L Delicias,VE,San Carlos del Zulia
STC,Saint Cloud Regional,US,Saint Cloud
STD,Mayo Guerrero,VE,San Rafael del Pinal
STE,Stevens Point,US,Stevens Point
STF,Stephen Island,AU,
STG,St. George Island Airport,US,Dutch Harbor
STH,Strathmore,AU,
STI,Cibao International Airport,DO,Licey al Medio
STJ,Rosecrans Memorial,US,Savannah
STK,Crosson Field,US,Sterling
STL,Lambert-St. Louis International Airport,US,Woodson Terrace
STM,Santarem-Maestro Wilson Fonseca Airport,BR,Santarem
STN,Stansted Airport,GB,Takeley
STP,St. Paul Downtown Airport,US,Saint Paul
STQ,St Marys,US,Saint Marys
STR,Stuttgart Airport,DE,Leinfelden-Echterdingen
STS,Sonoma County Airport,US,Windsor
STT,Cyril E. King Airport,VI,Charlotte Amalie
STU,Santa Cruz,BZ,Corozal
STV,Surat Gujarat Airport,IN,Surat
STW,Stavropol Airport,RU,Moskovskoye
STX,Henry E. Rohlsen Airport,VI,Saint Croix
STY,Salto,UY,Concordia
STZ,Confresa,BR,
SUA,Witham Field,US,Stuart
SUB,Juanda International Airport,ID,Semampirbarat
SUC,Schloredt,US,Sundance
SUD,Stroud,US,Stroud
SUE,Door County,US,Sturgeon Bay
SUF,Lamezia Terme International Airport,IT,Santa Eufemia Lamezia
SUG,Surigao Airport,PH,Mati
SUH,Sur,OM,Sur
SUI,Babusheri,GE,Dranda
SUJ,Satu Mare International Airport,RO,Madaras
SUK,Sakkyryr Airport,RU,Tonghae
SUL,Sui,PK,Dera Bugti
SUM,Sumter Municipal Airport,US,East Sumter
SUN,Friedman Memorial Airport,US,Hailey
SUO,Sun River,US,Sunriver
SUP,Trunojoyo,ID,Sumurasin
SUQ,Sucua,EC,Sucua
SUR,Summer Beaver,CA,
SUS,Spirit of St. Louis Airport,US,Hazelwood
SUT,Sumbawanga,TZ,Sumbawanga
SUU,Travis AFB,US,Vacaville
SUV,Nausori Airport,FJ,Suva
SUW,Richard I Bong Airport,US,Superior
SUX,Sioux Gateway Airport,US,Sergeant Bluff
SUY,Suntar,RU,Suntar
SUZ,Suria,PG,
SVA,Savoonga Airport,US,Lavrentiya
SVB,Sambava,MG,
SVC,Grant County Airport,US,Hurley
SVD,Argyle International Airport,VC,Kingstown
SVE,Susanville,US,Susanville
SVF,Save,BJ,Save
SVG,Stavanger Airport Sola,NO,Sola
SVH,Statesville Municipal,US,Statesville
SVI,San Vicente,CO,Puerto Rico
SVJ,Helle Airport,NO,Svolvaer
SVK,Silver Creek,BZ,Placencia
SVL,Savonlinna Airport,FI,Savonlinna
SVM,St Pauls,AU,
SVN,Hunter AAF,US,Savannah
SVO,Sheremetyevo International Airport,RU,Khimki
SVP,Kuito (Silva Porto),AO,Cuito
SVQ,Seville Airport,ES,
SVS,Stevens Village,US,
SVT,Savuti,BW,Katima Mulilo
SVU,Savusavu Airport,FJ,
SVV,San Salvador De,VE,
SVW,Sparrevohn AFS,US,
SVX,Koltsovo International Airport,RU,Istok
SVY,Savo,SB,
SVZ,San Antonio,VE,San Antonio del Tachira
SWA,Jieyang Chaoshan Airport,CN,
SWB,Shaw River,AU,
SWC,Stawell,AU,Stawell
SWD,Seward,US,Bear Creek
SWE,Siwea,PG,
SWF,Stewart International Airport,US,Orange Lake
SWG,Satwag,PG,
SWH,Swan Hill,AU,Swan Hill
SWJ,South West Bay,VU,
SWL,Spanish Wells,BS,Spanish Wells
SWM,Suia-Missu,BR,Sinop
SWN,Sahiwal,PK,Sahiwal
SWO,Searcy Field,US,Stillwater
SWP,Swakopmund,NA,
SWQ,Sultan Muhammad Kaharuddin III Airport,ID,Karangbugis
SWR,Silur,PG,
SWS,Swansea Airport,GB,Fairwood Common
SWT,Strezhevoy Airport,RU,Izluchinsk
SWU,Suwon,KR,Suwon-si
SWV,Severo-Evensk Airport,RU,Evensk
SWW,Sweetwater,US,Sweetwater
SWX,Shakawe,BW,Shakawe
SWY,Sitiawan,MY,Lumut
SXA,Sialum,PG,Finschhafen
SXB,Strasbourg Airport,FR,
SXC,Avalo Vor/WP,US,
SXE,Sale,AU,Sale
SXF,Schonefeld Airport,DE,Schonefeld
SXG,Senanga,ZM,Senanga
SXH,Sehulea,PG,
SXI,Sirri Island,IR,Abu Musa
SXJ,Shanshan,CN,Shanshan
SXK,Saumlaki Olilit Airport,ID,Tual
SXL,Sligo,IE,
SXM,Princess Juliana International Airport,SX,Marigot
SXN,Suapan,BW,Dukwe
SXO,Sao Felix Do Araguaia,BR,Gurupi
SXP,Sheldon Sea Plane Base,US,
SXQ,Soldotna,US,Soldotna
SXR,Srinagar International Airport,IN,Soyibug
SXS,Sahabat 16,MY,Larap
SXT,Taman Negara,MY,Kuala Lipis
SXU,Soddu,ET,Boditi
SXV,Salem,IN,Salem
SXW,Sauren,PG,
SXX,Sao Felix Do Xingu,BR,Sao Felix do Xingu
SXY,Sidney,US,Sidney
SXZ,Siirt Airport,TR,Civankan
SYA,Shemya AFB,US,Tilichiki
SYB,Seal Bay,US,
SYC,Shiringayoc,PE,San Lorenzo
SYD,Sydney (Kingsford Smith) Airport,AU,
SYE,Sadah,YE,Saqayn
SYF,Silva Bay,CA,
SYH,Syangboche,NP,Namche Bazar
SYI,Bomar Field,US,Shelbyville
SYJ,Sirjan,IR,Sirjan
SYK,Stykkisholmur,IS,Stykkisholmur
SYL,Roberts AAF,US,San Miguel
SYM,Pu'er Simao Airport,CN,Simao
SYN,Carleton,US,Stanton
SYO,Shonai Airport,JP,Tsuruoka
SYP,Santiago,PA,Santiago de Veraguas
SYQ,Tobias Bolaños International,CR,San Rafael
SYR,Hancock International Airport,US,North Syracuse
SYS,Saskylakh Airport,RU,
SYT,Charolais Bourgogne S.,FR,Saint-Yan
SYU,Warraber Island,AU,
SYV,Sylvester,US,Sylvester
SYW,Sehwen Sharif,PK,Sehwan
SYX,Sanya Phoenix International Airport,CN,
SYY,Stornoway Airport,GB,Stornoway
SYZ,Shiraz International Airport,IR,Shiraz
SZA,Soyo Airport,AO,Soio
SZB,Sultan Abdul Aziz Shah Airport,MY,Kampung Baru Subang
SZC,Guanacaste,CR,
SZE,Semera Airport,ET,Dubti
SZF,Samsun-Carsamba Airport,TR,Dikbiyik
SZG,W. A. Mozart Salzburg Airport,AT,
SZH,Senipah,ID,Samboja
SZI,Zaisan,KZ,Zaysan
SZJ,Siguanea,CU,Nueva Gerona
SZK,Skukuza Airport,ZA,
SZL,Whiteman AFB,US,Warrensburg
SZM,Sesriem,NA,Maltahohe
SZN,Santa Cruz Island,US,Isla Vista
SZP,Oxnard,US,Santa Paula
SZQ,Saenz Pena,AR,Caseros
SZR,Stara Zagora,BG,Stara Zagora
SZS,Stewart Island,NZ,Bluff
SZT,San Cristobal Airport,MX,Mitziton
SZU,Segou,ML,Segou
SZV,Suzhou,CN,Shuangta
SZW,Parchim Airport,DE,Domsuhl
SZX,Shenzhen Bao'an International Airport,CN,Fuyong
SZY,Port Lotniczy Olsztyn-Mazury,PL,Szymany
SZZ,Goleniow Airport,PL,Goleniow
TAA,Tarapaina,SB,Taro'a
TAB,A.N.R. Robinson International Airport,TT,Scarborough
TAC,D. Z. Romualdez Airport,PH,Panalanoy
TAD,Las Animas,US,Trinidad
TAE,Daegu International Airport,KR,Daegu
TAF,Tafaraoui,DZ,Es Senia
TAG,Bohol-Panglao,PH,Tagbilaran City
TAH,Tanna Airport,VU,Isangel
TAI,Al Janad,YE,Dhi as Sufal
TAJ,Tadji,PG,
TAK,Takamatsu Airport,JP,Takamatsu-shi
TAL,Ralph Calhoun,US,
TAM,Tampico International Airport,MX,Tampico
TAN,Tangalooma,AU,Woorim
TAO,Qingdao Liuting International Airport,CN,
TAP,Tapachula International Airport,MX,Tapachula
TAQ,Tarcoola,AU,Coober Pedy
TAR,M. A. Grottag,IT,Monteiasi
TAS,Yuzhny Airport,UZ,Tashkent
TAT,Poprad/Tatry Airport,SK,Svit
TAU,Tauramena,CO,Tauramena
TAV,Tau Island Airport,AS,Ta`u
TAW,Tacuarembo,UY,Tacuarembo
TAX,Taliabu,ID,Bobong
TAY,Tartu Airport,EE,Ulenurme
TAZ,Dashoguz,TM,Dasoguz
TBA,Tabibuga,PG,
TBB,Tuy Hoa Airport,VN,Tuy Hoa
TBC,Tuba City,US,Tuba City
TBD,Timbiqui,CO,Timbiqui
TBE,Timbunke,PG,Angoram
TBF,Tabiteuea North,KI,
TBG,Tabubil Airport,PG,
TBH,Romblon,PH,Tugdan
TBI,New Bright,BS,Arthur's Town
TBJ,Tabarka,TN,Tabarka
TBK,Timber Creek,AU,
TBL,Tableland,AU,
TBM,Tumbang Samba,ID,Halimaung Jaya (F-3)
TBN,Forney AAF,US,Fort Leonard Wood
TBO,Tabora Airport,TZ,Tabora
TBP,Capitan FAP Pedro Canga Rodriguez Airport,PE,Tumbes
TBQ,Tarabo,PG,
TBR,Statesboro-Bulloch County Airport,US,Statesboro
TBS,Tbilisi International Airport,GE,Didi Lilo
TBT,Tabatinga International Airport,BR,Tabatinga
TBU,Fua'amotu International Airport,TO,Vaini
TBV,Tabal,MH,Ailuk
TBW,Tambov Donskoye Airport,RU,Tambov
TBX,Tambelan Airport,ID,Pulo Batal
TBY,Tsabong,BW,Tshabong
TBZ,Tabriz Airport,IR,Tabriz
TCA,Tennant Creek,AU,Tennant Creek
TCB,Treasure Cay Airport,BS,Cooper's Town
TCC,Tucumcari,US,Tucumcari
TCD,Tarapaca,CO,Tarapaca
TCE,Tulcea,RO,Tulcea
TCF,Tocoa,HN,Tocoa
TCG,Tacheng,CN,Qaxa
TCH,Tchibanga,GA,Tchibanga
TCI,Terney Airport,RU,Terney
TCJ,Torembi Airport,PG,
TCK,Tinboli Airport,PG,Ambunti
TCL,Van De Graaf,US,Northport
TCM,McChord AFB,US,Steilacoom
TCN,Tehuacan,MX,San Isidro Vista Hermosa
TCO,La Florida Airport,CO,Tumaco
TCP,Taba International,EG,
TCQ,Tacna Airport,PE,Tacna
TCR,Tuticorin Airport,IN,Korampallam
TCS,Truth or Consequences,US,Truth or Consequences
TCT,Takotna,US,
TCU,Thaba Nchu,ZA,Thaba Nchu
TCV,Torch Cay Airport,BS,
TCW,Tocumwal,AU,Finley
TCX,Tabas,IR,Tabas
TCY,Terrace Bay,NA,Khorixas
TCZ,Tengchong Tuofeng Airport,CN,Tengyue
TDA,Trinidad,CO,San Luis de Palenque
TDB,Tetabedi,PG,
TDD,Teniente Jorge Henrich Arauz Airport,BO,Trinidad
TDG,Tandag,PH,Socorro
TDJ,Tadjoura,DJ,Tadjoura
TDK,Taldy-Kurgan,KZ,Taldykorgan
TDL,Tandil,AR,Tandil
TDN,Theda Station,AU,
TDO,Winlock,US,Winlock
TDP,Trompeteros,PE,Marigot
TDR,Theodore,AU,
TDS,Sasereme,PG,
TDT,Tanda Tula,ZA,
TDV,Tanandava,MG,Manja
TDW,Tradewind,US,Amarillo
TDX,Trat Airport,TH,Laem Ngop
TDZ,Toledo,US,Toledo
TEA,Tela,HN,Tela
TEB,Teterboro Airport,US,Moonachie
TEC,Telemaco Borba,BR,Telemaco Borba
TED,Thisted,DK,Hanstholm
TEE,Cheikh Larbi Tebessi Airport,DZ,Tebessa
TEF,Telfer Airport,AU,
TEG,Tenkodogo,BF,Tenkodogo
TEH,Tetlin,US,
TEI,Tezu,IN,Tezu
TEK,Tatitlek,US,
TEL,Telupid,MY,Ranau
TEM,Temora,AU,Junee
TEN,Tongren Airport,CN,Chatian
TEO,Terapo,PG,Kerema
TEP,Teptep,PG,
TEQ,Corlu,TR,Tekirdag
TER,Lajes Field,PT,Praia da Vitoria
TES,Tessenei,ER,Teseney
TET,Matundo Airport,MZ,Tete
TEU,Manapouri,NZ,Te Anau
TEV,Teruel Airport,ES,Cella
TEX,Telluride Regional,US,
TEY,Thingeyri,IS,Isafjoerdur
TEZ,Tezpur Airport,IN,Tezpur
TFB,Tifalmin,PG,
TFF,Tefe Airport,BR,Tefe
TFI,Tufi,PG,
TFL,Teofilo Otoni,BR,Teofilo Otoni
TFM,Telefomin,PG,
TFN,Tenerife North Airport,ES,La Laguna
TFR,Ramadan,EG,Al Khankah
TFS,Tenerife South Airport,ES,San Isidro
TFT,Taftan,PK,Khash
TFU,Chengdu Tianfu International Airport,CN,Jiancheng
TFY,Muhammad Taufiq Kiemas Airport,ID,Krui
TGA,Tengah Air Base,SG,Johor Bahru
TGB,Tagbita,PH,Susupu
TGC,Tanjung Manis Airport,MY,Sarikei
TGD,Podgorica Airport,ME,Mojanovici
TGE,Sharpe Field,US,Tuskegee
TGG,Sultan Mahmud Airport,MY,Kuala Terengganu
TGH,Tongoa,VU,
TGI,Tingo Maria,PE,Tingo Maria
TGJ,Tiga,NC,Tadine
TGK,Taganrog,RU,Taganrog
TGL,Tagula,PG,Samarai
TGM,Transilvania,RO,Sancraiu de Mures
TGN,La Trobe Regional,AU,Traralgon
TGO,Tongliao Airport,CN,Tongliao
TGP,Podkamennaya Tunguska Airport,RU,Podkamennaya Tunguska
TGQ,Tangara da Serra,BR,Nova Olimpia
TGR,Touggourt Airport,DZ,Touggourt
TGS,Chokwe,MZ,Chokwe
TGT,Tanga Airport,TZ,Tanga
TGU,Toncontin Airport,HN,Tegucigalpa
TGV,Targovishte,BG,Suedinenie
TGZ,Angel Albino Corzo International Airport,MX,Ignacio Allende
THA,Tullahoma/William Northern Field,US,
THB,Thaba-Tseka,LS,Bergville
THC,Tchien,LR,Zwedru
THD,Bai Thuong Airport,VN,Thi Tran Tho Xuan
THE,Teresina Airport,BR,Teresina
THG,Thangool,AU,
THH,Taharoa,NZ,Raglan
THI,Tichitt,MR,'Ayoun el 'Atrous
THK,Thakhek,LA,Thakhek
THL,Tachilek Airport,MM,Mae Sai
THM,Thompsonfield,US,Mexico
THN,Trollhattan Airport,SE,Trollhattan
THO,Thorshofn,IS,
THP,Hot Springs,US,Thermopolis
THQ,Maijishan,CN,Beidao
THR,Mehrabad International Airport,IR,Tehran
THS,Sukhothai Airport,TH,Si Samrong
THT,Tamchakett,MR,Kiffa
THU,Pituffik Airport,GL,
THV,York Airport,US,Valley View
THW,Harbour SPB,LK,
THX,Turukhansk Airport,RU,Turukhansk
THY,Thohoyandou,ZA,Thohoyandou
THZ,Tahoua,NE,Tahoua
TIA,Tirana International Airport,AL,Preze
TIB,Tibu,CO,Tibu
TIC,Tinak Island,MH,Arno
TID,Bouchekif Abde Al-hafidh Boussof,DZ,Tiaret
TIE,Tippi,ET,Tippi
TIF,Taif Airport,SA,Ta'if
TIG,Tingwon,PG,
TIH,Tikehau Atoll Airport,PF,
TII,Tirinkot,AF,Tarinkot
TIJ,Tijuana Airport,MX,Tijuana
TIK,Tinker AFB,US,Midwest City
TIL,Inverlake,CA,Bembridge
TIM,Timika Airport,ID,Mapurujaya
TIN,Tindouf Airport,DZ,Tindouf
TIO,Tilin,MM,Nay Pyi Taw
TIP,Tripoli International Airport,LY,Al 'Aziziyah
TIQ,Tinian International,MP,San Jose Village
TIR,Tirupati Airport,IN,Renigunta
TIS,Thursday Island,AU,
TIU,Timaru Airport,NZ,Timaru
TIV,Tivat Airport,ME,Tivat
TIW,Industrial,US,Wollochet
TIX,Space Coast Regional,US,Port Saint John
TIY,Tidjikja,MR,Tidjikja
TIZ,Tari Airport,PG,Tari
TJA,Capitan Oriel Lea Plaza Airport,BO,Tarija
TJB,Tanjung Balai,ID,Tanjungbalai
TJC,Ticantiki,PA,Nargana
TJG,Tanjung Warukin,ID,Simpang
TJH,Tajima,JP,Toyooka
TJI,Capiro,HN,Trujillo
TJK,Tokat,TR,Yesilyurt
TJL,Três Lagoas Airport,BR,Tres Lagoas
TJM,Roshchino International Airport,RU,Moskovskiy
TJN,Takume,PF,Atuona
TJQ,Bulutumbang Airport,ID,Tanjung Pandan
TJS,Tanjung Selor,ID,Tanjung Palas
TJU,Kulyab Airport,TJ,Kulob
TJV,Thanjavur,IN,Thanjavur
TKA,Talkeetna,US,
TKB,Tekadu,PG,
TKC,Tiko,CM,Mutengene
TKD,Takoradi Airport,GH,
TKE,Tenakee SPB,US,Sitka
TKF,Truckee-Tahoe,US,Truckee
TKG,Radin Inten II Airport,ID,Natar
TKH,Nakhon Sawan,TH,Takhli
TKI,Tokeen,US,
TKJ,Tok,US,
TKK,Chuuk International Airport,FM,Weno Town
TKL,Taku SPB,US,
TKM,El Peten,GT,
TKN,Tokunoshima,JP,Naze
TKO,Tlokoeng,LS,Mokhotlong
TKP,Takapoto,PF,
TKQ,Kigoma Airport,TZ,Kigoma
TKR,Thakurgaon,BD,Thakurgaon
TKS,Tokushima Awaodori Airport,JP,Narutocho-mitsuishi
TKT,Tak,TH,Tak
TKU,Turku Airport,FI,Turku
TKV,Tatakoto,PF,
TKW,Tekin,PG,Porgera
TKX,Takaroa,PF,Tautira
TKY,Turkey Creek,AU,
TKZ,Tokoroa,NZ,Tokoroa
TLA,Teller Airport,US,
TLB,Tarbela,PK,Khalabat
TLC,Toluca International Airport,MX,Toluca
TLD,Limpopo Valley,BW,Mathathane
TLE,Tulear,MG,Toliara
TLF,Telida,US,Y
TLG,Tulagi Island,SB,Tulaghi
TLH,Tallahassee International Airport,US,Tallahassee
TLI,Tolitoli,ID,Tolitoli
TLJ,Tatalina AFS,US,
TLK,Talakan,RU,Vitim
TLL,Tallinn Airport,EE,Tallinn
TLM,Zenata Airport,DZ,Remchi
TLN,Hyeres Airport,FR,
TLO,Tol,PG,
TLP,Tumolbil,PG,
TLQ,Turpan Jiaohe Airport,CN,Laochenglu
TLR,Mefford Field,US,Tulare
TLS,Toulouse-Blagnac Airport,FR,Blagnac
TLT,Tuluksak Airport,US,
TLU,Tolu,CO,Tolu
TLV,Ben Gurion International Airport,IL,Kefar Habad
TLW,Talasea,PG,
TLX,Talca,CL,Talca
TLY,Plastun Airport,RU,Plastun
TLZ,Catalao,BR,Catalao
TMA,Henry Tift Myers,US,Unionville
TMB,Tamiami,US,Country Walk
TMC,Tambolaka Airport,ID,Maredakamau
TMD,Timbedra,MR,Nema
TME,Gabriel Vargas Santos Airport,CO,Tame
TMF,Thimarafushi Airport,MV,Veymandoo
TMG,Tomanggong,MY,Lahad Datu
TMH,Tanahmerah,ID,Tanahmerah
TMI,Tumling Tar Airport,NP,
TMJ,Termez Airport,UZ,Tirmiz
TMK,Tamky,VN,Tam Ky
TML,Tamale Airport,GH,Tamale
TMM,Tamatave,MG,Toamasina
TMN,Tamana Island,KI,Toga Village
TMO,Tumeremo,VE,Guasipati
TMP,Tampere-Pirkkala Airport,FI,Pirkkala
TMQ,Tambao,BF,Tin-Akoff
TMR,Aguenar - Hadj Bey Akhamok Airport,DZ,Tamanrasset
TMS,Sao Tome Island Airport,ST,Sao Tome
TMT,Trombetas,BR,Abidos
TMU,Tambor Airport,CR,Paquera
TMW,Tamworth Airport,AU,Phillip
TMX,Timimoun Airport,DZ,Timimoun
TMY,Tiom,ID,Karubaga
TMZ,Thames,NZ,Thames
TNA,Jinan Yaoqiang International Airport,CN,Jinan
TNB,Tanah Grogot,ID,Tanahgrogot
TNC,Tin City Afs,US,
TND,Trinidad,CU,Trinidad
TNE,Tanegashima,JP,Nishinoomote
TNF,Toussus-le-noble,FR,Villiers-le-Bacle
TNG,Tangier Ibn Battouta Airport,MA,Boukhalef
TNH,Tonghua Sanyuanpu Airport,CN,Hulutao
TNI,Satna,IN,Satna
TNJ,Kidjang Airport,ID,Tanjungpinang
TNK,Tununak,US,
TNL,Ternopol,UA,Ternopil'
TNM,Teniente R. Marsh Martin,AQ,Stanley
TNN,Tainan Airport,TW,Tainan
TNO,Tamarindo,CR,Santa Cruz
TNP,Twentynine Palms,US,Twentynine Palms
TNQ,Teraina,KI,
TNR,Antananarivo Airport,MG,Antananarivo
TNS,Tungsten,CA,
TNT,Dade Collier,US,Miami
TNU,Newton Municipal Airport,US,Newton
TNV,Tabuaeran,KI,Napari Village
TNW,Jumandy,EC,
TNX,Stung Treng,KH,Stung Treng
TNZ,Tosontsengel,MN,Tosontsengel
TOA,Torrance Airport,US,Torrance
TOB,Tobruk,LY,Tobruk
TOC,Toccoa RG Letourneau Field,US,Toccoa
TOD,Tioman,MY,Kampung Tekek
TOE,Tozeur Airport,TN,Tozeur
TOF,Tomsk Airport,RU,Tomsk
TOG,Togiak Village,US,
TOH,Torres Airstrip,VU,
TOI,Troy Municipal Airport,US,Troy
TOJ,Torrejon AFB,ES,San Fernando de Henares
TOK,Torokina,PG,
TOL,Toledo Express Airport,US,Whitehouse
TOM,Tombouctou,ML,Timbuktu
TON,Tonu,PG,
TOO,San Vito,CR,San Vito
TOP,Philip Billard,US,Topeka
TOQ,Barriles,CL,Tocopilla
TOR,Torrington Municipal Airport,US,Torrington
TOS,Tromso/Langnes Airport,NO,Tromso
TOT,Coronie,SR,Totness
TOU,Touho,NC,Touho
TOV,West End SPB,VG,
TOW,Toledo,BR,Toledo
TOX,Tobolsk,RU,Tobol'sk
TOY,Toyama Airport,JP,Toyama-shi
TOZ,Touba,CI,Touba
TPA,Tampa International Airport,US,Egypt Lake-Leto
TPC,Tarapoa,EC,Montalvo
TPE,Taiwan Taoyuan International Airport,TW,Taoyuan City
TPF,Peter O'Knight,US,Tampa
TPG,Taiping,MY,Taiping
TPH,Tonopah Airport,US,
TPI,Tapini,PG,
TPJ,Taplejung Suketar,NP,
TPK,Tapaktuan,ID,Tapaktuan
TPL,Draughon-miller Central Texas Regional,US,Morgans Point Resort
TPN,Tiputini,EC,Pantoja
TPO,Tanalian Point,US,Anchor Point
TPP,Cad. FAP Guillermo del Castillo Paredes Airport,PE,Tarapoto
TPQ,Tepic Airport,MX,Tepic
TPR,Tom Price,AU,
TPS,Trapani-Birgi Airport,IT,Marsala
TPT,Tapeta,LR,Toulepleu Guere
TPU,Tikapur,NP,Tikapur
TPX,Tupai,PF,Faanui
TQD,Al Taqaddum AB,IQ,Al Fallujah
TQL,Tarko-Sale,RU,Tarko-Sale
TQN,Taluqan,AF,Taloqan
TQO,Aeropuerto Internacional de Tulum Felipe Carrillo Puerto,MX,Tulum
TQP,Trepell Airport,AU,
TQQ,Maranggo Airport,ID,Lasehao
TQR,San Domino Island,IT,Isole Tremiti
TQS,Tres Esquinas,CO,Solano
TRA,Tarama,JP,Hirara
TRB,Gonzalo,CO,Turbo
TRC,Francisco Sarabia International Airport,MX,Torreon
TRD,Trondheim Airport Vaernes,NO,Stjordal
TRE,Tiree Airport,GB,Barra
TRF,Torp Sandefjord Airport,NO,Sandefjord
TRG,Tauranga City Airport,NZ,Tauranga
TRH,Trona,US,Searles Valley
TRI,Tri-Cities Regional Airport,US,Spurgeon
TRJ,Tarakbits,PG,Mindiptana
TRK,Juwata International Airport,ID,Tarakan
TRL,Terrell Field,US,Terrell
TRM,Thermal,US,East Hemet
TRN,Turin Airport,IT,Caselle Torinese
TRO,Taree Airport,AU,Cundletown
TRP,Tree Point Heliport,US,
TRQ,Tarauaca,BR,Tarauaca
TRR,China Bay,LK,Trincomalee
TRS,Trieste - Friuli Venezia Giulia Airport,IT,Ronchi dei Legionari
TRT,Tremonton,US,Tremonton
TRU,Trujillo Airport,PE,Huanchaco
TRV,Trivandrum International Airport,IN,Thiruvananthapuram
TRW,Bonriki Airport,KI,Betio Village
TRX,Memorial,US,Trenton
TRY,Tororo,UG,Tororo
TRZ,Tiruchirapalli International Airport,IN,Tiruchirappalli
TSA,Taipei Songshan Airport,TW,Taipei
TSB,Tsumeb,NA,Tsumeb
TSC,Taisha,EC,Taisha
TSD,Tshipise,ZA,Messina
TSF,Treviso Airport,IT,Treviso
TSG,Intermediate,US,
TSH,Tshikapa,CD,Tshikapa
TSI,Tsili Tsili,PG,
TSJ,Tsushima Airport,JP,Busan
TSK,Taskul,PG,Kavieng
TSL,Tamuin,MX,Tamuin
TSM,Taos,US,Taos
TSN,Tianjin Binhai International Airport,CN,
TSO,Tresco,GB,Hugh Town
TSP,Kern County,US,Tehachapi
TSQ,Torres,BR,Torres
TSR,Timisoara Traian Vuia International Airport,RO,Giarmata-Vii
TSS,East 34th St Heliport,US,East Newark
TST,Trang Airport,TH,Trang
TSU,Tabiteuea South,KI,Temaiku Village
TSV,Townsville Airport,AU,Townsville
TSW,Tsewi,PG,
TSX,Tanjung Santan,ID,Bontang Baru
TSY,Tasikmalaya,ID,Jati
TSZ,Tsetserleg,MN,Jargalant
TTA,Tan Tan Airport,MA,Tan-Tan
TTB,Arbatax,IT,Tortoli
TTC,Taltal,CL,Taltal
TTD,Troutdale,US,La Center
TTE,Babullah Airport,ID,Ternate
TTG,Tartagal,AR,Tartagal
TTH,Thumrait,OM,Salalah
TTI,Tetiaroa Island,PF,Mahina
TTJ,Tottori Airport,JP,Tottori
TTL,Turtle Island,FJ,
TTM,Tablon De Tamara,CO,Pore
TTN,Trenton-Mercer Airport,US,Ewing
TTO,Britton Municipal Airport,US,Britton
TTQ,Tortuquero,CR,Cariari
TTR,Tana Toraja,ID,Tangratte
TTS,Tsaratanana,MG,
TTT,Taitung Airport,TW,Taitung City
TTU,Sania Ramel,MA,Tetouan
TTW,Tissa Tank,LK,Wattegama
TTX,Mungalalu Truscott Airbase,AU,
TUA,Tulcan,EC,Tulcan
TUB,Tubuai,PF,Moerai
TUC,Benj Matienzo,AR,San Miguel de Tucuman
TUD,Tambacounda,SN,Tambacounda
TUE,Tupile,PA,Nombre de Dios
TUF,Val de Loire Airport,FR,Parcay-Meslay
TUG,Tuguegarao Airport,PH,Carig
TUH,Arnold AFS,US,Tullahoma
TUI,Turaif Airport,SA,Turayf
TUJ,Tum,ET,Bako
TUK,Turbat Airport,PK,Turbat
TUL,Tulsa International Airport,US,Owasso
TUM,Tumut,AU,Tumut
TUN,Tunis-Carthage International Airport,TN,Ariana
TUO,Taupo Airport,NZ,Taupo
TUP,Tupelo Regional Airport,US,Tupelo
TUQ,Tougan,BF,Tougan
TUR,Tucurui,BR,Tucurui
TUS,Tucson International Airport,US,Summit
TUT,Tauta,PG,
TUU,Tabuk Regional Airport,SA,Tabuk
TUV,Tucupita,VE,Tucupita
TUW,Tubala,PA,Mulatupo
TUX,Tumbler Ridge,CA,Tumbler Ridge
TUY,Tulum,MX,Tulum
TUZ,Tucuma,BR,Tupa
TVA,Morafenobe,MG,Mahabe
TVC,Cherry Capital Airport,US,Traverse City
TVF,Thief River Falls Regional Airport,US,Thief River Falls
TVI,Thomasville Municipal Airport,US,Thomasville
TVL,South Lake Tahoe,US,South Lake Tahoe
TVS,Tangshan Sannuhe Airport,CN,Fengrun
TVU,Matei Airport,FJ,Lambasa
TVY,Dawe Airport,MM,Dawei
TWA,Twin Hills,US,
TWB,Toowoomba,AU,Wilsonton Heights
TWC,Tumxuk Tangwangcheng Airport,CN,Aqal
TWD,Port Townsend,US,Port Townsend
TWE,Taylor,US,
TWF,Magic Valley Regional Airport,US,Twin Falls
TWH,Two Harbors,US,Avalon
TWN,Tewantin,AU,Noosaville
TWP,Torwood,AU,
TWT,Tawitawi,PH,Bongao
TWU,Tawau Airport,MY,Tawau
TWY,Tawa,PG,
TWZ,Pukaki/Twizel,NZ,Pleasant Point
TXC,Balbasovo Air Base,BY,Orsha
TXE,Rembele Airport,ID,Simpang Teritit
TXF,Teixeira de Freitas Airport,BR,Teixeira
TXG,Taichung,TW,Taichung
TXK,Texarkana Municipal Airport,US,Texarkana
TXL,Tegel Airport,DE,Tegel
TXM,Teminabuan,ID,Teminabuan
TXN,Huangshan Tunxi International Airport,CN,Yiqi
TXR,Tanbar,AU,
TXU,Tabou,CI,Tabou
TYA,Tula,RU,Tula
TYB,Tibooburra,AU,
TYC,Taiyuan Yaocheng Airport,CN,Mengfeng
TYD,Tynda Airport,RU,Tynda
TYE,Tyonek,US,Nikiski
TYF,Torsby Airport,SE,Torsby
TYG,Thylungra,AU,
TYL,Captain FAP Victor Montes Arias Airport,PE,Talara
TYM,Staniel Cay,BS,Black Point
TYN,Taiyuan Wusu International Airport,CN,Xiaodian
TYP,Tobermorey,AU,
TYR,Tyler Pounds Regional Airport,US,Chandler
TYS,McGhee Tyson Airport,US,Alcoa
TYT,Treinta-y-Tres,UY,Treinta y Tres
TYZ,Taylor,US,Taylor
TZA,Municipal,BZ,Belize City
TZC,Tuscola Area,US,Caro
TZL,Tuzla International Airport,BA,Svojat
TZM,Tizimin,MX,Tizimin
TZN,South Andros,BS,Andros Town
TZO,Tsimiroro,MG,
TZX,Trabzon Airport,TR,Trabzon
UAB,Adana-Incirlik Airbase,TR,Yuregir
UAC,San Luis Rio Colorado,MX,San Luis Rio Colorado
UAE,Mount Aue,PG,Minj
UAH,Ua Huka,PF,
UAI,Suai,TL,Suai
UAK,Narsarsuaq Airport,GL,Narsaq
UAL,Luau,AO,Luau
UAM,Andersen AFB,GU,Hagatna Village
UAP,Ua Pou,PF,Taiohae
UAQ,San Juan Airport,AR,San Juan
UAR,Bouarfa,MA,
UAS,Samburu,KE,Isiolo
UAX,Uaxactun,GT,San Jose
UBA,Uberaba Airport,BR,Uberaba
UBB,Mabuiag Island,AU,
UBI,Buin,PG,Panguna
UBJ,Yamaguchi Ube Airport,JP,Ube
UBN,New Ulaanbaatar International Airport,MN,Zuunmod
UBP,Ubon Ratchathani International Airport,TH,Ubon Ratchathani
UBR,Ubrub,ID,
UBS,Lowndes County,US,Columbus
UBT,Ubatuba,BR,Ubatuba
UBU,Kalumburu,AU,
UCA,Oneida County,US,Clark Mills
UCB,Ulanqab Jining Airport,MN,Jining
UCC,Yucca Flat,US,Beatty
UCE,Eunice,US,Eunice
UCK,Lutsk,UA,Luts'k
UCN,Buchanan,LR,Buchanan
UCT,Ukhta Airport,RU,Sosnogorsk
UCY,Everett-Stewart,US,Union City
UDA,Undarra,AU,Ravenshoe
UDD,Bermuda Dunes,US,Bermuda Dunes
UDE,Volkel,NL,Uden
UDI,Uberlandia-Ten. Cel. Av. Cesar Bombonato Airport,BR,Uberlandia
UDJ,Uzhgorod,UA,Uzhhorod
UDN,Airfield,IT,Pasian di Prato
UDO,Udomxay,LA,Muong Xen
UDR,Maharana Pratap Airport,IN,Udaipur
UEE,Queenstown,AU,Queenstown
UEL,Quelimane Airport,MZ,Quelimane
UEN,Urengoy,RU,Urengoy
UEO,Kume-jima Airport,JP,Naha-shi
UER,Puertollano,ES,Puertollano
UES,Waukesha,US,Waukesha
UET,Quetta Airport,PK,Kot Malik
UFA,Ufa International Airport,RU,Avdon
UGA,Bulgan,MN,Bulgan
UGB,Ugashik Bay,US,
UGC,Urgench Airport,UZ,Urganch
UGI,Uganik,US,
UGL,Union Glacier Blue-Ice Runway,AQ,
UGN,Memorial,US,Waukegan
UGO,Uige,AO,Uige
UGS,Ugashik,US,
UGT,Umnugobitour,MN,Dalandzadgad
UGU,Zugapa,ID,Beoga
UHE,Kunovice,CZ,Uherske Hradiste
UHS,Aleksandrovsk-Sakhalinskiy Airport,RU,Aleksandrovsk-Sakhalinskiy
UHT,Ummahat Water Aerodrome,SA,
UIB,El Carano Airport,CO,Quibdo
UIH,Phu Cat Airport,VN,Qui Nhon
UII,Utila,HN,Corozal
UIK,Ust-Ilimsk,RU,Ust'-Ilimsk
UIL,Quillayute State,US,Forks
UIN,Quincy Municipal Airport,US,Payson
UIO,Mariscal Sucre International Airport,EC,Quito
UIP,Pluguffan Airport,FR,Pluguffan
UIQ,Quine Hill,VU,
UIR,Quirindi,AU,Quirindi
UIT,Jaluit Island,MH,Jabor
UIZ,Berz-Macomb,US,Utica
UJE,Ujae Island,MH,Ujae
UJN,Uljin,KR,Cheongsong gun
UJU,Uiju Airfield,KP,Uiju
UKA,Ukunda Airport,KE,Gazi
UKB,Kobe Airport,JP,Kobe
UKE,Utkela Airport,IN,Utkela
UKG,Ust-Kuiga,RU,Ust-Kuyga
UKH,Mukhaizna,OM,Hayma'
UKI,Ukiah,US,Ukiah
UKK,Ust-Kamenogorsk Airport,KZ,Belusovka
UKN,Waukon Municipal Airport,US,Waukon
UKR,Mukeiras,YE,Mukayras
UKS,Belbek,KX,Inkerman
UKT,Upper Bucks,US,Quakertown
UKU,Nuku,PG,
UKX,Ust-Kut Airport,RU,Ust'-Kut
UKY,Kyoto,JP,Kyoto
ULA,San Julian,AR,San Julian
ULB,Ulei,VU,Lakatoro
ULC,Los Cerrillos,CL,Lo Prado
ULD,Ulundi,ZA,Ulundi
ULE,Sule,PG,Kokopo
ULG,Ulgit,MN,OElgiy
ULH,Prince Abdul Majeed bin Abdulaziz Airport,SA,Al 'Ula
ULI,Ulithi,FM,Fais
ULK,Lensk Airport,RU,Lensk
ULL,Mull,GB,Isle Of Mull
ULM,New Ulm,US,New Ulm
ULN,Chinggis Khaan International Airport,MN,
ULO,Ulaangom,MN,Ulaangom
ULP,Quilpie,AU,
ULQ,Farfan,CO,Tulua
ULS,Mulatos,CO,Necocli
ULU,Gulu,UG,Gulu
ULV,Baratayevka,RU,
ULX,Ulusaba,ZA,Thulamahashi
ULY,Ulyanovsk Vostochny Airport,RU,Isheyevka
ULZ,Uliastai,MN,Uliastay
UMA,Punta De Maisi,CU,Maisi
UMB,North Shore,US,
UMC,Umba,PG,
UMD,Uummannaq,GL,Uummannaq
UME,Umea Airport,SE,Umea
UMI,Quincemil,PE,Quince Mil
UMM,Summit,US,Healy
UMR,Woomera,AU,Roxby Downs
UMS,Ust-Maya,RU,Ust-Maya
UMT,Umiat,US,
UMU,Ernesto Geisel,BR,Umuarama
UMY,Sumy,UA,Sumy
UMZ,Mena Intermountain Municipal Airport,US,Mena
UNA,Una,BR,Una
UNC,Unguia,CO,Ungia
UND,Kunduz,AF,Kunduz
UNE,Qachas Nek,LS,Zastron
UNG,Kiunga,PG,Kiunga
UNI,Union Island,VC,
UNK,Unalakleet Airport,US,
UNN,Ranong Airport,TH,Ranong
UNR,Underkhaan,MN,Undurkhaan
UNS,Umnak,US,Unalaska
UNT,Baltasound,GB,
UNU,Dodge County,US,Juneau
UOA,Mururoa Airstrip,PF,
UOL,Buol,ID,Kali
UON,Muong Sai,LA,Muang Xay
UOS,Franklin County,US,Sewanee
UOX,University-Oxford,US,University
UPA,Punta Alegre,CU,Chambas
UPB,Playa Baracoa,CU,Bauta
UPG,Sultan Hasanuddin International Airport,ID,Makassar
UPL,Upala,CR,Bijagua
UPN,Licenciado y General Ignacio Lopez Rayon Airport,MX,Uruapan
UPP,Upolu Point,US,Hawi
UPR,Upiara,PG,
UPV,Upavon,GB,Rushall
UQE,Queen,US,
URA,Uralsk Airport,KZ,Oral
URB,Ernesto Pochler,BR,Castilho
URC,Urumqi Diwopu International Airport,CN,
URD,Burg Feuerstein,DE,Ebermannstadt
URE,Kuressaare Airport,EE,Kuressaare
URG,Ruben Berta Airport,BR,Uruguaiana
URI,Uribe,CO,Mesetas
URJ,Uraj Airport,RU,Uray
URM,Uriman,VE,
URN,Urgoon,AF,Urgun
URO,Boos,FR,Boos
URR,Urrao,CO,Urrao
URS,Kursk Vostochny Airport,RU,Kursk
URT,Surat Thani Airport,TH,Phunphin
URU,Uroubi,PG,Popondetta
URY,Gurayat Airport,SA,Al Qurayyat
URZ,Uruzgan,AF,Uruzgan
USA,Concord-Padgett Regional Airport,US,Harrisburg
USC,Union County Airport,US,Union
USH,Malvinas Argentinas International Airport,AR,Ushuaia
USI,Mabaruma,GY,Mabaruma
USJ,Usharal,KZ,Sarkand
USK,Usinsk Airport,RU,Usinsk
USL,Useless Loop,AU,Carnarvon
USM,Koh Samui Airport,TH,Ko Samui
USN,Ulsan Airport,KR,Ulsan
USO,Usino,PG,
USQ,Usak,TR,Usak
USR,Ust-Nera Airport,RU,Ust-Nera
USS,Sancti Spiritus,CU,Sancti Spiritus
UST,St. Augustine Airport,US,Villano Beach
USU,Busuanga Airport,PH,
UTA,Mutare,ZW,Mutare
UTB,Muttaburra,AU,
UTC,Soesterberg,NL,De Bilt
UTD,Nutwood Downs,AU,
UTG,Quthing,LS,Quthing
UTH,Udon Thani International Airport,TH,Udon Thani
UTI,Utti,FI,Kouvola
UTK,Utirik Island,MH,Utrik
UTL,Torremolinos,ES,Torremolinos
UTM,Tunica Municipalcipal Airport,US,Tunica
UTN,Upington Airport,ZA,Upington
UTO,Indian Mountain AFS,US,
UTP,Utapao Airport,TH,Ban Chang
UTR,Uttaradit,TH,Uttaradit
UTS,Ust-Tsilma,RU,Ust-Tsilma
UTT,Umtata Airport,ZA,Mthatha
UTU,Ustupo,PA,El Porvenir
UTW,Queenstown,ZA,Queenstown
UUA,Bugulma Airport,RU,Bugul'ma
UUD,Ulan-Ude Airport,RU,Zarechnyy
UUK,Kuparuk,US,
UUN,Baruun-Urt,MN,Baruun-Urt
UUS,Yuzhno-Sakhalinsk Airport,RU,Yuzhno-Sakhalinsk
UUU,Manumu,PG,
UVA,Garner Field,US,Uvalde
UVE,Ouvea Airport,NC,Fayaoue
UVF,Hewanorra Airport,LC,Vieux Fort
UVI,União da Vitória Airport,BR,Porto Uniao
UVL,Kharga,EG,Al Kharijah
UVO,Uvol,PG,
UWA,Ware,US,Ware
UYL,Nyala,SD,Nyala
UYN,Yulin Yuyang Airport,CN,Yulin
UYU,Uyuni,BO,Uyuni
UZC,Uzice-Ponikve,RS,Bajina Basta
UZH,Unayzah,SA,Unaizah
UZM,Hope Bay,CA,
UZR,Urzhar Airport,KZ,Urzhar
UZU,Curuzu Cuatia,AR,Curuzu Cuatia
VAA,Vaasa Airport,FI,Ristinummi
VAB,Yavarate,CO,Mitu
VAC,Varrelbusch,DE,Garrel
VAD,Moody AFB,US,
VAF,Chabeuil,FR,Malissard
VAG,Major-Brigadeiro Trompowsky Airport,BR,Varginha
VAH,Vallegrande,BO,Vallegrande
VAI,Vanimo Airport,PG,Vanimo
VAK,Chevak Airport,US,
VAL,Valenca,BR,Valenca
VAM,Villa International Airport Maamigili,MV,Mahibadhoo
VAN,Van Ferit Melen Airport,TR,Van
VAO,Suavanao Airstrip,SB,
VAP,Valparaiso,CL,Valparaiso
VAQ,Vanavara Airport,RU,Vanavara
VAR,Varna Airport,BG,Aksakovo
VAS,Sivas Airport,TR,Sivas
VAT,Vatomandry,MG,Andovoranto
VAU,Vatukoula,FJ,
VAV,Lupepau'u Airport,TO,Neiafu
VAW,Vardoe Airport,NO,Vuorea
VBA,Ann,MM,Minbu
VBC,Mandalay Chanmyathazi Airport,MM,Mandalay
VBG,Vandenberg AFB,US,Lompoc
VBM,Blue Mountain,US,
VBP,Bokpyin Airport,MM,Tha Sae
VBS,Montichiari Airport,IT,Vighizzolo
VBV,Vanuabalavu,FJ,Alo
VBY,Visby Airport,SE,Visby
VCA,Can Tho Airport,VN,Can Tho
VCB,View Cove,US,
VCC,New Vacaria Airport,BR,Vacaria
VCD,Victoria River Downs,AU,Katherine
VCE,Venice Marco Polo Airport,IT,Tessera
VCF,Valcheta Airport,AR,Valcheta
VCH,Vichadero,UY,Isidoro Noblia
VCL,Chu Lai International Airport,VN,Nui Thanh
VCP,Viracopos Airport,BR,Indaiatuba
VCR,Carora,VE,Carora
VCS,Con Dao,VN,Vinh Binh
VCT,County-Foster,US,Victoria
VCV,Southern California Logistics,US,Victorville
VDA,Ovda Airport,IL,Eilat
VDB,Valdres Lufthavn Leirin,NO,Fagernes
VDC,Vitoria Da Conquista Airport,BR,Vitoria da Conquista
VDE,Hierro Airport,ES,Valverde
VDH,Dong Hoi Airport,VN,Kwang Binh
VDI,Vidalia Municipal Airport,US,Vidalia
VDM,Gobernador Edgardo Castello Airport,AR,Viedma
VDO,Van Don,VN,Cam Pha Mines
VDP,Valle De Pascua,VE,Valle de La Pascua
VDR,Villa Dolores,AR,Villa Dolores
VDS,Vadso Airport,NO,Vadso
VDU,Tom O'Connor Oilfield,US,Refugio
VDY,Jindal,IN,Sandur
VDZ,Valdez Municipal Airport,US,Valdez
VEE,Venetie,US,Eielson Air Force Base
VEG,Maikwak,GY,Mahdia
VEL,Vernal Regional Airport,US,Naples
VEO,Severo-Yeniseyskiy Airport,RU,
VER,Veracruz International Airport,MX,Hacienda Sotavento
VEV,Barakoma,SB,Buala
VEX,Tioga Municipal Airport,US,Mansfield
VEY,Vestmannaeyjar,IS,Vestmannaeyjar
VFA,Victoria Falls Airport,ZW,Victoria Falls
VGA,Vijayawada Airport,IN,Gannavaram
VGD,Vologda Airport,RU,Vologda
VGG,Vangrieng,LA,Tolga
VGO,Vigo Airport,ES,Redondela
VGS,General Villegas,AR,General Villegas
VGT,North Air Terminal,US,Paradise
VGZ,Villagarzon,CO,Villagarzon
VHC,Saurimo,AO,Saurimo
VHM,Vilhelmina Airport,SE,Vilhelmina
VHN,Culberson County,US,Van Horn
VHV,Verhnevilyuisk,RU,Verkhnevilyuysk
VHY,Charmeil,FR,Creuzier-le-Vieux
VHZ,Vahitahi,PF,
VIA,Vienna,BR,Videira
VIB,Villa Constitucion,MX,Ciudad Constitucion
VIC,Trissino,IT,
VIE,Vienna International Airport,AT,Fischamend Dorf
VIF,Vieste,IT,Vieste
VIG,El Vigia,VE,El Vigia
VIH,Rolla National,US,Belle
VII,Vinh Airport,VN,Hung Nguyen
VIJ,Virgin Gorda Airport,VG,Tortola
VIK,Airstrip,US,
VIL,Dakhla Airport,MA,Dakhla
VIN,Havryshivka Vinnytsia International Airport,UA,Vinnytsya
VIP,PAYERNE Airport,CH,Payerne
VIQ,Viqueque,TL,Viqueque
VIR,Virginia,ZA,Durban
VIS,Visalia,US,Goshen
VIT,Vitoria Airport,ES,Salvatierra
VIU,Viru Harbour Airstrip,SB,Gizo
VIV,Vivigani,PG,
VIX,Eurico de Aguiar Salles Airport,BR,Vila Velha
VIY,Villa Coublay,FR,Velizy-Villacoublay
VJB,Xai Xai,MZ,Xai-Xai
VJI,Virginia Highlands,US,Abingdon
VJQ,Gurue,MZ,Mutuali
VKG,Rach Gia Airport,VN,Rach Gia
VKO,Vnukovo Airport,RU,Vnukovo
VKS,Vicksburg,US,Vicksburg
VKT,Vorkuta Airport,RU,Vorkuta
VKV,Vaskovo Airport,RU,Arkhangelsk
VKW,West Kavik,US,
VLA,Vandalia,US,Vandalia
VLC,Valencia Airport,ES,
VLD,Valdosta Regional Airport,US,Valdosta
VLE,J t Robidoux,US,Grand Canyon Village
VLG,Villa Gesell,AR,Mar del Plata
VLI,Bauerfield Airport,VU,
VLK,Volgodonsk,RU,Tsimlyansk
VLL,Valladolid Airport,ES,Villanubla
VLM,Villamontes,BO,Villamontes
VLN,Arturo Michelena International Airport,VE,Los Guayos
VLO,Stolport,US,Vallejo
VLP,Vila Rica,BR,Conceicao do Araguaia
VLR,Vallenar,CL,Vallenar
VLS,Valesdir,VU,Port-Vila
VLU,Velikiye Luki,RU,Velikiye Luki
VLV,Carvajal,VE,Valera
VLY,Anglesey Airport,GB,Valley
VME,Villa Mercedes,AR,Villa Mercedes
VMI,INC,PY,Porto Murtinho
VMU,Baimuru,PG,
VNA,Saravane,LA,Salavan
VNC,Venice Municipalcipal,US,South Venice
VND,Vangaindrano,MG,Vangaindrano
VNE,Meucon,FR,Vannes
VNG,Viengxay,LA,Vangviang
VNO,Vilnius International Airport,LT,Naujamiestis
VNR,Vanrook,AU,
VNS,Lal Bahadur Shastri International Airport,IN,Baragaon
VNT,Ventspils International Airport,LV,
VNX,Vilanculos Airport,MZ,Maxixe
VNY,Van Nuys Airport,US,Northridge
VOD,Vodochody,CZ,
VOG,Volgograd International Airport,RU,Gumrak
VOH,Vohemar,MG,Sambava
VOI,Voinjama,LR,Voinjama
VOK,Volk Field,US,New Lisbon
VOL,Nea Anchialos,GR,Nea Ionia
VOT,Votuporanga,BR,Votuporanga
VOZ,Voronezh Airport,RU,Podgornoye
VPE,Ondjiva,AO,Ondjiva
VPG,Vipingo,KE,Takaungu
VPN,Vopnafjordur,IS,Egilsstadir
VPS,Destin Fort Walton Beach Airport,US,Eglin Village
VPY,Chimoio Airport,MZ,Chimoio
VPZ,Porter County,US,Valparaiso
VQQ,Cecil Field,US,Jacksonville
VQS,Antonio Rivera Rodriguez Airport,PR,Esperanza
VRA,Juan Gualberto Gomez Airport,CU,Matanzas
VRB,Vero Beach Municipal Airport,US,Vero Beach
VRC,Virac Airport,PH,Calatagan
VRE,Vredendal,ZA,Vredendal
VRI,Varandey,RU,Parma
VRK,Varkaus,FI,Varkaus
VRL,Vila Real Airport,PT,Vila Real
VRN,Verona Villafranca Airport,IT,Dossobuono
VRO,Kawama,CU,Varadero
VRS,Versailles,US,Versailles
VRU,Vryburg,ZA,Vryburg
VRY,Stolport (Not operational),NO,Sorland
VRZ,Lavras Airport,BR,Lavras
VSA,Carlos Rovirosa Perez International Airport,MX,El Bajio
VSE,Viseu Airport,PT,Viseu
VSF,State,US,Springfield
VSG,Lugansk,UA,Luhansk
VSK,Vista Field,US,Kennewick
VSO,Phuoclong,VN,Thi Tran Phuoc Long
VST,Vasteras/Hasslo Airport,SE,Vasteras
VSV,Shravasti Airport,IN,Shravasti
VTA,Victoria,HN,Las Vegas
VTB,Vitebsk,BY,Vitebsk
VTE,Wattay International Airport,LA,Si Chiang Mai
VTF,Vatulele,FJ,Nadi
VTG,Vung Tau,VN,Vung Tau
VTL,Vittel,FR,Vittel
VTM,Nevatim AFB,IL,Dimona
VTN,Miller Field,US,Valentine
VTU,Las Tunas,CU,Las Tunas
VTZ,Vishakhapatnam Airport,IN,Gajuwaka
VUP,Valledupar Airport,CO,Valledupar
VUS,Velikij Ustyug Airport,RU,Velikiy Ustyug
VUU,Mvuu Camp,MW,Blantyre
VVB,Mahanoro,MG,Mahanoro
VVC,La Vanguardia Airport,CO,Villavicencio
VVI,Viru Viru International Airport,BO,La Belgica
VVK,Vastervik,SE,Vaestervik
VVN,Malvinas,PE,Pangoa
VVO,Vladivostok International Airport,RU,Artem
VVZ,Illizi Airport,DZ,Illizi
VXC,Lichinga Airport,MZ,Lichinga
VXE,Cesaria Evora International Airport,CV,Mindelo
VXO,Vaxjo Airport,SE,Vaexjoe
VYD,Vryheid,ZA,Vryheid
VYI,Vilyuisk,RU,Vilyuysk
VYS,Illinois Valley Regnl,US,Peru
WAA,Wales Airport,US,
WAB,Wabag,PG,
WAC,Waca,ET,Areka
WAD,Andriamena,MG,
WAE,Wadi Ad Dawasir Airport,SA,As Sulayyil
WAF,Wana,PK,Wana
WAG,Wanganui Airport,NZ,Wanganui
WAH,Wahpeton,US,Wahpeton
WAI,Antsohihy,MG,
WAJ,Wawoi Falls,PG,
WAK,Ankazoabo,MG,Ankazoabo
WAL,Wallops Flight Center,US,Chincoteague
WAM,Ambatondrazaka,MG,Ambatondrazaka
WAN,Waverney,AU,
WAO,Wabo,PG,Ihu
WAP,Alto Palena,CL,Palena
WAQ,Antsalova,MG,
WAR,Waris,ID,Banda
WAT,Waterford,IE,Waterford
WAU,Wauchope,AU,Port Macquarie
WAV,Kalkgurung,AU,
WAW,Frederic Chopin Airport,PL,Wlochy
WAX,Zuwarah,LY,Zuwarah
WAY,Greene County,US,Waynesboro
WAZ,Warwick,AU,Warwick
WBA,Wahai,ID,Wahai
WBB,Stebbins Airport,US,
WBC,Wapolu,PG,
WBD,Befandriana,MG,
WBE,Bealanana,MG,Bealanana
WBG,Schleswig-jagel,DE,Jagel
WBI,Broker Inn,US,
WBK,Community,US,West Branch
WBM,Wapenamanda Airport,PG,
WBN,Cummings Park,US,Woburn
WBO,Beroroha,MG,
WBQ,Beaver,US,Fairbanks
WBR,Big Rapids,US,Big Rapids
WBU,Boulder Municipal,US,
WBW,Wilkes-Barre/Wyoming Valley,US,Wilkes-Barre
WCA,Gamboa,CL,Castro
WCD,Carosue Dam Airport,AU,Stoneville
WCH,Chaiten,CL,Chaiten
WCR,Chandalar,US,Ester
WDA,Wadi Ain,YE,Al Hajab
WDB,Deep Bay,US,
WDG,Enid Woodring Mun.,US,Enid
WDH,Hosea Kutako International Airport,NA,
WDI,Wondai,AU,Wondai
WDN,Waldron Island,US,
WDR,Winder,US,Winder
WDS,Shiyan Wudangshan Airport,CN,Luancheng
WDY,Kodiak Fss,US,Kodiak
WEA,Parker County,US,Weatherford
WED,Wedau,PG,
WEF,Weifang Airport,CN,Weifang
WEH,Weihai International Airport,CN,Dashuipo
WEI,Weipa Airport,AU,Weipa
WEL,Welkom,ZA,Welkom
WEP,Weam,PG,Kwikila
WES,Weasua Airport,LR,Bopolu
WET,Wagethe,ID,Bomomani
WEW,Wee Waa,AU,Narrabri
WFB,Waterfront SPB,US,
WFD,Woodford,GB,Adlington
WFI,Fianarantsoa,MG,Fianarantsoa
WFK,Frenchville,US,Madawaska
WGA,Wagga Wagga Airport,AU,Forest Hill
WGB,Bahawalnagar,PK,Bahawalnagar
WGC,Warangal,IN,Warangal
WGE,Walgett,AU,Lightning Ridge
WGN,Waitangi,NZ,Dargaville
WGO,Winchester Regional,US,Winchester
WGP,Waingapu Airport,ID,Mangga Dua
WGT,Wangaratta,AU,Wangaratta
WGU,Wagau,PG,
WGY,Wagny,GA,Acurenam
WHA,Wuhu Xuanzhou Airport,CN,Xinfeng
WHB,Eliwana Airport,AU,Eliwana
WHD,SPB,US,
WHF,Wadi Halfa,SD,Abu Sunbul
WHH,Hiltons Har H,US,
WHK,Whakatane Airport,NZ,Whakatane
WHL,Welshpool,AU,Morwell
WHN,Wuhan Hannan General Airport,CN,Wuhan
WHO,Franz Josef,NZ,Hokitika
WHP,Whiteman,US,Los Angeles
WHS,Whalsay,GB,Shetland
WHT,Wharton,US,Wharton
WHU,Wuhu,CN,Jinghu
WIB,Wilbarger County,US,Pekanbaru
WIC,Wick Airport,GB,Wick
WIE,Air Base,DE,Wiesbaden
WIK,Surfdale,NZ,Pakuranga
WIL,Wilson Airport,KE,Nairobi
WIN,Winton Airport,AU,Hughenden
WIO,Wilcannia,AU,Broken Hill
WIR,Wairoa,NZ,Wairoa
WIT,Wittenoom,AU,
WIU,Witu,PG,Kimbe
WJA,Woja,MH,Airuk
WJF,William J Fox,US,Lancaster
WJR,Wajir Airport,KE,Wajir
WJU,Wonju Airport,KR,Wonju
WKA,Wanaka,NZ,Wanaka
WKB,Warracknabeal,AU,Horsham
WKF,Waterkloof AFB,ZA,Colesberg
WKI,Hwange,ZW,Hwange
WKJ,Hokkaido Airport,JP,Makubetsu
WKK,Aleknagik,US,
WKL,Waikoloa Airport,US,Kalaoa
WKN,Wakunai,PG,Arawa
WKR,Walker's Cay,BS,High Rock
WLA,Wallal,AU,
WLB,Labouchere Bay,US,
WLC,Walcha,AU,Enmore
WLD,Arkansas City,US,Winfield
WLE,Miles Airport,AU,Westcourt
WLG,Wellington International Airport,NZ,Wellington
WLH,Walaha,VU,Saratamata
WLK,Selawik Airport,US,
WLL,Wollogorang,AU,Mount Isa
WLM,Waltham,US,Waltham
WLN,Little Naukati,US,
WLO,Waterloo,AU,
WLP,West Angelas Airport,AU,Tom Price
WLR,Loring,US,
WLS,Wallis Island Airport,WF,Mata-Utu
WLW,Glenn County,US,Rancho Tehama Reserve
WMA,Mandritsara,MG,Antsirabe Afovoany
WMB,Warrnambool,AU,Warrnambool
WMC,Winnemucca,US,Winnemucca
WMD,Mandabe,MG,Beroroha
WME,Mount Keith,AU,
WMH,Mountain Home,US,Mountain Home
WMI,Warsaw-Modlin Airport,PL,Zakroczym
WMK,SPB,US,
WML,Malaimbandy,MG,
WMN,Maroantsetra,MG,Maroantsetra
WMO,White Mountain Airport,US,Nome
WMP,Mampikony,MG,Tsaratanana
WMR,Mananara,MG,Mananara
WMT,Zunyi Maotai Airport,CN,Daba
WMV,Madirovalo,MG,Ambato Boeny
WMX,Wamena Airport,ID,Wurigelebur
WNA,Napakiak Sea Plane Base,US,
WNC,Naukati Bay SPB,US,
WND,Windarra,AU,
WNE,Wora Na Ye,GA,Omboue
WNH,Wenshan Puzhehei Airport,CN,Wenshan City
WNI,Matahora Airport,ID,Katabu
WNN,Wunnummin Lake Airport,CA,
WNP,Naga Airport,PH,San Agustin
WNR,Windorah,AU,
WNS,Nawabshah,PK,Nawabshah
WNU,Wanuma,PG,Madang
WNZ,Wenzhou Longwan International Airport,CN,Qidu
WOA,Wonenara,PG,
WOD,Wood River,US,Wood River
WOE,Woensdrecht,NL,Woensdrecht
WOG,Woodgreen Airport,AU,
WOK,Wonken,VE,Santa Elena de Uairen
WOL,Wollongong,AU,Albion Park Rail
WON,Wondoola,AU,
WOO,Woodchopper,US,
WOR,Moramba,MG,
WOS,Wonsan,KP,
WOT,Wonan,TW,Ma-kung
WOW,Willow,US,Willow
WPA,Puerto Aisen,CL,Puerto Aisen
WPB,Port Berge,MG,Antsohihy
WPC,Pincher Creek,CA,
WPK,Wrotham Park,AU,Mareeba
WPL,Powell Lake,CA,
WPM,Wipim,PG,
WPO,North Fork Valley,US,Paonia
WPR,Porvenir,CL,Punta Arenas
WPU,Puerto Williams,CL,Ushuaia
WRA,Warder,ET,Dhuusamarreeb
WRB,Robins AFB,US,Centerville
WRE,Whangarei Airport,NZ,Whangarei
WRG,Wrangell Airport,US,
WRH,Wrench Creek,US,
WRI,Mc Guire AFB,US,Groveville
WRL,Worland Municipalcipal,US,Worland
WRN,Windarling Airport,AU,Merredin
WRO,Wroclaw Airport,PL,Smolec
WRT,Warton Aerodrome,GB,Warton
WRW,Warrawagine,AU,Port Hedland
WRY,Westray Airport,GB,Kirkwall
WRZ,Wirawila,LK,Tangalla
WSA,Wasua,PG,Daru
WSB,SPB,US,Virginia City
WSD,Condron AAF,US,White Sands
WSF,Sarichef,US,Akutan
WSG,County,US,Washington
WSH,Brookhaven,US,Mastic Beach
WSJ,San Juan SPB,US,Kodiak Station
WSK,Chongqing Wushan Airport,CN,Quchi
WSM,Wiseman,US,Nuiqsut
WSN,South Naknek,US,Dillingham
WSO,Washabo,SR,Skeldon
WSP,Waspam,NI,Waspam
WSQ,Uxin Banner Galutu Airport,CN,
WSR,Wasior,ID,Wasior
WST,Westerly State,US,Westerly
WSU,Wasu,PG,Lae
WSX,Westsound,US,Friday Harbor
WSY,Whitsunday Airstrip,AU,Proserpine
WSZ,Westport Airport,NZ,Westport
WTA,Tambohorano,MG,Maintirano
WTB,Toowoomba Wellcamp Airport,AU,Westbrook
WTC,World Trade Center,US,
WTD,West End,BS,West End
WTE,Wotje Island,MH,Wotje
WTK,Noatak,US,Kotzebue
WTL,Tuntutuliak,US,
WTN,Waddington RAF Station,GB,Waddington
WTO,Wotho Island,MH,Wotho
WTP,Woitape,PG,Kokoda
WTR,White River,US,Whiteriver
WTS,Tsiroanomandidy,MG,Tsiroanomandidy
WTT,Wantoat,PG,Kainantu
WTX,Way Tuba Gatot Subroto Airport,ID,Lampung
WTZ,Whitianga,NZ,Whitianga
WUA,Wuhai Airport,CN,Wuhai
WUD,Wudinna,AU,Caralue
WUG,Wau,PG,
WUH,Wuhan Tianhe International Airport,CN,
WUI,Murrin Murrin Airport,AU,Kalgoorlie
WUM,Wasum,PG,Kandrian
WUN,Wiluna,AU,
WUS,Wuyishan Airport,CN,Xingtian
WUT,Xinzhou Wutaishan Airport,CN,Jinchang
WUU,Wau,SS,Wau
WUV,Wuvulu Island,PG,Aitape
WUX,Sunan Shuofang International Airport,CN,Shuofang
WUZ,Changzhoudao,CN,Longxu
WVB,Rooikop Airport,NA,Walvis Bay
WVI,Watsonville,US,Watsonville
WVK,Manakara,MG,Manakara
WVL,Robert Lafleur,US,Oakland
WVN,Wilhelmshaven,DE,Wilhelmshaven
WWA,Wasilla,US,Wasilla
WWD,Cape May County,US,Erma
WWI,Woodie Woodie,AU,
WWK,Boram Airport,PG,Wewak
WWP,Whale Pass,US,Petersburg
WWR,West Woodward,US,Woodward
WWT,Newtok,US,Hooper Bay
WWY,West Wyalong,AU,West Wyalong
WXN,Wanxian Airport,CN,Wuqiao
WYA,Whyalla Airport,AU,Whyalla
WYB,SPB,US,
WYE,Yengema,SL,Motema
WYN,Wyndham,AU,Kununurra
WYS,Yellowstone Airport,US,West Yellowstone
WZA,Wa Airport,GH,Wa
WZQ,Urad Middle Banner,CN,Haliut
WZY,Paradise Island Seaplane Base,BS,Nassau
XAA,Yerevan Stadium,AM,Yerevan
XAI,Xinyang Minggang Airport,CN,Minggang
XAL,Alamos,MX,Alamos
XAP,Chapeco Airport,BR,Chapeco
XAR,Aribinda,BF,Deou
XAU,Saul,GF,Camopi
XAY,Xayabury,LA,Con Cuong
XBB,Blubber Bay,CA,
XBE,Bearskin Lake,CA,
XBG,Bogande,BF,Bogande
XBJ,Birjand Airport,IR,Birjand
XBL,Buno Bedelle,ET,Bedele
XBN,Biniguni,PG,Alotau
XBO,Boulsa,BF,Boulsa
XBR,Brockville,CA,Brockville
XBW,Killineq,CA,Aylmer
XCH,Christmas Island Airport,CX,Flying Fish Cove
XCL,Cluff Lake,CA,
XCM,Chatham,CA,Walpole Island
XCN,Coron Airport,PH,Coron
XCO,Colac,AU,Colac
XCR,Chalons Vatry Airport,FR,Mailly-le-Camp
XDE,Diebougou,BF,Diebougou
XDJ,Djibo,BF,Djibo
XEN,Xingcheng,CN,Kuancheng
XEO,Harbour,GL,
XEQ,Harbour,GL,Nanortalik
XES,Lake Geneva Aire Estates Airport,US,Lake Geneva
XEX,Aerogare,FR,Torcy
XFN,Xiangyang Airport,CN,Shuanggou
XFW,Hamburg Finkenwerder Airport,DE,Isernhagen Farster Bauerschaft
XFZ,Charny,CA,Breakeyville
XGA,Gaoua,BF,Gaoua
XGG,Gorom-Gorom,BF,Gorom-Gorom
XGL,Granville Lake,CA,
XGN,Xangongo,AO,Outapi
XGR,Kangiqsualujjuaq Airport,CA,
XHN,"Guillemins, Raiway Stn",BE,Liege
XIC,Xichang Airport,CN,Xichang
XIE,Xienglom,LA,Chaloem Phra Kiat
XIG,Xinguara,BR,Sao Geraldo do Araguaia
XIJ,Ahmed Al Jaber,KW,Al Ahmadi
XIL,Xilinhot Airport,CN,Xilin Hot
XIN,Xingning,CN,Shejiang
XIQ,Harbour,GL,Ilulissat
XIY,Xianyang International Airport,CN,Dizhang
XJD,Al Udeid AB,QA,Ar Rayyan
XJH,Hong Kong Harbour,HK,Wan Chai
XJM,Mangla Airport,PK,Jhelum
XKA,Kantchari,BF,Diapaga
XKH,Xieng Khouang Airport,LA,Muang Phonsavan
XKO,Kemano,CA,
XKS,Kasabonika,CA,
XKY,Kaya,BF,Kaya
XLB,Lac Brochet,CA,
XLF,Leaf Bay,CA,
XLO,Long Xuyen,VN,Lap Vo
XLS,St Louis,SN,Saint-Louis
XLU,Leo,BF,Leo
XLW,Lemwerder,DE,Lemwerder
XMA,Maramag,PH,Maramag
XMC,Mallacoota,AU,Eden
XMD,Madison,US,Madison
XMG,Mahendranagar,NP,Banbasa
XMH,Manihi,PF,Tiarei
XMI,Masasi,TZ,Masasi
XML,Minlaton,AU,Honiton
XMN,Xiamen Gaoqi International Airport,CN,Yingcun
XMP,Macmillan Pass,CA,
XMS,Macas,EC,Macas
XMY,Yam Island,AU,Thursday Island
XNA,Northwest Arkansas Regional,US,Cave Springs
XNG,Quang Ngai,VN,Quang Ngai
XNH,Nasiriyah Airport,IQ,An Nasiriyah
XNN,Xining Caojiabao Airport,CN,Gaozhai
XNT,Xingtai,CN,Xingtai
XNU,Nouna,BF,Nouna
XNY,39th Street Ferry,US,Weehawken
XOF,Stratford International Rail Station,GB,
XPA,Pama,BF,Pama
XPK,Pukatawagan,CA,
XPL,Coronel Enrique Soto Cano AB,HN,Comayagua
XPP,Poplar River,CA,
XPR,Pine Ridge,US,Pine Ridge
XPU,West Kuparuk,US,Prudhoe Bay
XPZ,Harbour,FR,Saint-Tropez
XQP,Quepos Airport,CR,Quepos
XQU,Qualicum,CA,Parksville
XRH,Richmond AFB,AU,Richmond
XRQ,Xinbarag Youqi Baogede Airport,CN,Hulun
XRR,Ross River,CA,
XRY,Jerez Airport,ES,
XSB,Sir Bani Yas Island Airport,AE,
XSC,International,TC,Cockburn Town
XSD,Test Range,US,Tonopah
XSE,Sebba,BF,Sebba
XSI,South Indian Lake,CA,
XSM,St Marys,US,Leonardtown
XSO,Siocon,PH,Siocon
XSP,Seletar,SG,
XTG,Thargomindah,AU,Bourke
XTL,Tadoule Lake,CA,
XTO,Taroom,AU,Taroom
XTR,Tara,AU,Chinchilla
XTT,Etoile,FR,Paris
XUZ,Xuzhou Guanyin Airport,CN,Suicheng
XVL,Vinh Long,VN,Vinh Long
XWA,Williston Basin International Airport,US,Williston
XWZ,Nykoping,SE,Nykoping
XXK,Katrineholm,SE,Katrineholm
XYA,Yandina,SB,Honiara
XYE,Ye,MM,Sangkhla Buri
XYP,Avesta Krylbo,SE,
XYR,Yellow River,PG,Ubrub
XZA,Zabre,BF,Po
YAA,Anahim Lake,CA,
YAB,Arctic Bay,CA,
YAC,Cat Lake,CA,
YAD,Moose Lake,CA,
YAE,Alta Lake,CA,
YAF,Asbestos Hill,CA,Asbestos
YAG,Fort Frances Municipal Airport,CA,International Falls
YAH,Lagrande 4,CA,
YAI,Chillan,CL,Chillan
YAJ,Lyall Harbour,CA,
YAK,Yakutat Airport,US,
YAL,Alert Bay,CA,
YAM,Sault Ste Marie Airport,CA,Sault Ste Marie
YAN,Yangambi,CD,Yangambi
YAO,Yaounde Airport,CM,Yaounde
YAP,Yap International Airport,FM,Colonia
YAQ,Maple Bay,CA,
YAR,Lagrande 3,CA,Chapais
YAS,Yasawa Island,FJ,Ba
YAT,Attawapiskat,CA,
YAU,Kattiniq/donaldson,CA,
YAV,Miners Bay,CA,
YAW,Shearwater,CA,Dartmouth
YAX,Angling Lake Airport,CA,
YAY,St Anthony,CA,Lewisporte
YAZ,Tofino Airport,CA,
YBA,Banff,CA,Banff
YBB,Kugaaruk,CA,
YBC,Baie-Comeau Airport,CA,Baie-Comeau
YBD,New Westminster,CA,New Westminster
YBE,Uranium City,CA,
YBF,Bamfield,CA,
YBG,Saguenay-Bagotville Airport,CA,
YBH,Bull Harbour,CA,
YBI,Black Tickle,CA,
YBJ,Baie Johan Beetz,CA,
YBK,Baker Lake,CA,
YBL,Campbell River Airport,CA,
YBM,Bronson Creek,CA,
YBN,Borden,CA,Summerside
YBO,Bob Quinn Lake,CA,Ketchikan
YBP,Yibin Caiba Airport,CN,Yibin
YBQ,Telegraph Harbour,CA,
YBR,Brandon Municipal Airport,CA,Brandon
YBS,Musselwhite,CA,
YBT,Brochet,CA,
YBV,Berens River Airport,CA,
YBW,Springbank,CA,
YBX,Blanc Sablon,CA,
YBY,Bonnyville,CA,Bonnyville
YCA,Courtenay,CA,
YCB,Cambridge Bay Airport,CA,
YCC,Regional,CA,Cornwall
YCD,Nanaimo Airport,CA,
YCE,Centralia,CA,South Huron
YCF,Cortes Bay,CA,
YCG,Castlegar Airport,CA,Castlegar
YCH,Miramichi,CA,Miramichi
YCI,Caribou Island,CA,
YCJ,Cape St James,CA,
YCK,Colville Lake,CA,
YCL,Charlo,CA,Carleton-sur-Mer
YCM,Niagara District Airport,CA,Niagara-on-the-Lake
YCN,Cochrane,CA,
YCO,Kugluktuk Airport,CA,
YCQ,Chetwynd,CA,
YCR,Cross Lake,CA,
YCS,Chesterfield Inlet,CA,
YCT,Coronation,CA,Hanna
YCU,Yuncheng Airport,CN,Yuncheng
YCV,Cartierville,CA,
YCW,Chilliwack Municipalcipal Airport,CA,Chilliwack
YCX,Gagetown,CA,
YCY,Clyde River,CA,
YCZ,Fairmont Hot Springs,CA,Invermere
YDA,Dawson City Airport,CA,
YDB,Burwash Landings,CA,
YDC,Industrial Airport,CA,Drayton Valley
YDE,Paradise River,CA,
YDF,Deer Lake Regional Airport,CA,
YDG,Digby,CA,Digby
YDH,Daniels Harbour,CA,
YDI,Davis Inlet,CA,
YDJ,Hatchet Lake,CA,
YDK,Main Duck Island,CA,
YDL,Dease Lake,CA,
YDN,Dauphin,CA,Dauphin
YDO,St Methode,CA,Dolbeau-Mistassini
YDP,Nain,CA,
YDQ,Dawson Creek,CA,Dawson Creek
YDR,Broadview,CA,Esterhazy
YDS,Desolation Sound,CA,
YDT,Boundary Bay Airport,CA,
YDU,Kasba Lake,CA,
YDV,Bloodvein,CA,
YDW,Obre Lake,CA,
YDX,Doc Creek,CA,
YEB,Bar River,CA,Sault Ste. Marie
YEC,Yecheon,KR,Mungyeong
YED,Namao Field,CA,
YEG,Edmonton International Airport,CA,Leduc
YEH,Yinchuan Helanshan Airport,CN,Yinchuan
YEI,Yenisehir Airport,TR,Hamzabey
YEK,Arviat,CA,
YEL,Elliot Lake,CA,
YEM,East Manitoulin,CA,Little Current
YEN,Estevan,CA,Estevan
YEO,Yeovilton,GB,Sherborne
YEP,Estevan Point,CA,
YEQ,Yenkis,PG,Wabag
YER,Fort Severn,CA,
YES,Yasouj,IR,Yasuj
YET,Edson,CA,Edson
YEU,Eureka,CA,
YEV,Inuvik Mike Zubko Airport,CA,
YEY,Amos,CA,Amos
YFA,Fort Albany,CA,
YFB,Iqaluit Airport,CA,
YFC,Fredericton International Airport,CA,Oromocto
YFE,Forestville,CA,Forestville
YFG,Fontanges,CA,
YFH,Fort Hope,CA,
YFI,Firebag,CA,
YFJ,Snare Lake,CA,
YFL,Fort Reliance,CA,
YFO,Flin Flon Airport,CA,
YFR,Fort Resolution,CA,
YFS,Fort Simpson,CA,
YFX,Fox Harbour (St Lewis),CA,
YGA,Gagnon,CA,
YGB,Gillies Bay,CA,
YGC,Grande Cache,CA,Grande Cache
YGE,Gorge Harbor,CA,
YGG,Ganges Harbor,CA,North Cowichan
YGH,Fort Good Hope,CA,
YGJ,Miho Airport,JP,Sakaiminato
YGK,Kingston/Norman Rogers Airport,CA,
YGL,La Grande Airport,CA,
YGM,Gimli,CA,
YGN,Greenway Sound,CA,
YGO,Gods Lake Narrows Airport,CA,
YGP,Michel-Pouliot Gaspe Airport,CA,Gaspe
YGQ,Geraldton,CA,
YGR,Iles De La Madeleine,CA,Souris
YGS,Germansen,CA,
YGT,Igloolik Airport,CA,
YGV,Havre St Pierre,CA,
YGW,Kuujjuarapik Airport,CA,
YGX,Gillam,CA,
YGY,Deception,CA,
YGZ,Grise Fiord,CA,
YHA,Port Hope Simpson,CA,
YHB,Hudson Bay,CA,Hudson Bay
YHC,Hakai Pass,CA,
YHD,Dryden Regional Airport,CA,
YHE,Hope,CA,Hope
YHF,Hearst,CA,
YHG,Charlottetown,CA,
YHH,Harbor SPB,CA,
YHI,Holman,CA,
YHJ,Nanchang Yaohu Airport,CN,
YHK,Gjoa Haven Airport,CA,
YHM,Hamilton Airport,CA,Ancaster
YHN,Hornepayne,CA,
YHO,Hopedale,CA,
YHP,Poplar Hill,CA,
YHR,Chevery,CA,
YHS,Sechelt,CA,
YHT,Haines Junction,CA,Haines Junction
YHU,St. Hubert Airport,CA,
YHY,Hay River,CA,
YHZ,Halifax Stanfield International Airport,CA,Cole Harbour
YIA,Yogyakarta International Airport,ID,Srandakan
YIB,Atikokan,CA,
YIC,Yichun Mingyueshan Airport,CN,Hutian
YIE,Arxan Yiershi Airport,CN,Wenquan
YIF,Pakuashipi,CA,
YIG,Big Bay Marina,CA,
YIH,Yichang Sanxia Airport,CN,Yunchi
YIK,Ivujivik,CA,
YIN,Yining Airport,CN,Dadamtu
YIO,Pond Inlet Airport,CA,
YIP,Willow Run Airport,US,Belleville
YIV,Island Lake Airport,CA,
YIW,Yiwu Airport,CN,Yiwu
YJA,Jasper Airport,CA,Jasper Park Lodge
YJF,Fort Liard,CA,
YJN,St Jean,CA,Saint-Jean-sur-Richelieu
YJO,Johnny Mountain,CA,
YJP,Jasper-hinton,CA,Hinton
YJS,Samjiyon,KP,Changbai
YJT,Stephenville,CA,Stephenville
YKA,Kamloops Airport,CA,Kamloops
YKC,Collins Bay,CA,Kingston
YKD,Township Airport,CA,Wingham
YKE,Knee Lake,CA,
YKF,Region of Waterloo International Airport,CA,Cambridge
YKG,Kangirsuk Airport,CA,
YKH,Yingkou Lanqi Airport,CN,Qingshiling
YKI,Kennosao Lake,CA,Uuemoisa
YKJ,Key Lake,CA,
YKK,Kitkatla,CA,
YKL,Schefferville Airport,CA,
YKM,Yakima Air Terminal,US,Yakima
YKN,Chan Gurney,US,Yankton
YKO,Hakkari–Yüksekova Airport,TR,Yuksekova
YKQ,Waskaganish Airport,CA,
YKS,Yakutsk Airport,RU,Markha
YKT,Klemtu,CA,
YKU,Chisasibi,CA,
YKX,Kirkland Lake,CA,Kirkland Lake
YKY,Kindersley,CA,Kindersley
YKZ,Buttonville Municipalcipal,CA,Richmond Hill
YLA,Langara,CA,Craig
YLB,Lac Biche,CA,Lac La Biche
YLC,Kimmirut,CA,
YLD,Chapleau,CA,Thessalon
YLE,Wha Ti,CA,
YLF,LaForges,CA,
YLG,Yalgoo,AU,Melville
YLH,Lansdowne House,CA,
YLI,Ylivieska,FI,Ylivieska
YLJ,Meadow Lake,CA,
YLK,Lake Simcoe Regional,CA,Barrie
YLL,Lloydminster,CA,Lloydminster
YLM,Clinton Creek,CA,
YLN,Yilan,CN,Yinglan
YLO,Shilo,CA,Carberry
YLP,Mingan,CA,
YLQ,La Tuque,CA,La Tuque
YLR,Leaf Rapids,CA,
YLS,Lebel-Sur-Quevillon,CA,
YLT,Alert,CA,Upernavik
YLV,Yevlakh Airport,AZ,Yevlakh
YLW,Kelowna International Airport,CA,Kelowna
YLX,Long Point,CA,
YLY,Langley Regional,CA,Langley
YMA,Mayo,CA,
YMB,Merritt,CA,Merritt
YMC,Maricourt Airstrip,CA,
YMD,Mould Bay,CA,
YME,Matane,CA,Matane
YMF,Montagne Harbor,CA,Point Roberts
YMG,Manitouwadge,CA,
YMH,Mary's Harbour,CA,
YMI,Minaki,CA,Warroad
YMJ,Moose Jaw / Air Vice Marshal C. M. Mcewen Airport,CA,Moose Jaw
YMK,Mys-Kamenny,RU,Mys-Kamennyy
YML,Charlevoix,CA,La Malbaie
YMM,Fort McMurray International Airport,CA,Fort McMurray
YMN,Makkovik Airport,CA,
YMO,Moosonee,CA,Iroquois Falls
YMP,Port McNeil,CA,
YMR,Merry Island,CA,
YMS,Yurimaguas,PE,Yurimaguas
YMT,Chibougamau Airport,CA,Chibougamau
YMU,Mansons Landing SPB,CA,
YMV,Mary River,CA,Clyde River
YMW,Maniwaki,CA,Maniwaki
YMX,Mirabel International Airport,CA,Mirabel
YNA,Natashquan,CA,
YNB,Yanbu Airport,SA,Yanbu` al Bahr
YNC,Wemindji,CA,
YND,Gatineau Airport,CA,
YNE,Norway House Airport,CA,
YNF,Deer Lake/Stephenville,CA,
YNG,Youngstown,US,Howland Center
YNH,Hudson Hope,CA,Chetwynd
YNI,Nitchequon,CA,Fermont
YNJ,Yanji Chaoyangchuan Airport,CN,
YNK,Nootka Sound,CA,
YNL,Points North Landing,CA,
YNM,Matagami,CA,
YNN,Yandi,AU,
YNO,North Spirit Lake,CA,
YNP,Natuashish Airport,CA,
YNR,Arnes,CA,
YNS,Nemiscau Airport,CA,Lebel-sur-Quevillon
YNT,Yantai Laishan International Airport,CN,Laishan
YNX,Snap Lake,CA,
YNY,Yangyang Airport,KR,Sokcho
YNZ,Yancheng Nanyang International Airport,CN,Yulong
YOA,Ekati,CA,
YOC,Old Crow,CA,Dawson City
YOD,Cold Lake,CA,Cold Lake
YOE,Falher,CA,Falher
YOG,Ogoki,CA,
YOH,Oxford House,CA,
YOI,Opinaca,CA,
YOJ,Footner Lake Airport,CA,
YOK,Yokohama,JP,Minami-rinkan
YOL,Yola Airport,NG,Jimeta
YON,Yongphulla Airport,BT,Trashigang
YOO,Oshawa,CA,Oshawa
YOP,Rainbow Lake,CA,High Level
YOS,Billy Bishop Regional,CA,
YOT,Yotvata,IL,Al Quwayrah
YOW,Ottawa/Macdonald-Cartier International Airport,CA,
YOY,Valcartier,CA,Newport
YPA,Glass Field,CA,Prince Albert
YPB,Port Alberni,CA,
YPC,Paulatuk,CA,
YPD,Parry Sound,CA,Parry Sound
YPE,Peace River,CA,Peace River
YPG,Portage La Prairie,CA,Portage la Prairie
YPH,Inukjuak,CA,
YPI,Port Simpson,CA,
YPJ,Aupaluk Airport,CA,
YPL,Pickle Lake,CA,
YPM,Pikangikum,CA,
YPN,Port Menier,CA,
YPO,Peawanuck,CA,
YPP,Pine Point,CA,Hay River
YPQ,Peterborough,CA,Peterborough
YPR,Digby Island Airport,CA,
YPS,Port Hawkesbury,CA,
YPT,Pender Harbor,CA,Sechelt
YPW,Powell River,CA,Powell River
YPX,Puvirnituq,CA,
YPY,Fort Chipewyan Airport,CA,
YPZ,Burns Lake,CA,Burns Lake
YQA,Muskoka,CA,Bracebridge
YQB,Quebec City Jean Lesage International Airport,CA,L'Ancienne-Lorette
YQC,Quaqtaq,CA,
YQD,Clearwater,CA,The Pas
YQE,Kimberley,CA,Kimberley
YQF,Red Deer Regional Airport,CA,Penhold
YQG,Windsor International Airport,CA,Windsor
YQH,Watson Lake,CA,Watson Lake
YQI,Yarmouth,CA,Yarmouth
YQJ,April Point SPB,CA,
YQK,Kenora Airport,CA,Baudette
YQL,Lethbridge Airport,CA,Lethbridge
YQM,Greater Moncton International Airport,CA,Dieppe
YQN,Nakina,CA,
YQQ,Comox Airport,CA,Courtenay
YQR,Regina International Airport,CA,Regina
YQS,Pembroke Area Municipalcipal,CA,St. Thomas
YQT,Thunder Bay International Airport,CA,
YQU,Grande Prairie Airport,CA,Grande Prairie
YQV,Yorkton,CA,Yorkton
YQW,North Battleford,CA,North Battleford
YQX,Gander International Airport,CA,Gambo
YQY,Sydney Airport,CA,Glace Bay
YQZ,Quesnel Airport,CA,Quesnel
YRA,Rae Lakes,CA,
YRB,Resolute Bay Airport,CA,
YRC,Refuge Cove SPB,CA,Saguenay
YRD,Dean River,CA,Houston
YRE,Resolution Island,CA,
YRF,Cartwright,CA,
YRG,Rigolet,CA,
YRI,Riviere Du Loup,CA,Riviere-du-Loup
YRJ,Roberval,CA,Roberval
YRL,Red Lake Airport,CA,
YRM,Rocky Mountain House,CA,Rocky Mountain House
YRN,Rivers Inlet,CA,
YRO,Rockcliffe St,CA,Gatineau
YRQ,Trois-Rivieres,CA,Sainte-Catherine
YRR,Stuart Island,CA,
YRS,Red Sucker Lake,CA,
YRT,Rankin Inlet Airport,CA,
YRV,Revelstoke,CA,Revelstoke
YSA,Sable Island,CA,Port Hawkesbury
YSB,Sudbury Airport,CA,Greater Sudbury
YSC,Sherbrooke,CA,Sherbrooke
YSD,Suffield,CA,Bow Island
YSE,Squamish,CA,
YSF,Stony Rapids,CA,
YSG,Lutselke,CA,
YSH,Smith Falls,CA,Smiths Falls
YSI,Sans Souci,CA,
YSJ,Saint John Airport,CA,Saint John
YSK,Sanikiluaq Airport,CA,
YSL,St Leonard,CA,Saint-Leonard
YSM,Fort Smith Airport,CA,Fort Smith
YSN,Salmon Arm,CA,Salmon Arm
YSO,Postville Airport,CA,
YSP,Marathon,CA,
YSQ,Spring Island,CA,Sandwick
YSR,Nanisivik,CA,
YSS,Slate Island,CA,Mascot
YST,Ste Therese Point,CA,
YSU,Summerside,CA,Corner Brook
YSV,Saglek,CA,
YSX,Shearwater,CA,
YSY,Sachs Harbour,CA,
YSZ,Squirrel Cove,CA,
YTA,Pembroke And Area Airport,CA,
YTB,Hartley Bay,CA,
YTC,Sturdee Valley Airport,CA,Sturdee
YTD,Thicket Portage,CA,
YTE,Cape Dorset,CA,
YTF,Alma,CA,Alma
YTG,Sullivan Bay,CA,Campbell River
YTH,Thompson,CA,
YTI,Triple Island,CA,
YTJ,Terrace Bay,CA,Marathon
YTK,Tulugak,CA,
YTL,Big Trout,CA,
YTM,La Macaza,CA,Riviere-Rouge
YTN,Riviere Au Tonnerre,CA,
YTP,Seaplane Base,CA,Ucluelet
YTQ,Tasiujuaq Airport,CA,
YTR,Trenton,CA,Quinte West
YTS,Timmins Victor M. Power Airport,CA,Timmins
YTT,Tisdale,CA,Tisdale
YTU,Tasu,CA,Port Alberni
YTW,Yutian Wanfang Airport,CN,
YTX,Telegraph Creek,CA,Wrangell
YTY,Yangzhou Taizhou Airport,CN,Dinggou
YTZ,Toronto City Centre Airport,CA,Toronto
YUA,Yuanmou,CN,Yuanmou
YUB,Tuktoyaktuk,CA,Inuvik
YUD,Umiujaq,CA,
YUE,Yuendumu,AU,Alice Springs
YUK,Syunik Airport,AM,Kapan
YUL,Montreal-Pierre Elliott Trudeau International Airport,CA,Dorval
YUM,Yuma International Airport,US,Yuma
YUS,Yushu Batang Airport,CN,
YUT,Repulse Bay,CA,
YUX,Hall Beach,CA,
YUY,Rouyn-Noranda Airport,CA,Rouyn-Noranda
YVA,Iconi,KM,Oussivo
YVB,Bonaventure,CA,Bonaventure
YVC,La Ronge,CA,
YVD,Yeva,PG,Wau
YVE,Vernon Regional Airport,CA,Vernon
YVG,Vermilion,CA,Vermilion
YVM,Qikiqtarjuaq,CA,
YVN,Cape Dyer,CA,
YVO,Val-d'Or Airport,CA,Val-d'Or
YVP,Kuujjuaq Airport,CA,
YVQ,Norman Wells,CA,
YVR,Vancouver International Airport,CA,Richmond
YVT,Buffalo Narrows,CA,Meadow Lake
YVV,Wiarton/Keppel Airport,CA,Owen Sound
YVZ,Deer Lake,CA,
YWA,Petawawa,CA,
YWB,Kangiqsujuaq Airport,CA,
YWF,Downtown Waterfront Heliport,CA,Halifax
YWG,Winnipeg James Armstrong Richardson International Airport,CA,Winnipeg
YWH,Victoria Inner Harbour Airport,CA,Victoria
YWJ,Deline,CA,
YWK,Wabush Airport,CA,
YWL,Williams Lake Airport,CA,
YWM,Williams Harbour,CA,
YWN,Winisk,CA,Hearst
YWO,Lupin,CA,Kugluktuk
YWP,Webequie,CA,Greenstone
YWQ,Chute-Des-Passes,CA,Pont Rouge
YWR,White River,CA,
YWS,Whistler,CA,
YWY,Wrigley,CA,
YXC,Canadian Rockies International Airport,CA,Cranbrook
YXD,Edmonton City Centre (Blatchford Field) Airport,CA,Edmonton
YXE,Saskatoon International Airport,CA,Saskatoon
YXF,Snake River,CA,
YXH,Medicine Hat Regional Airport,CA,Medicine Hat
YXI,Killaloe,CA,Petawawa
YXJ,North Peace Regional Airport,CA,
YXK,Rimouski,CA,Rimouski
YXL,Sioux Lookout Airport,CA,Dryden
YXN,Whale Cove,CA,
YXP,Pangnirtung Airport,CA,Pangnirtung
YXQ,Beaver Creek,CA,Tok
YXR,Earlton,CA,Englehart
YXS,Prince George Airport,CA,Prince George
YXT,Northwest Regional Airport,CA,
YXU,London International Airport,CA,Dorchester
YXX,Abbotsford Airport,CA,Sumas
YXY,Whitehorse Airport,CA,
YXZ,Wawa Airport,CA,Hornepayne
YYA,Big Bay Yacht Club,CA,Whistler
YYB,Jack Garland Airport,CA,North Bay
YYC,Calgary International Airport,CA,Calgary
YYD,Smithers Airport,CA,Smithers
YYE,Northern Rockies Regional Airport,CA,Fort Nelson
YYF,Penticton Airport,CA,Penticton
YYG,Charlottetown Airport,CA,Charlottetown
YYH,Taloyoak,CA,Gjoa Haven
YYI,Rivers,CA,Rivers
YYJ,Victoria International Airport,CA,North Saanich
YYL,Lynn Lake,CA,
YYM,Cowley,CA,Pincher Creek
YYN,Swift Current,CA,Swift Current
YYQ,Churchill Airport,CA,
YYR,Goose Bay Airport,CA,Happy Valley-Goose Bay
YYT,St. John's International Airport,CA,Torbay
YYU,Kapuskasing Airport,CA,
YYW,Armstrong,CA,Thunder Bay
YYY,Mont Joli Airport,CA,Mont-Joli
YYZ,Pearson International Airport,CA,Etobicoke
YZA,Ashcroft,CA,Ashcroft
YZC,Beatton River,CA,Fort St. John
YZE,Gore Bay,CA,Elliot Lake
YZF,Yellowknife Airport,CA,Yellowknife
YZG,Salluit,CA,Iqaluit
YZH,Slave Lake,CA,Slave Lake
YZM,Buchans,CA,Deer Lake
YZP,Sandspit Airport,CA,
YZR,Sarnia Airport,CA,Sarnia
YZS,Coral Harbour Airport,CA,Rankin Inlet
YZT,Port Hardy Airport,CA,
YZU,Whitecourt,CA,Whitecourt
YZV,Sept-Iles Airport,CA,Sept-Iles
YZW,Teslin,CA,
YZX,Greenwood,CA,
YZY,Zhangye Ganzhou Airport,CN,Dongle
YZZ,Trail Regional Airport,CA,Fruitvale
ZAA,Alice Arm,CA,Terrace
ZAC,York Landing,CA,
ZAD,Zadar Airport,HR,Galovac
ZAG,Zagreb International Airport,HR,Micevec
ZAH,Zahedan Airport,IR,Zahedan
ZAJ,Zaranj,AF,Zaranj
ZAL,Pichoy Airport,CL,Valdivia
ZAM,Zamboanga International Airport,PH,Zamboanga
ZAO,Laberandie,FR,Cahors
ZAR,Zaria,NG,Zaria
ZAT,Zhaotong Airport,CN,Zhaotong
ZAZ,Zaragoza Airport,ES,Utebo
ZBE,Dolni Benesov,CZ,Zabreh
ZBF,Bathurst Airport,CA,Bathurst
ZBK,Zabljak,ME,Zabljak
ZBL,Biloela,AU,Biloela
ZBM,Bromont,CA,Granby
ZBO,Bowen,AU,Bowen
ZBR,Chah-Bahar Airport,IR,Konarak
ZBU,Aarhus Limo,DK,
ZBY,Sayaboury,LA,Sainyabuli
ZCL,La Calera Airport,MX,Zacatecas
ZCO,La Araucanía International Airport,CL,Temuco
ZDY,Delma Island Airport,AE,
ZEC,Secunda,ZA,Deneysville
ZEG,Senggo,ID,Eci
ZEL,Bella Bella Airport,CA,
ZEM,East Main,CA,Matagami
ZEN,Zenag,PG,Bulolo
ZER,Zero,IN,Ziro
ZFA,Faro,CA,Whitehorse
ZFB,Old Fort Bay,CA,
ZFD,Fond-du-Lac Airport,CA,Fond du Lac
ZFL,South Trout Lake,CA,
ZFM,Fort Mcpherson,CA,Fort McPherson
ZFN,Tulita,CA,Norman Wells
ZFU,Aruja,BR,Aruja
ZFW,Fairview,CA,Fairview
ZFZ,Buffalo Depew Rr,US,
ZGF,Grand Forks,CA,Grand Forks
ZGI,Gods River Airport,CA,
ZGL,South Galway,AU,Innamincka
ZGM,Ngoma,ZM,Namwala
ZGR,Little Grand Rapids,CA,Lac du Bonnet
ZGS,Gethsemani,CA,
ZGU,Gaua,VU,Sola
ZGY,Kuching Port,MY,Gurun
ZHA,Zhanjiang Airport,CN,Haitou
ZHI,Grenchen,CH,Grenchen
ZHM,Shamshernagar,BD,Kailashahar
ZHP,High Prairie,CA,High Prairie
ZHY,Zhongwei Airport,CN,
ZIA,Zhukovsky International Airport,RU,Zhukovskiy
ZIC,Victoria,CL,Victoria
ZIE,Harbour (Eolie Island),IT,Santa Marina Salina
ZIG,Ziguinchor,SN,Ziguinchor
ZIH,Ixtapa/Zihuatanejo Internacional Airport,MX,Colonia Aeropuerto
ZIP,Harbour (Eolie Island),IT,Emtmannsberg
ZIS,Alzintan Airport,LY,Az Zintan
ZIX,Zhigansk Airport,RU,Zhigansk
ZIZ,Zamzama,PK,Johi
ZJG,Jenpeg,CA,Thompson
ZJN,Swan River,CA,Swan River
ZJT,Tanjung Pelepas Port,MY,Pekan Nenas
ZKB,Kasaba Bay,ZM,Mpulungu
ZKE,Kaschechewan,CA,Kapuskasing
ZKG,Kegaska,CA,Havre-Saint-Pierre
ZKL,Steenkool,ID,Bintuni
ZKM,Sette Cama,GA,Gamba
ZKP,Zyryanka Airport,RU,Zyryanka
ZLG,El Gouera,HU,Nouadhibou
ZLO,Manzanillo Airport,MX,Manzanillo
ZLT,La Tabatiere,CA,
ZLW,Pasir Gudang Port,MY,Kampung Pasir Gudang Baru
ZLX,Zalingei Airport,SD,Zalingei
ZMD,Sena Madureira,BR,Sena Madureira
ZMH,South Cariboo Regional Airport,CA,Williams Lake
ZML,Milwaukee General Mitchell,US,Milwaukee
ZMM,Zamora,MX,Fraccionamiento Monte Olivo
ZMT,Masset Airport,CA,Metlakatla
ZMY,Harbour,CN,Meicheng
ZNA,Nanaimo Harbour,CA,Ladysmith
ZNC,Nyac,US,Bethel
ZND,Zinder,NE,Zinder
ZNE,Newman Airport,AU,Newman
ZNU,Namu,CA,
ZNZ,Zanzibar International Airport,TZ,Zanzibar
ZOF,Ocean Falls,CA,Kitimat
ZOS,Canal Bajo Airport,CL,Osorno
ZPB,Sachigo Lake Airport,CA,
ZPC,Pucon,CL,San Martin de los Andes
ZPH,Zephyrhills,US,Zephyrhills
ZPO,Pine House,CA,La Ronge
ZQF,Fohren,DE,Bekond
ZQN,Queenstown Airport,NZ,Queenstown
ZQS,Queen Charlotte Island,CA,
ZQW,Zweibruecken Airport,DE,
ZQZ,Zhangjiakou Ningyuan Airport,CN,Zhangjiakou
ZRH,Zurich Airport,CH,Glattbrugg / Rohr/Platten-Balsberg
ZRI,Serui,ID,Serui
ZRJ,Round Lake Airport,CA,Ear Falls
ZRM,Sarmi,ID,Sarmi
ZSA,San Salvador Airport,BS,Cockburn Town
ZSE,St Pierre dela Reunion,RE,Saint-Pierre
ZSJ,Sandy Lake,CA,
ZSP,St Paul,CA,Saint-Antonin
ZSS,Sassandra,CI,Sassandra
ZST,Stewart,CA,
ZSW,Seal Cove,CA,Prince Rupert
ZTA,Tureira,PF,Rikitea
ZTB,Tete-a-La Baleine,CA,Saint-Augustin
ZTH,Zakinthos Airport,GR,Ambelokipoi
ZTM,Shamattawa Airport,CA,Red Lake
ZTR,Zhitomir Airport,UA,Zhytomyr
ZTS,Tahsis,CA,Tofino
ZTU,Zaqatala,AZ,Zaqatala
ZUC,Ignace,CA,Atikokan
ZUD,Ancud,CL,Ancud
ZUH,Zhuhai Jinwan Airport,CN,Sanzao
ZUL,Zilfi,SA,Az Zulfi
ZUM,Churchill Falls,CA,Labrador City
ZVA,Miandrivazo,MG,Miandrivazo
ZVG,Springvale,AU,Halls Creek
ZVK,Savannakhet,LA,Savannakhet
ZWA,Andapa,MG,Andapa
ZWL,Wollaston Lake,CA,Flin Flon
ZWR,Kota Kinabalu Port,MY,Kota Kinabalu
ZXT,Heydar Aliyev,AZ,Zabrat
ZYD,Lisbon TP,PT,Langtou
ZYF,Faro TP,PT,Faro
ZYI,Zunyi Xinzhou Airport,CN,Zunyi
ZYL,Civil Airport,BD,Sylhet
ZZE,Zangilan International Airport,AZ,Karabakh
ZZN,Nationaltheatret RailS,NO,Oslo
ZZO,Zonalnoye,RU,Tymovskoye
ZZU,Mzuzu,MW,Mzuzu
ZZV,Zanesville,US,Zanesville